1.4,1.6,1.4,1.2,1.6,1.4
1.4,1.6,1.4,1.36,1.6,1.4
1.4,1.6,1.4,1.36,1.45,1.4
1.4,1.6,1.55,1.36,1.45,1.4
1.4,1.6,1.55,1.47,1.45,1.4
1.4,1.6,1.55,1.47,1.36,1.4
1.4,1.2,1.55,1.47,1.36,1.4
1.55,1.2,1.55,1.47,1.36,1.4
1.55,1.2,1.44,1.47,1.36,1.4
1.55,1.2,1.44,1.47,1.36,1.05
1.55,1.2,1.44,1.47,1.47,1.05
1.44,1.2,1.44,1.47,1.47,1.05
1.44,1.2,1.44,1.47,1.54,1.05
1.44,1.2,1.44,1.47,1.54,1.24
1.37,1.2,1.44,1.47,1.54,1.24
1.37,1.2,1.44,1.47,1.6,1.24
1.37,1.2,1.44,1.47,1.64,1.24
1.37,1.2,1.44,1.47,1.68,1.24
1.31,1.2,1.44,1.47,1.68,1.24
1.31,1.2,1.44,1.47,1.71,1.24
1.31,1.2,1.44,1.47,1.71,1.37
1.31,1.2,1.44,1.47,1.73,1.37
1.31,1.2,1.44,1.47,1.75,1.37
1.31,1.2,1.44,1.47,1.77,1.37
1.27,1.2,1.44,1.47,1.77,1.37
1.24,1.2,1.44,1.47,1.77,1.37
1.24,1.2,1.44,1.47,1.79,1.37
1.24,1.2,1.44,1.47,1.8,1.37
1.24,1.2,1.44,1.47,1.8,1.46
1.24,1.2,1.44,1.47,1.81,1.46
1.24,1.2,1.44,1.47,1.82,1.46
1.22,1.2,1.44,1.47,1.82,1.46
1.2,1.2,1.44,1.47,1.82,1.46
1.2,1.2,1.44,1.26,1.82,1.46
1.2,1.2,1.44,1.26,1.78,1.46
1.2,1.2,1.44,1.35,1.78,1.46
1.2,1.2,1.44,1.35,1.74,1.46
1.2,1.2,1.53,1.35,1.74,1.46
1.2,1.2,1.53,1.35,1.7,1.46
1.2,1.2,1.6,1.35,1.7,1.46
1.2,1.2,1.65,1.35,1.7,1.46
1.2,1.2,1.69,1.35,1.7,1.46
1.2,1.2,1.72,1.35,1.7,1.46
1.2,1.2,1.74,1.35,1.7,1.46
1.2,1.2,1.74,1.35,1.67,1.46
1.2,1.2,1.77,1.35,1.67,1.46
1.2,1.2,1.78,1.35,1.67,1.46
1.2,1.2,1.78,1.42,1.67,1.46
1.2,1.2,1.78,1.48,1.67,1.46
1.2,1.2,1.8,1.48,1.67,1.46
1.2,1.2,1.8,1.48,1.64,1.46
1.2,1.2,1.8,1.48,1.62,1.46
1.2,1.2,1.8,1.53,1.62,1.46
1.2,1.2,1.81,1.53,1.62,1.46
1.2,1.2,1.81,1.56,1.62,1.46
1.2,1.2,1.82,1.56,1.62,1.46
1.2,1.2,1.82,1.56,1.59,1.46
1.2,1.2,1.82,1.56,1.57,1.46
1.2,1.2,1.82,1.56,1.55,1.46
1.2,1.2,1.82,1.56,1.53,1.46
1.2,1.2,1.82,1.6,1.53,1.46
1.2,1.2,1.82,1.6,1.51,1.46
1.2,1.2,1.82,1.6,1.49,1.46
1.2,1.2,1.82,1.6,1.48,1.46
1.2,1.2,1.82,1.6,1.46,1.46
1.2,1.2,1.83,1.6,1.46,1.46
1.2,1.2,1.83,1.6,1.45,1.46
1.2,0.96,1.83,1.6,1.45,1.46
1.27,0.96,1.83,1.6,1.45,1.46
1.32,0.96,1.83,1.6,1.45,1.46
1.37,0.96,1.83,1.6,1.45,1.46
1.41,0.96,1.83,1.6,1.45,1.46
1.45,0.96,1.83,1.6,1.45,1.46
1.45,0.96,1.79,1.6,1.45,1.46
1.45,0.96,1.75,1.6,1.45,1.46
1.45,0.96,1.71,1.6,1.45,1.46
1.48,0.96,1.71,1.6,1.45,1.46
1.51,0.96,1.71,1.6,1.45,1.46
1.54,0.96,1.71,1.6,1.45,1.46
1.54,1.13,1.71,1.6,1.45,1.46
1.54,1.26,1.71,1.6,1.45,1.46
1.56,1.26,1.71,1.6,1.45,1.46
1.58,1.26,1.71,1.6,1.45,1.46
1.58,1.35,1.71,1.6,1.45,1.46
1.6,1.35,1.71,1.6,1.45,1.46
1.62,1.35,1.71,1.6,1.45,1.46
1.63,1.35,1.71,1.6,1.45,1.46
1.63,1.35,1.68,1.6,1.45,1.46
1.63,1.35,1.64,1.6,1.45,1.46
1.65,1.35,1.64,1.6,1.45,1.46
1.65,1.35,1.62,1.6,1.45,1.46
1.66,1.35,1.62,1.6,1.45,1.46
1.66,1.35,1.59,1.6,1.45,1.46
1.66,1.35,1.59,1.6,1.45,1.27
1.64,1.35,1.59,1.6,1.45,1.27
1.64,1.35,1.59,1.6,1.46,1.27
1.64,1.35,1.59,1.6,1.48,1.27
1.61,1.35,1.59,1.6,1.48,1.27
1.59,1.35,1.59,1.6,1.48,1.27
1.59,1.35,1.59,1.6,1.48,1.35
1.59,1.35,1.59,1.6,1.49,1.35
1.59,1.35,1.59,1.6,1.51,1.35
1.59,1.35,1.59,1.6,1.52,1.35
1.59,1.35,1.59,1.6,1.53,1.35
1.57,1.35,1.59,1.6,1.53,1.35
1.57,1.35,1.59,1.6,1.54,1.35
1.57,1.35,1.59,1.6,1.54,1.42
1.57,1.35,1.59,1.6,1.56,1.42
1.55,1.35,1.59,1.6,1.56,1.42
1.55,1.35,1.59,1.6,1.57,1.42
1.55,1.35,1.59,1.6,1.58,1.42
1.54,1.35,1.59,1.6,1.58,1.42
1.52,1.35,1.59,1.6,1.58,1.42
1.51,1.35,1.59,1.6,1.58,1.42
1.51,1.35,1.59,1.6,1.59,1.42
1.51,1.35,1.59,1.6,1.6,1.42
1.51,1.35,1.59,1.6,1.6,1.47
1.49,1.35,1.59,1.6,1.6,1.47
1.48,1.35,1.59,1.6,1.6,1.47
1.46,1.35,1.59,1.6,1.6,1.47
1.46,1.35,1.59,1.6,1.6,1.51
1.46,1.35,1.59,1.6,1.6,1.51
1.46,1.35,1.59,1.6,1.61,1.51
1.46,1.35,1.59,1.6,1.62,1.51
1.46,1.35,1.59,1.6,1.63,1.51
1.46,1.35,1.59,1.6,1.63,1.55
1.46,1.35,1.59,1.6,1.64,1.55
1.46,1.35,1.59,1.6,1.64,1.58
1.46,1.35,1.59,1.6,1.64,1.58
1.46,1.35,1.59,1.6,1.64,1.61
1.46,1.35,1.59,1.6,1.65,1.61
1.46,1.35,1.59,1.6,1.65,1.64
1.45,1.35,1.59,1.6,1.65,1.64
1.45,1.35,1.59,1.6,1.65,1.66
1.45,1.35,1.59,1.6,1.65,1.56
1.44,1.35,1.59,1.6,1.65,1.56
1.43,1.35,1.59,1.6,1.65,1.56
1.43,1.35,1.59,1.6,1.66,1.56
1.42,1.35,1.59,1.6,1.66,1.56
1.41,1.35,1.59,1.6,1.66,1.56
1.4,1.35,1.59,1.6,1.66,1.56
1.4,1.35,1.59,1.6,1.66,1.56
1.4,1.35,1.59,1.6,1.67,1.56
1.4,1.35,1.59,1.6,1.67,1.59
1.39,1.35,1.59,1.6,1.67,1.59
1.38,1.35,1.59,1.6,1.67,1.59
1.37,1.35,1.59,1.6,1.67,1.59
1.37,1.35,1.59,1.6,1.67,1.59
1.37,1.35,1.59,1.6,1.68,1.59
1.37,1.35,1.59,1.6,1.68,1.59
1.37,1.35,1.59,1.6,1.69,1.59
1.36,1.35,1.59,1.6,1.69,1.59
1.36,1.35,1.59,1.6,1.69,1.59
1.35,1.35,1.59,1.6,1.69,1.59
1.34,1.35,1.59,1.6,1.69,1.59
1.34,1.35,1.59,1.48,1.69,1.59
1.34,1.35,1.59,1.48,1.68,1.59
1.34,1.35,1.59,1.48,1.67,1.59
1.34,1.35,1.59,1.52,1.67,1.59
1.34,1.35,1.61,1.52,1.67,1.59
1.34,1.35,1.62,1.52,1.67,1.59
1.34,1.35,1.64,1.52,1.67,1.59
1.34,1.35,1.64,1.52,1.66,1.59
1.34,1.35,1.65,1.52,1.66,1.59
1.34,1.35,1.66,1.52,1.66,1.59
1.34,1.35,1.66,1.55,1.66,1.59
1.34,1.35,1.66,1.57,1.66,1.59
1.34,1.35,1.66,1.6,1.66,1.59
1.34,1.35,1.66,1.62,1.66,1.59
1.34,1.35,1.66,1.62,1.65,1.59
1.34,1.35,1.66,1.62,1.64,1.59
1.34,1.35,1.66,1.62,1.63,1.59
1.34,1.35,1.66,1.64,1.63,1.59
1.34,1.35,1.66,1.64,1.62,1.59
1.34,1.35,1.67,1.64,1.62,1.59
1.34,1.35,1.68,1.64,1.62,1.59
1.34,1.35,1.68,1.64,1.61,1.59
1.34,1.35,1.69,1.64,1.61,1.59
1.34,1.35,1.7,1.64,1.61,1.59
1.34,1.35,1.71,1.64,1.61,1.59
1.34,1.35,1.72,1.64,1.61,1.59
1.34,1.35,1.72,1.64,1.6,1.59
1.34,1.35,1.72,1.66,1.6,1.59
1.34,1.35,1.72,1.66,1.59,1.59
1.34,1.35,1.72,1.67,1.59,1.59
1.34,1.35,1.73,1.67,1.59,1.59
1.34,1.35,1.73,1.67,1.58,1.59
1.34,1.2,1.73,1.67,1.58,1.59
1.34,1.28,1.73,1.67,1.58,1.59
1.36,1.28,1.73,1.67,1.58,1.59
1.37,1.28,1.73,1.67,1.58,1.59
1.38,1.28,1.73,1.67,1.58,1.59
1.38,1.28,1.71,1.67,1.58,1.59
1.38,1.28,1.69,1.67,1.58,1.59
1.38,1.34,1.69,1.67,1.58,1.59
1.38,1.34,1.67,1.67,1.58,1.59
1.38,1.34,1.65,1.67,1.58,1.59
1.38,1.34,1.65,1.67,1.58,1.51
1.37,1.34,1.65,1.67,1.58,1.51
1.37,1.34,1.65,1.67,1.58,1.51
1.36,1.34,1.65,1.67,1.58,1.51
1.35,1.34,1.65,1.67,1.58,1.51
1.35,1.34,1.65,1.67,1.59,1.51
1.35,1.34,1.65,1.67,1.59,1.51
1.35,1.34,1.65,1.67,1.6,1.51
1.35,1.34,1.65,1.67,1.6,1.51
1.35,1.34,1.65,1.67,1.6,1.51
1.35,1.34,1.65,1.67,1.61,1.51
1.35,1.34,1.65,1.67,1.62,1.51
1.34,1.34,1.65,1.67,1.62,1.51
1.34,1.34,1.65,1.6,1.62,1.51
1.34,1.34,1.66,1.6,1.62,1.51
1.34,1.34,1.67,1.6,1.62,1.51
1.34,1.34,1.68,1.6,1.62,1.51
1.34,1.34,1.68,1.6,1.61,1.51
1.34,1.34,1.68,1.6,1.6,1.51
1.34,1.34,1.68,1.6,1.59,1.51
1.34,1.34,1.69,1.6,1.59,1.51
1.34,1.34,1.69,1.6,1.59,1.51
1.34,1.34,1.7,1.6,1.59,1.51
1.34,1.34,1.71,1.6,1.59,1.51
1.34,1.34,1.71,1.6,1.59,1.51
1.34,1.34,1.71,1.61,1.59,1.51
1.34,1.34,1.71,1.63,1.59,1.51
1.34,1.34,1.71,1.64,1.59,1.51
1.34,1.34,1.71,1.64,1.58,1.51
1.34,1.34,1.71,1.66,1.58,1.51
1.34,1.34,1.72,1.66,1.58,1.51
1.34,1.34,1.72,1.66,1.58,1.51
1.34,1.34,1.72,1.66,1.57,1.51
1.34,1.34,1.72,1.66,1.56,1.51
1.34,1.34,1.72,1.66,1.56,1.51
1.34,1.34,1.72,1.67,1.56,1.51
1.34,1.34,1.72,1.68,1.56,1.51
1.34,1.34,1.73,1.68,1.56,1.51
1.34,1.34,1.73,1.68,1.56,1.51
1.34,1.34,1.73,1.68,1.55,1.51
1.34,1.34,1.73,1.68,1.55,1.51
1.34,1.34,1.73,1.68,1.54,1.51
1.34,1.34,1.73,1.68,1.54,1.51
1.34,1.34,1.73,1.68,1.53,1.51
1.34,1.34,1.73,1.68,1.53,1.51
1.34,1.34,1.74,1.68,1.53,1.51
1.34,1.34,1.74,1.69,1.53,1.51
1.34,1.34,1.74,1.69,1.53,1.51
1.34,1.34,1.75,1.69,1.53,1.51
1.34,1.34,1.75,1.69,1.52,1.51
1.34,1.34,1.75,1.69,1.51,1.51
1.34,1.34,1.75,1.7,1.51,1.51
1.34,1.34,1.75,1.7,1.51,1.51
1.34,1.34,1.75,1.7,1.51,1.51
1.34,1.34,1.76,1.7,1.51,1.51
1.34,1.34,1.76,1.7,1.5,1.51
1.34,1.23,1.76,1.7,1.5,1.51
1.35,1.23,1.76,1.7,1.5,1.51
1.35,1.29,1.76,1.7,1.5,1.51
1.36,1.29,1.76,1.7,1.5,1.51
1.37,1.29,1.76,1.7,1.5,1.51
1.37,1.34,1.76,1.7,1.5,1.51
1.38,1.34,1.76,1.7,1.5,1.51
1.39,1.34,1.76,1.7,1.5,1.51
1.39,1.34,1.74,1.7,1.5,1.51
1.39,1.39,1.74,1.7,1.5,1.51
1.39,1.42,1.74,1.7,1.5,1.51
1.39,1.34,1.74,1.7,1.5,1.51
1.4,1.34,1.74,1.7,1.5,1.51
1.4,1.38,1.74,1.7,1.5,1.51
1.41,1.38,1.74,1.7,1.5,1.51
1.41,1.38,1.73,1.7,1.5,1.51
1.41,1.41,1.73,1.7,1.5,1.51
1.41,1.41,1.72,1.7,1.5,1.51
1.41,1.41,1.71,1.7,1.5,1.51
1.41,1.41,1.7,1.7,1.5,1.51
1.41,1.41,1.7,1.7,1.5,1.44
1.41,1.41,1.7,1.7,1.5,1.44
1.41,1.41,1.7,1.65,1.5,1.44
1.41,1.41,1.7,1.65,1.5,1.44
1.41,1.41,1.7,1.65,1.49,1.44
1.41,1.41,1.7,1.65,1.49,1.44
1.41,1.41,1.7,1.65,1.48,1.44
1.41,1.41,1.7,1.66,1.48,1.44
1.41,1.41,1.7,1.66,1.48,1.44
1.41,1.41,1.7,1.66,1.48,1.44
1.41,1.41,1.7,1.67,1.48,1.44
1.41,1.41,1.7,1.67,1.47,1.44
1.41,1.41,1.7,1.67,1.47,1.44
1.41,1.41,1.7,1.68,1.47,1.44
1.41,1.41,1.7,1.68,1.46,1.44
1.41,1.41,1.7,1.68,1.46,1.44
1.41,1.41,1.7,1.68,1.45,1.44
1.41,1.41,1.7,1.68,1.45,1.44
1.41,1.41,1.7,1.68,1.45,1.44
1.41,1.41,1.7,1.69,1.45,1.44
1.41,1.41,1.7,1.69,1.44,1.44
1.41,1.41,1.7,1.69,1.44,1.44
1.41,1.41,1.71,1.69,1.44,1.44
1.41,1.41,1.71,1.69,1.44,1.44
1.41,1.41,1.71,1.69,1.43,1.44
1.41,1.34,1.71,1.69,1.43,1.44
1.41,1.34,1.69,1.69,1.43,1.44
1.41,1.34,1.69,1.69,1.43,1.37
1.41,1.34,1.69,1.69,1.44,1.37
1.41,1.34,1.69,1.69,1.44,1.37
1.4,1.34,1.69,1.69,1.44,1.37
1.39,1.34,1.69,1.69,1.44,1.37
1.39,1.34,1.69,1.69,1.44,1.37
1.38,1.34,1.69,1.69,1.44,1.37
1.38,1.34,1.69,1.69,1.44,1.4
1.38,1.34,1.69,1.69,1.44,1.4
1.38,1.34,1.69,1.69,1.45,1.4
1.38,1.34,1.69,1.69,1.45,1.42
1.38,1.34,1.69,1.69,1.45,1.42
1.37,1.34,1.69,1.69,1.45,1.42
1.37,1.34,1.69,1.69,1.45,1.42
1.36,1.34,1.69,1.69,1.45,1.42
1.36,1.34,1.69,1.69,1.45,1.45
1.36,1.34,1.69,1.69,1.46,1.45
1.36,1.34,1.69,1.69,1.46,1.47
1.36,1.34,1.69,1.69,1.46,1.41
1.36,1.34,1.69,1.69,1.46,1.41
1.36,1.34,1.69,1.69,1.46,1.41
1.35,1.34,1.69,1.69,1.46,1.41
1.35,1.34,1.69,1.69,1.46,1.41
1.35,1.34,1.69,1.69,1.47,1.41
1.35,1.34,1.69,1.69,1.47,1.43
1.35,1.34,1.69,1.69,1.47,1.43
1.34,1.34,1.69,1.69,1.47,1.43
1.34,1.34,1.69,1.69,1.48,1.43
1.34,1.34,1.69,1.69,1.48,1.43
1.34,1.34,1.69,1.69,1.48,1.45
1.34,1.34,1.69,1.69,1.49,1.45
1.34,1.34,1.69,1.69,1.49,1.45
1.34,1.34,1.69,1.69,1.49,1.45
1.34,1.34,1.69,1.69,1.49,1.47
1.34,1.34,1.69,1.69,1.49,1.47
1.34,1.34,1.69,1.69,1.5,1.47
1.34,1.34,1.69,1.69,1.5,1.47
1.34,1.34,1.69,1.69,1.51,1.47
1.34,1.34,1.69,1.69,1.51,1.49
1.34,1.34,1.69,1.69,1.51,1.49
1.34,1.34,1.69,1.69,1.51,1.5
1.34,1.34,1.69,1.69,1.51,1.5
1.34,1.34,1.69,1.69,1.51,1.5
1.34,1.34,1.69,1.65,1.51,1.5
1.34,1.34,1.7,1.65,1.51,1.5
1.34,1.34,1.7,1.65,1.51,1.5
1.34,1.34,1.7,1.65,1.51,1.5
1.34,1.34,1.7,1.65,1.51,1.5
1.34,1.34,1.7,1.66,1.51,1.5
1.34,1.34,1.7,1.67,1.51,1.5
1.34,1.34,1.7,1.67,1.5,1.5
1.34,1.27,1.7,1.67,1.5,1.5
1.34,1.27,1.7,1.67,1.5,1.5
1.34,1.31,1.7,1.67,1.5,1.5
1.34,1.34,1.7,1.67,1.5,1.5
1.34,1.34,1.69,1.67,1.5,1.5
1.34,1.36,1.69,1.67,1.5,1.5
1.34,1.31,1.69,1.67,1.5,1.5
1.35,1.31,1.69,1.67,1.5,1.5
1.35,1.31,1.68,1.67,1.5,1.5
1.36,1.31,1.68,1.67,1.5,1.5
1.37,1.31,1.68,1.67,1.5,1.5
1.37,1.31,1.68,1.67,1.5,1.5
1.37,1.31,1.67,1.67,1.5,1.5
1.37,1.31,1.66,1.67,1.5,1.5
1.37,1.31,1.66,1.67,1.5,1.46
1.37,1.31,1.66,1.67,1.51,1.46
1.37,1.31,1.66,1.67,1.51,1.46
1.37,1.31,1.66,1.67,1.51,1.46
1.36,1.31,1.66,1.67,1.51,1.46
1.36,1.31,1.66,1.67,1.51,1.47
1.36,1.31,1.66,1.67,1.51,1.47
1.36,1.31,1.66,1.67,1.51,1.47
1.36,1.31,1.66,1.67,1.52,1.47
1.36,1.31,1.66,1.67,1.52,1.47
1.36,1.31,1.66,1.67,1.52,1.47
1.36,1.31,1.66,1.67,1.52,1.49
1.36,1.31,1.66,1.67,1.52,1.49
1.35,1.31,1.66,1.67,1.52,1.49
1.35,1.31,1.66,1.67,1.53,1.49
1.35,1.31,1.66,1.67,1.53,1.49
1.35,1.31,1.66,1.67,1.53,1.49
1.35,1.31,1.66,1.67,1.53,1.5
1.35,1.31,1.66,1.67,1.53,1.5
1.34,1.31,1.66,1.67,1.53,1.5
1.34,1.31,1.66,1.67,1.53,1.5
1.34,1.31,1.66,1.67,1.53,1.52
1.34,1.31,1.66,1.67,1.53,1.52
1.34,1.31,1.66,1.67,1.54,1.52
1.34,1.31,1.66,1.67,1.54,1.53
1.34,1.31,1.66,1.67,1.54,1.53
1.34,1.31,1.66,1.67,1.54,1.54
1.34,1.31,1.66,1.67,1.54,1.5
1.34,1.31,1.66,1.67,1.54,1.5
1.33,1.31,1.66,1.67,1.54,1.5
1.33,1.31,1.66,1.67,1.54,1.5
1.33,1.31,1.66,1.67,1.54,1.5
1.32,1.31,1.66,1.67,1.54,1.5
1.32,1.31,1.66,1.67,1.54,1.5
1.32,1.31,1.66,1.67,1.55,1.5
1.32,1.31,1.66,1.67,1.55,1.5
1.32,1.31,1.66,1.67,1.55,1.5
1.32,1.31,1.66,1.67,1.55,1.5
1.32,1.31,1.66,1.67,1.56,1.5
1.32,1.31,1.66,1.67,1.56,1.51
1.32,1.31,1.66,1.67,1.56,1.51
1.31,1.31,1.66,1.67,1.56,1.51
1.31,1.31,1.66,1.67,1.56,1.51
1.31,1.31,1.66,1.63,1.56,1.51
1.31,1.31,1.66,1.63,1.55,1.51
1.31,1.31,1.67,1.63,1.55,1.51
1.31,1.31,1.67,1.63,1.55,1.51
1.31,1.31,1.67,1.63,1.55,1.51
1.31,1.31,1.68,1.63,1.55,1.51
1.31,1.31,1.68,1.63,1.55,1.51
1.31,1.31,1.68,1.63,1.55,1.51
1.31,1.31,1.69,1.63,1.55,1.51
1.31,1.31,1.69,1.64,1.55,1.51
1.31,1.31,1.69,1.64,1.55,1.51
1.31,1.31,1.69,1.64,1.55,1.51
1.31,1.31,1.7,1.64,1.55,1.51
1.31,1.31,1.7,1.64,1.54,1.51
1.31,1.31,1.7,1.64,1.54,1.51
1.31,1.31,1.7,1.64,1.54,1.51
1.31,1.31,1.7,1.64,1.53,1.51
1.31,1.31,1.7,1.64,1.53,1.51
1.31,1.31,1.7,1.64,1.53,1.51
1.31,1.31,1.7,1.64,1.52,1.51
1.31,1.31,1.71,1.64,1.52,1.51
1.31,1.31,1.71,1.64,1.52,1.51
1.31,1.31,1.71,1.64,1.52,1.51
1.31,1.31,1.71,1.65,1.52,1.51
1.31,1.31,1.71,1.65,1.52,1.51
1.31,1.31,1.71,1.65,1.52,1.51
1.31,1.31,1.71,1.65,1.52,1.51
1.31,1.31,1.71,1.65,1.51,1.51
1.31,1.26,1.71,1.65,1.51,1.51
1.31,1.26,1.7,1.65,1.51,1.51
1.31,1.29,1.7,1.65,1.51,1.51
1.31,1.29,1.7,1.65,1.51,1.51
1.32,1.29,1.7,1.65,1.51,1.51
1.32,1.29,1.69,1.65,1.51,1.51
1.32,1.29,1.68,1.65,1.51,1.51
1.32,1.31,1.68,1.65,1.51,1.51
1.32,1.31,1.67,1.65,1.51,1.51
1.32,1.31,1.67,1.65,1.51,1.51
1.32,1.31,1.66,1.65,1.51,1.51
1.32,1.31,1.66,1.65,1.51,1.51
1.33,1.31,1.66,1.65,1.51,1.51
1.33,1.31,1.66,1.65,1.51,1.51
1.33,1.31,1.65,1.65,1.51,1.51
1.33,1.31,1.65,1.65,1.51,1.48
1.33,1.31,1.65,1.65,1.51,1.49
1.33,1.31,1.65,1.65,1.51,1.5
1.33,1.31,1.65,1.65,1.51,1.5
1.33,1.31,1.65,1.65,1.51,1.5
1.33,1.31,1.65,1.65,1.52,1.5
1.33,1.31,1.65,1.65,1.52,1.5
1.33,1.31,1.65,1.65,1.52,1.5
1.32,1.31,1.65,1.65,1.52,1.5
1.32,1.31,1.65,1.65,1.52,1.51
1.32,1.31,1.65,1.65,1.52,1.52
1.32,1.31,1.65,1.65,1.52,1.49
1.32,1.31,1.65,1.65,1.52,1.49
1.32,1.31,1.65,1.65,1.52,1.49
1.32,1.31,1.65,1.65,1.53,1.49
1.32,1.31,1.65,1.65,1.53,1.49
1.32,1.31,1.65,1.65,1.53,1.49
1.32,1.31,1.65,1.65,1.53,1.49
1.32,1.31,1.65,1.65,1.54,1.49
1.32,1.31,1.65,1.65,1.54,1.49
1.32,1.31,1.65,1.65,1.54,1.49
1.32,1.31,1.65,1.65,1.54,1.49
1.32,1.31,1.65,1.65,1.55,1.49
1.31,1.31,1.65,1.65,1.55,1.49
1.31,1.31,1.65,1.65,1.55,1.49
1.31,1.31,1.65,1.62,1.55,1.49
1.31,1.31,1.65,1.62,1.54,1.49
1.31,1.31,1.65,1.62,1.54,1.49
1.31,1.31,1.65,1.62,1.54,1.49
1.31,1.31,1.66,1.62,1.54,1.49
1.31,1.31,1.66,1.63,1.54,1.49
1.31,1.31,1.66,1.63,1.54,1.49
1.31,1.31,1.66,1.63,1.54,1.49
1.31,1.31,1.66,1.63,1.54,1.49
1.31,1.31,1.66,1.63,1.54,1.49
1.31,1.31,1.66,1.64,1.54,1.49
1.31,1.31,1.66,1.64,1.53,1.49
1.31,1.31,1.66,1.65,1.53,1.49
1.31,1.31,1.67,1.65,1.53,1.49
1.31,1.31,1.67,1.65,1.53,1.49
1.31,1.31,1.67,1.65,1.53,1.49
1.31,1.31,1.67,1.65,1.53,1.49
1.31,1.31,1.67,1.65,1.53,1.49
1.31,1.31,1.67,1.65,1.52,1.49
1.31,1.31,1.67,1.65,1.52,1.49
1.31,1.31,1.67,1.65,1.52,1.49
1.31,1.31,1.67,1.65,1.52,1.49
1.31,1.31,1.67,1.65,1.52,1.49
1.31,1.31,1.67,1.65,1.51,1.49
1.31,1.31,1.68,1.65,1.51,1.49
1.31,1.31,1.68,1.65,1.51,1.49
1.31,1.31,1.68,1.65,1.51,1.49
1.31,1.31,1.68,1.65,1.5,1.49
1.31,1.31,1.68,1.65,1.5,1.49
1.31,1.31,1.68,1.65,1.5,1.49
1.31,1.31,1.69,1.65,1.5,1.49
1.31,1.31,1.69,1.65,1.5,1.49
1.31,1.31,1.69,1.65,1.5,1.49
1.31,1.31,1.69,1.66,1.5,1.49
1.31,1.31,1.69,1.66,1.5,1.49
1.31,1.31,1.69,1.66,1.5,1.49
1.31,1.31,1.69,1.66,1.5,1.49
1.31,1.31,1.69,1.66,1.49,1.49
1.31,1.31,1.7,1.66,1.49,1.49
1.31,1.31,1.7,1.66,1.49,1.49
1.31,1.31,1.7,1.66,1.49,1.49
1.31,1.27,1.7,1.66,1.49,1.49
1.32,1.27,1.7,1.66,1.49,1.49
1.32,1.27,1.69,1.66,1.49,1.49
1.32,1.27,1.69,1.66,1.49,1.49
1.33,1.27,1.69,1.66,1.49,1.49
1.33,1.27,1.69,1.66,1.49,1.49
1.34,1.27,1.69,1.66,1.49,1.49
1.34,1.27,1.69,1.66,1.49,1.49
1.35,1.27,1.69,1.66,1.49,1.49
1.35,1.27,1.68,1.66,1.49,1.49
1.35,1.27,1.68,1.66,1.49,1.49
1.36,1.27,1.68,1.66,1.49,1.49
1.36,1.27,1.67,1.66,1.49,1.49
1.36,1.27,1.67,1.66,1.49,1.49
1.37,1.27,1.67,1.66,1.49,1.49
1.37,1.29,1.67,1.66,1.49,1.49
1.37,1.29,1.67,1.66,1.49,1.49
1.37,1.29,1.67,1.66,1.49,1.49
1.37,1.29,1.66,1.66,1.49,1.49
1.38,1.29,1.66,1.66,1.49,1.49
1.38,1.31,1.66,1.66,1.49,1.49
1.38,1.31,1.66,1.66,1.49,1.49
1.39,1.31,1.66,1.66,1.49,1.49
1.39,1.31,1.66,1.66,1.49,1.49
1.39,1.34,1.66,1.66,1.49,1.49
1.39,1.36,1.66,1.66,1.49,1.49
1.4,1.36,1.66,1.66,1.49,1.49
1.4,1.36,1.66,1.66,1.49,1.49
1.4,1.36,1.66,1.66,1.49,1.49
1.4,1.36,1.66,1.66,1.49,1.46
1.4,1.36,1.66,1.66,1.49,1.46
1.4,1.36,1.66,1.66,1.49,1.46
1.4,1.36,1.66,1.66,1.49,1.47
1.39,1.36,1.66,1.66,1.49,1.47
1.39,1.36,1.66,1.66,1.5,1.47
1.39,1.36,1.66,1.66,1.5,1.48
1.39,1.36,1.66,1.66,1.5,1.48
1.39,1.36,1.66,1.66,1.5,1.48
1.39,1.36,1.66,1.66,1.5,1.48
1.39,1.36,1.66,1.66,1.5,1.48
1.38,1.36,1.66,1.66,1.5,1.48
1.38,1.36,1.66,1.66,1.5,1.48
1.38,1.36,1.66,1.66,1.5,1.48
1.38,1.36,1.66,1.66,1.5,1.48
1.38,1.36,1.66,1.66,1.51,1.48
1.38,1.36,1.66,1.66,1.51,1.49
1.38,1.36,1.66,1.66,1.51,1.49
1.37,1.36,1.66,1.66,1.51,1.49
1.37,1.36,1.66,1.66,1.51,1.49
1.37,1.36,1.66,1.66,1.51,1.5
1.37,1.36,1.66,1.66,1.51,1.5
1.37,1.36,1.66,1.66,1.51,1.5
1.36,1.36,1.66,1.66,1.51,1.5
1.36,1.36,1.66,1.66,1.51,1.5
1.36,1.36,1.66,1.66,1.51,1.5
1.36,1.36,1.66,1.66,1.51,1.51
1.36,1.36,1.66,1.66,1.51,1.48
1.36,1.36,1.66,1.66,1.51,1.48
1.36,1.36,1.66,1.66,1.51,1.48
1.36,1.36,1.66,1.66,1.51,1.49
1.35,1.36,1.66,1.66,1.51,1.49
1.35,1.36,1.66,1.63,1.51,1.49
1.35,1.36,1.66,1.63,1.51,1.49
1.35,1.36,1.66,1.64,1.51,1.49
1.35,1.36,1.66,1.64,1.51,1.49
1.35,1.36,1.66,1.64,1.51,1.49
1.35,1.36,1.66,1.64,1.51,1.49
1.35,1.36,1.66,1.64,1.5,1.49
1.35,1.36,1.67,1.64,1.5,1.49
1.35,1.36,1.67,1.64,1.5,1.49
1.35,1.36,1.67,1.64,1.5,1.49
1.35,1.36,1.67,1.64,1.5,1.49
1.35,1.36,1.67,1.64,1.5,1.49
1.35,1.36,1.67,1.64,1.49,1.49
1.35,1.36,1.67,1.64,1.49,1.49
1.35,1.32,1.67,1.64,1.49,1.49
1.35,1.34,1.67,1.64,1.49,1.49
1.35,1.34,1.66,1.64,1.49,1.49
1.35,1.34,1.66,1.64,1.49,1.49
1.35,1.35,1.66,1.64,1.49,1.49
1.35,1.35,1.65,1.64,1.49,1.49
1.35,1.35,1.65,1.64,1.49,1.49
1.36,1.35,1.65,1.64,1.49,1.49
1.36,1.35,1.65,1.64,1.49,1.49
1.37,1.35,1.65,1.64,1.49,1.49
1.37,1.35,1.64,1.64,1.49,1.49
1.37,1.35,1.64,1.64,1.49,1.47
1.37,1.35,1.64,1.64,1.49,1.47
1.36,1.35,1.64,1.64,1.49,1.47
1.36,1.35,1.64,1.64,1.5,1.47
1.36,1.35,1.64,1.64,1.5,1.48
1.36,1.35,1.64,1.64,1.5,1.48
1.36,1.35,1.64,1.64,1.5,1.48
1.36,1.35,1.64,1.64,1.5,1.48
1.36,1.35,1.64,1.64,1.5,1.48
1.36,1.35,1.64,1.64,1.5,1.48
1.35,1.35,1.64,1.64,1.5,1.48
1.35,1.35,1.64,1.61,1.5,1.48
1.35,1.35,1.64,1.61,1.5,1.48
1.35,1.35,1.64,1.61,1.5,1.48
1.35,1.35,1.64,1.62,1.5,1.48
1.35,1.35,1.64,1.62,1.49,1.48
1.35,1.35,1.65,1.62,1.49,1.48
1.35,1.35,1.65,1.63,1.49,1.48
1.35,1.35,1.65,1.63,1.49,1.48
1.35,1.35,1.65,1.63,1.49,1.48
1.35,1.35,1.65,1.63,1.49,1.48
1.35,1.35,1.65,1.63,1.49,1.48
1.35,1.35,1.65,1.63,1.49,1.48
1.35,1.35,1.65,1.63,1.49,1.48
1.35,1.35,1.65,1.63,1.48,1.48
1.35,1.35,1.65,1.63,1.48,1.48
1.35,1.35,1.65,1.63,1.48,1.48
1.35,1.35,1.66,1.63,1.48,1.48
1.35,1.35,1.66,1.63,1.48,1.48
1.35,1.35,1.66,1.63,1.48,1.48
1.35,1.35,1.66,1.63,1.48,1.48
1.35,1.35,1.66,1.64,1.48,1.48
1.35,1.35,1.66,1.64,1.48,1.48
1.35,1.35,1.66,1.64,1.48,1.48
1.35,1.35,1.66,1.64,1.48,1.48
1.35,1.35,1.67,1.64,1.48,1.48
1.35,1.35,1.67,1.64,1.47,1.48
1.35,1.32,1.67,1.64,1.47,1.48
1.35,1.32,1.66,1.64,1.47,1.48
1.36,1.32,1.66,1.64,1.47,1.48
1.36,1.32,1.66,1.64,1.47,1.48
1.37,1.32,1.66,1.64,1.47,1.48
1.37,1.34,1.66,1.64,1.47,1.48
1.37,1.34,1.66,1.64,1.47,1.48
1.37,1.34,1.65,1.64,1.47,1.48
1.37,1.35,1.65,1.64,1.47,1.48
1.37,1.37,1.65,1.64,1.47,1.48
1.37,1.33,1.65,1.64,1.47,1.48
1.37,1.33,1.65,1.64,1.47,1.48
1.37,1.33,1.65,1.64,1.47,1.48
1.37,1.33,1.65,1.64,1.47,1.48
1.38,1.33,1.65,1.64,1.47,1.48
1.38,1.33,1.65,1.64,1.47,1.48
1.38,1.33,1.65,1.64,1.47,1.48
1.38,1.35,1.65,1.64,1.47,1.48
1.39,1.35,1.65,1.64,1.47,1.48
1.39,1.35,1.64,1.64,1.47,1.48
1.39,1.35,1.64,1.64,1.47,1.48
1.39,1.37,1.64,1.64,1.47,1.48
1.39,1.38,1.64,1.64,1.47,1.48
1.39,1.38,1.63,1.64,1.47,1.48
1.39,1.38,1.63,1.64,1.47,1.45
1.39,1.38,1.63,1.64,1.48,1.45
1.39,1.38,1.63,1.64,1.48,1.46
1.39,1.38,1.63,1.64,1.48,1.46
1.39,1.38,1.63,1.64,1.48,1.46
1.39,1.38,1.63,1.64,1.48,1.46
1.38,1.38,1.63,1.64,1.48,1.46
1.38,1.38,1.63,1.64,1.48,1.46
1.38,1.38,1.63,1.64,1.48,1.46
1.38,1.38,1.63,1.64,1.48,1.46
1.38,1.38,1.63,1.64,1.48,1.46
1.38,1.38,1.63,1.61,1.48,1.46
1.38,1.38,1.63,1.61,1.48,1.46
1.38,1.38,1.63,1.62,1.48,1.46
1.38,1.38,1.64,1.62,1.48,1.46
1.38,1.38,1.64,1.62,1.48,1.46
1.38,1.38,1.64,1.62,1.48,1.46
1.38,1.38,1.64,1.62,1.48,1.46
1.38,1.38,1.64,1.62,1.48,1.46
1.38,1.38,1.64,1.62,1.48,1.46
1.38,1.38,1.64,1.62,1.48,1.46
1.38,1.38,1.64,1.62,1.47,1.46
1.38,1.38,1.64,1.62,1.47,1.46
1.38,1.38,1.64,1.62,1.47,1.46
1.38,1.38,1.65,1.62,1.47,1.46
1.38,1.38,1.65,1.63,1.47,1.46
1.38,1.38,1.65,1.63,1.47,1.46
1.38,1.38,1.65,1.63,1.47,1.46
1.38,1.38,1.65,1.63,1.47,1.46
1.38,1.38,1.65,1.63,1.47,1.46
1.38,1.38,1.65,1.63,1.47,1.46
1.38,1.38,1.65,1.64,1.47,1.46
1.38,1.38,1.65,1.64,1.47,1.46
1.38,1.38,1.66,1.64,1.47,1.46
1.38,1.38,1.66,1.64,1.46,1.46
1.38,1.38,1.66,1.64,1.46,1.46
1.38,1.38,1.66,1.64,1.46,1.46
1.38,1.38,1.66,1.65,1.46,1.46
1.38,1.38,1.66,1.65,1.46,1.46
1.38,1.38,1.66,1.65,1.46,1.46
1.38,1.38,1.66,1.65,1.46,1.46
1.38,1.38,1.66,1.65,1.46,1.46
1.38,1.35,1.66,1.65,1.46,1.46
1.38,1.35,1.66,1.65,1.46,1.46
1.39,1.35,1.66,1.65,1.46,1.46
1.39,1.36,1.66,1.65,1.46,1.46
1.39,1.36,1.65,1.65,1.46,1.46
1.39,1.36,1.65,1.65,1.46,1.46
1.39,1.36,1.65,1.65,1.46,1.46
1.4,1.36,1.65,1.65,1.46,1.46
1.4,1.36,1.65,1.65,1.46,1.46
1.4,1.36,1.65,1.65,1.46,1.46
1.4,1.36,1.65,1.65,1.46,1.43
1.4,1.36,1.65,1.65,1.46,1.43
1.4,1.36,1.65,1.65,1.46,1.43
1.4,1.36,1.65,1.65,1.46,1.43
1.4,1.36,1.65,1.65,1.47,1.43
1.4,1.36,1.65,1.65,1.47,1.44
1.4,1.36,1.65,1.65,1.47,1.44
1.4,1.36,1.65,1.65,1.47,1.44
1.4,1.36,1.65,1.65,1.47,1.44
1.4,1.36,1.65,1.65,1.47,1.44
1.4,1.36,1.65,1.65,1.47,1.44
1.4,1.36,1.65,1.65,1.48,1.44
1.4,1.36,1.65,1.65,1.48,1.44
1.4,1.36,1.65,1.65,1.48,1.45
1.4,1.36,1.65,1.65,1.48,1.45
1.4,1.36,1.65,1.65,1.48,1.45
1.4,1.36,1.65,1.65,1.48,1.45
1.39,1.36,1.65,1.65,1.48,1.45
1.39,1.36,1.65,1.65,1.48,1.45
1.39,1.36,1.65,1.65,1.48,1.45
1.39,1.36,1.65,1.65,1.48,1.45
1.39,1.36,1.65,1.65,1.49,1.45
1.39,1.36,1.65,1.65,1.49,1.45
1.39,1.36,1.65,1.65,1.49,1.46
1.39,1.36,1.65,1.65,1.49,1.46
1.39,1.36,1.65,1.65,1.49,1.46
1.38,1.36,1.65,1.65,1.49,1.46
1.38,1.36,1.65,1.65,1.49,1.46
1.38,1.36,1.65,1.65,1.49,1.47
1.38,1.36,1.65,1.65,1.5,1.47
1.38,1.36,1.65,1.65,1.5,1.48
1.38,1.36,1.65,1.65,1.5,1.49
1.38,1.36,1.65,1.65,1.5,1.49
1.38,1.36,1.65,1.65,1.5,1.49
1.38,1.36,1.65,1.65,1.5,1.49
1.38,1.36,1.65,1.65,1.5,1.49
1.38,1.36,1.65,1.65,1.5,1.49
1.37,1.36,1.65,1.65,1.5,1.49
1.37,1.36,1.65,1.65,1.5,1.49
1.37,1.36,1.65,1.65,1.5,1.49
1.37,1.36,1.65,1.65,1.5,1.49
1.37,1.36,1.65,1.65,1.5,1.49
1.37,1.36,1.65,1.65,1.51,1.49
1.37,1.36,1.65,1.65,1.51,1.49
1.37,1.36,1.65,1.65,1.51,1.49
1.37,1.36,1.65,1.65,1.51,1.5
1.37,1.36,1.65,1.65,1.51,1.5
1.37,1.36,1.65,1.65,1.51,1.5
1.37,1.36,1.65,1.65,1.51,1.5
1.37,1.36,1.65,1.65,1.51,1.51
1.37,1.36,1.65,1.65,1.51,1.51
1.37,1.36,1.65,1.65,1.51,1.51
1.37,1.36,1.65,1.65,1.52,1.51
1.37,1.36,1.65,1.65,1.52,1.51
1.37,1.36,1.65,1.65,1.52,1.51
1.37,1.36,1.65,1.65,1.52,1.51
1.37,1.36,1.65,1.65,1.52,1.51
1.37,1.36,1.65,1.65,1.52,1.51
1.37,1.36,1.65,1.65,1.53,1.51
1.37,1.36,1.65,1.65,1.53,1.51
1.37,1.36,1.65,1.65,1.53,1.51
1.36,1.36,1.65,1.65,1.53,1.51
1.36,1.36,1.65,1.65,1.53,1.52
1.36,1.36,1.65,1.65,1.53,1.52
1.36,1.36,1.65,1.63,1.53,1.52
1.36,1.36,1.65,1.63,1.53,1.52
1.36,1.36,1.65,1.63,1.53,1.52
1.36,1.36,1.65,1.63,1.52,1.52
1.36,1.36,1.65,1.63,1.52,1.52
1.36,1.36,1.65,1.63,1.52,1.52
1.36,1.36,1.66,1.63,1.52,1.52
1.36,1.36,1.66,1.64,1.52,1.52
1.36,1.36,1.66,1.64,1.52,1.52
1.36,1.33,1.66,1.64,1.52,1.52
1.36,1.33,1.65,1.64,1.52,1.52
1.37,1.33,1.65,1.64,1.52,1.52
1.37,1.33,1.65,1.64,1.52,1.52
1.37,1.33,1.65,1.64,1.52,1.52
1.38,1.33,1.65,1.64,1.52,1.52
1.38,1.33,1.65,1.64,1.52,1.52
1.38,1.33,1.64,1.64,1.52,1.52
1.38,1.33,1.64,1.64,1.52,1.52
1.38,1.33,1.64,1.64,1.52,1.52
1.38,1.33,1.64,1.64,1.52,1.52
1.38,1.33,1.64,1.64,1.52,1.52
1.39,1.33,1.64,1.64,1.52,1.52
1.39,1.33,1.64,1.64,1.52,1.52
1.39,1.33,1.64,1.64,1.52,1.5
1.39,1.33,1.64,1.64,1.52,1.5
1.39,1.33,1.64,1.64,1.52,1.51
1.39,1.33,1.64,1.64,1.52,1.51
1.39,1.33,1.64,1.64,1.52,1.51
1.39,1.33,1.64,1.64,1.52,1.51
1.38,1.33,1.64,1.64,1.52,1.51
1.38,1.33,1.64,1.64,1.53,1.51
1.38,1.33,1.64,1.64,1.53,1.52
1.38,1.33,1.64,1.64,1.53,1.52
1.38,1.33,1.64,1.64,1.53,1.52
1.38,1.33,1.64,1.64,1.53,1.52
1.38,1.33,1.64,1.64,1.53,1.52
1.38,1.33,1.64,1.64,1.53,1.53
1.38,1.33,1.64,1.64,1.53,1.53
1.38,1.33,1.64,1.64,1.53,1.53
1.38,1.33,1.64,1.64,1.53,1.51
1.38,1.33,1.64,1.64,1.53,1.51
1.38,1.33,1.64,1.64,1.53,1.51
1.38,1.33,1.64,1.64,1.53,1.51
1.37,1.33,1.64,1.64,1.53,1.51
1.37,1.33,1.64,1.64,1.53,1.51
1.37,1.33,1.64,1.64,1.53,1.51
1.37,1.33,1.64,1.64,1.53,1.51
1.37,1.33,1.64,1.64,1.53,1.51
1.37,1.33,1.64,1.64,1.54,1.51
1.37,1.33,1.64,1.64,1.54,1.51
1.37,1.33,1.64,1.64,1.54,1.51
1.37,1.33,1.64,1.64,1.54,1.51
1.37,1.33,1.64,1.64,1.54,1.52
1.37,1.33,1.64,1.64,1.54,1.52
1.37,1.33,1.64,1.64,1.54,1.52
1.37,1.33,1.64,1.64,1.54,1.53
1.37,1.33,1.64,1.64,1.54,1.53
1.36,1.33,1.64,1.64,1.54,1.53
1.36,1.33,1.64,1.64,1.54,1.53
1.36,1.33,1.64,1.64,1.54,1.53
1.36,1.33,1.64,1.64,1.55,1.53
1.36,1.33,1.64,1.64,1.55,1.53
1.36,1.33,1.64,1.64,1.55,1.53
1.36,1.33,1.64,1.64,1.55,1.53
1.36,1.33,1.64,1.64,1.55,1.54
1.36,1.33,1.64,1.64,1.55,1.54
1.36,1.33,1.64,1.64,1.55,1.54
1.36,1.33,1.64,1.64,1.55,1.55
1.36,1.33,1.64,1.64,1.55,1.53
1.36,1.33,1.64,1.64,1.55,1.53
1.36,1.33,1.64,1.64,1.55,1.53
1.36,1.33,1.64,1.64,1.55,1.53
1.36,1.33,1.64,1.64,1.55,1.53
1.35,1.33,1.64,1.64,1.55,1.53
1.35,1.33,1.64,1.64,1.55,1.53
1.35,1.33,1.64,1.64,1.55,1.53
1.35,1.33,1.64,1.64,1.55,1.53
1.35,1.33,1.64,1.64,1.55,1.53
1.35,1.33,1.64,1.64,1.55,1.53
1.35,1.33,1.64,1.64,1.55,1.53
1.35,1.33,1.64,1.64,1.55,1.53
1.35,1.33,1.64,1.64,1.55,1.53
1.35,1.33,1.64,1.64,1.56,1.53
1.35,1.33,1.64,1.64,1.56,1.53
1.35,1.33,1.64,1.64,1.56,1.54
1.35,1.33,1.64,1.64,1.56,1.54
1.35,1.33,1.64,1.64,1.56,1.54
1.34,1.33,1.64,1.64,1.56,1.54
1.34,1.33,1.64,1.64,1.56,1.55
1.34,1.33,1.64,1.64,1.56,1.55
1.34,1.33,1.64,1.64,1.56,1.55
1.34,1.33,1.64,1.64,1.56,1.55
1.34,1.33,1.64,1.64,1.56,1.55
1.34,1.33,1.64,1.64,1.56,1.55
1.34,1.33,1.64,1.64,1.56,1.55
1.34,1.33,1.64,1.64,1.56,1.55
1.34,1.33,1.64,1.64,1.57,1.55
1.34,1.33,1.64,1.64,1.57,1.55
1.34,1.33,1.64,1.64,1.57,1.55
1.34,1.33,1.64,1.64,1.57,1.55
1.34,1.33,1.64,1.64,1.57,1.55
1.34,1.33,1.64,1.64,1.57,1.55
1.34,1.33,1.64,1.64,1.57,1.55
1.34,1.33,1.64,1.64,1.57,1.55
1.34,1.33,1.64,1.64,1.57,1.55
1.34,1.33,1.64,1.64,1.57,1.55
1.33,1.33,1.64,1.64,1.57,1.55
1.33,1.33,1.64,1.61,1.57,1.55
1.33,1.33,1.64,1.61,1.57,1.55
1.33,1.33,1.64,1.61,1.57,1.55
1.33,1.33,1.64,1.61,1.57,1.55
1.33,1.33,1.64,1.61,1.57,1.55
1.33,1.33,1.64,1.61,1.57,1.55
1.33,1.33,1.64,1.61,1.56,1.55
1.33,1.33,1.64,1.61,1.56,1.55
1.33,1.33,1.64,1.61,1.56,1.55
1.33,1.33,1.64,1.61,1.56,1.55
1.33,1.33,1.64,1.61,1.56,1.55
1.33,1.33,1.64,1.62,1.56,1.55
1.33,1.33,1.64,1.62,1.56,1.55
1.33,1.33,1.64,1.63,1.56,1.55
1.33,1.33,1.65,1.63,1.56,1.55
1.33,1.33,1.65,1.63,1.56,1.55
1.33,1.33,1.65,1.63,1.56,1.55
1.33,1.33,1.65,1.63,1.56,1.55
1.33,1.33,1.65,1.63,1.56,1.55
1.33,1.33,1.65,1.63,1.56,1.55
1.33,1.33,1.65,1.63,1.56,1.55
1.33,1.33,1.66,1.63,1.56,1.55
1.33,1.33,1.66,1.63,1.56,1.55
1.33,1.33,1.66,1.63,1.55,1.55
1.33,1.33,1.66,1.63,1.55,1.55
1.33,1.33,1.66,1.63,1.55,1.55
1.33,1.33,1.66,1.63,1.55,1.55
1.33,1.33,1.66,1.63,1.55,1.55
1.33,1.33,1.66,1.63,1.55,1.55
1.33,1.33,1.66,1.63,1.55,1.55
1.33,1.31,1.66,1.63,1.55,1.55
1.33,1.31,1.66,1.63,1.55,1.55
1.33,1.31,1.65,1.63,1.55,1.55
1.34,1.31,1.65,1.63,1.55,1.55
1.34,1.32,1.65,1.63,1.55,1.55
1.34,1.32,1.65,1.63,1.55,1.55
1.34,1.33,1.65,1.63,1.55,1.55
1.34,1.33,1.65,1.63,1.55,1.55
1.34,1.33,1.64,1.63,1.55,1.55
1.34,1.35,1.64,1.63,1.55,1.55
1.34,1.32,1.64,1.63,1.55,1.55
1.34,1.32,1.64,1.63,1.55,1.55
1.34,1.32,1.64,1.63,1.55,1.55
1.34,1.32,1.64,1.63,1.55,1.55
1.34,1.33,1.64,1.63,1.55,1.55
1.34,1.35,1.64,1.63,1.55,1.55
1.34,1.32,1.64,1.63,1.55,1.55
1.34,1.32,1.63,1.63,1.55,1.55
1.34,1.32,1.63,1.63,1.55,1.53
1.34,1.32,1.63,1.63,1.55,1.53
1.34,1.32,1.63,1.63,1.55,1.53
1.34,1.32,1.63,1.63,1.55,1.54
1.34,1.32,1.63,1.63,1.55,1.54
1.34,1.32,1.63,1.63,1.55,1.54
1.33,1.32,1.63,1.63,1.55,1.54
1.33,1.32,1.63,1.63,1.55,1.55
1.33,1.32,1.63,1.63,1.55,1.55
1.33,1.32,1.63,1.63,1.55,1.55
1.33,1.32,1.63,1.63,1.55,1.55
1.33,1.32,1.63,1.63,1.55,1.55
1.33,1.32,1.63,1.63,1.55,1.54
1.33,1.32,1.63,1.63,1.55,1.54
1.33,1.32,1.63,1.63,1.55,1.54
1.33,1.32,1.63,1.63,1.55,1.54
1.33,1.32,1.63,1.63,1.55,1.54
1.33,1.32,1.63,1.63,1.56,1.54
1.33,1.32,1.63,1.63,1.56,1.55
1.33,1.32,1.63,1.63,1.56,1.55
1.33,1.32,1.63,1.63,1.56,1.55
1.33,1.32,1.63,1.63,1.56,1.55
1.33,1.32,1.63,1.63,1.56,1.55
1.33,1.32,1.63,1.63,1.56,1.55
1.33,1.32,1.63,1.63,1.56,1.56
1.32,1.32,1.63,1.63,1.56,1.56
1.32,1.32,1.63,1.63,1.56,1.56
1.32,1.32,1.63,1.63,1.56,1.56
1.32,1.32,1.63,1.63,1.56,1.56
1.32,1.32,1.63,1.63,1.56,1.56
1.32,1.32,1.63,1.61,1.56,1.56
1.32,1.32,1.63,1.61,1.56,1.56
1.32,1.32,1.63,1.61,1.55,1.56
1.32,1.3,1.63,1.61,1.55,1.56
1.32,1.31,1.63,1.61,1.55,1.56
1.32,1.31,1.63,1.61,1.55,1.56
1.32,1.31,1.62,1.61,1.55,1.56
1.32,1.31,1.62,1.61,1.55,1.56
1.32,1.32,1.62,1.61,1.55,1.56
1.32,1.33,1.62,1.61,1.55,1.56
1.32,1.31,1.62,1.61,1.55,1.56
1.32,1.31,1.62,1.61,1.55,1.56
1.32,1.31,1.62,1.61,1.55,1.56
1.33,1.31,1.62,1.61,1.55,1.56
1.33,1.31,1.61,1.61,1.55,1.56
1.33,1.31,1.61,1.61,1.55,1.56
1.33,1.31,1.61,1.61,1.55,1.54
1.32,1.31,1.61,1.61,1.55,1.54
1.32,1.31,1.61,1.61,1.55,1.54
1.32,1.31,1.61,1.61,1.55,1.54
1.32,1.31,1.61,1.61,1.56,1.54
1.32,1.31,1.61,1.61,1.56,1.54
1.32,1.31,1.61,1.61,1.56,1.54
1.32,1.31,1.61,1.61,1.56,1.54
1.32,1.31,1.61,1.61,1.56,1.54
1.32,1.31,1.61,1.61,1.56,1.54
1.32,1.31,1.61,1.61,1.56,1.55
1.32,1.31,1.61,1.61,1.56,1.55
1.32,1.31,1.61,1.61,1.56,1.55
1.32,1.31,1.61,1.61,1.56,1.55
1.32,1.31,1.61,1.61,1.56,1.55
1.32,1.31,1.61,1.61,1.56,1.55
1.32,1.31,1.61,1.61,1.56,1.56
1.31,1.31,1.61,1.61,1.56,1.56
1.31,1.31,1.61,1.61,1.56,1.56
