0.5,0
0.5,0.16667
0.69231,0.16667
0.69231,0.29762
0.69231,0.41111
0.83654,0.41111
0.83654,0.50458
0.95673,0.50458
1.0643,0.50458
1.0643,0.57935
1.0643,0.647
1.1523,0.647
1.2326,0.647
1.3062,0.647
1.3062,0.70112
1.3062,0.75107
1.3062,0.79733
1.3062,0.84028
1.3646,0.84028
1.3646,0.87894
1.4174,0.87894
1.4174,0.91397
1.4174,0.94688
1.4174,0.97786
1.4174,1.0071
1.4614,1.0071
1.4614,1.0339
1.4614,1.0593
1.4614,1.0834
1.4614,1.1064
1.4614,1.1282
1.4614,1.1489
1.4614,1.1687
1.4963,1.1687
1.4963,1.1872
1.529,1.1872
1.529,1.2045
1.5597,1.2045
1.5597,1.2207
1.5597,1.2363
1.5597,1.2513
1.5597,1.2657
1.5868,1.2657
1.5868,1.2793
1.5868,1.2924
1.6121,1.2924
1.6121,1.3048
1.636,1.3048
1.636,1.3166
1.6587,1.3166
1.6807,1.3166
1.6807,1.3276
1.6807,1.3383
1.6807,1.3486
1.6807,1.3586
1.6807,1.3683
1.6807,1.3778
1.6807,1.3869
1.6998,1.3869
1.7184,1.3869
1.7184,1.3956
1.7184,1.4039
1.7184,1.4121
1.7184,1.4201
1.7355,1.4201
1.7355,1.4277
1.7355,1.4351
1.7517,1.4351
1.7517,1.4423
1.7517,1.4492
1.7517,1.456
1.7517,1.4627
1.7668,1.4627
1.7668,1.4691
1.7813,1.4691
1.7813,1.4752
1.7813,1.4813
1.7813,1.4872
1.795,1.4872
1.8083,1.4872
1.8083,1.4928
1.8083,1.4983
1.8083,1.5037
1.8083,1.509
1.8209,1.509
1.8209,1.5141
1.8209,1.5191
1.8209,1.524
1.8209,1.5288
1.8209,1.5335
1.8209,1.5382
1.8209,1.5427
1.8209,1.5471
1.8209,1.5515
1.8321,1.5515
1.8321,1.5557
1.8321,1.5599
1.8321,1.5639
1.8321,1.5679
1.8321,1.5719
1.8426,1.5719
1.8426,1.5757
1.8529,1.5757
1.8529,1.5794
1.8529,1.5831
1.8628,1.5831
1.8628,1.5866
1.8628,1.5901
1.8628,1.5936
1.8723,1.5936
1.8723,1.5969
1.8723,1.6002
1.8723,1.6035
1.8723,1.6067
1.8723,1.6098
1.8723,1.6129
1.8811,1.6129
1.8899,1.6129
1.8899,1.6159
1.8899,1.6189
1.8899,1.6218
1.8899,1.6247
1.8899,1.6275
1.8899,1.6303
1.8899,1.633
1.898,1.633
1.9061,1.633
1.914,1.633
1.914,1.6356
1.9218,1.6356
1.9218,1.6382
1.9218,1.6408
1.9293,1.6408
1.9367,1.6408
1.9367,1.6433
1.9367,1.6457
1.9367,1.6481
1.9439,1.6481
1.9439,1.6505
1.951,1.6505
1.951,1.6528
1.951,1.6551
1.951,1.6573
1.951,1.6596
1.951,1.6617
1.951,1.6639
1.951,1.6661
1.9576,1.6661
1.9642,1.6661
1.9642,1.6681
1.9706,1.6681
1.9706,1.6702
1.9769,1.6702
1.9831,1.6702
1.9893,1.6702
1.9893,1.6722
1.9893,1.6741
1.9893,1.6761
1.9953,1.6761
2.0012,1.6761
2.0012,1.678
2.007,1.678
2.0127,1.678
2.0127,1.6798
2.0127,1.6817
2.0184,1.6817
2.0184,1.6835
2.0239,1.6835
2.0239,1.6852
2.0293,1.6852
2.0293,1.687
2.0293,1.6887
2.0293,1.6904
2.0293,1.6921
2.0293,1.6937
2.0293,1.6954
2.0293,1.697
2.0293,1.6986
2.0293,1.7002
2.0293,1.7018
2.0293,1.7034
2.0293,1.7049
2.0293,1.7064
2.0293,1.7079
2.0293,1.7094
2.0293,1.7109
2.0293,1.7124
2.0293,1.7138
2.0293,1.7153
2.0293,1.7167
2.0293,1.7181
2.0293,1.7195
2.0293,1.7209
2.0293,1.7223
2.034,1.7223
2.034,1.7236
2.034,1.7249
2.034,1.7263
2.034,1.7276
2.0386,1.7276
2.0386,1.7289
2.0386,1.7301
2.0386,1.7314
2.0386,1.7327
2.0431,1.7327
2.0431,1.7339
2.0475,1.7339
2.0475,1.7351
2.0475,1.7363
2.0475,1.7375
2.0475,1.7387
2.0475,1.7399
2.0475,1.7411
2.0518,1.7411
2.0518,1.7422
2.0518,1.7434
2.0559,1.7434
2.0559,1.7445
2.0559,1.7456
2.0559,1.7467
2.0559,1.7478
2.0559,1.7489
2.0559,1.75
2.0559,1.751
2.0559,1.7521
2.0559,1.7531
2.0559,1.7542
2.0599,1.7542
2.0638,1.7542
2.0638,1.7552
2.0677,1.7552
2.0716,1.7552
2.0716,1.7562
2.0754,1.7562
2.0754,1.7572
2.0754,1.7582
2.0791,1.7582
2.0791,1.7592
2.0791,1.7601
2.0791,1.7611
2.0828,1.7611
2.0864,1.7611
2.0864,1.762
2.0864,1.763
2.0864,1.7639
2.0864,1.7648
2.0864,1.7657
2.0864,1.7667
2.0864,1.7676
2.0899,1.7676
2.0899,1.7684
2.0934,1.7684
2.0969,1.7684
2.1003,1.7684
2.1003,1.7693
2.1003,1.7702
2.1003,1.771
2.1003,1.7719
2.1003,1.7727
2.1003,1.7736
2.1003,1.7744
2.1036,1.7744
2.1036,1.7753
2.1069,1.7753
2.1069,1.7761
2.1069,1.7769
2.1101,1.7769
2.1101,1.7777
2.1101,1.7785
2.1101,1.7793
2.1101,1.7801
2.1101,1.7808
2.1101,1.7816
2.1132,1.7816
2.1163,1.7816
2.1163,1.7824
2.1194,1.7824
2.1194,1.7831
2.1225,1.7831
2.1255,1.7831
2.1285,1.7831
2.1285,1.7839
2.1285,1.7846
2.1285,1.7853
2.1285,1.7861
2.1285,1.7868
2.1314,1.7868
2.1314,1.7875
2.1314,1.7882
2.1343,1.7882
2.1343,1.7889
2.1343,1.7896
2.1372,1.7896
2.14,1.7896
2.14,1.7903
2.14,1.791
2.1428,1.791
2.1456,1.791
2.1456,1.7917
2.1456,1.7923
2.1483,1.7923
2.1511,1.7923
2.1511,1.793
2.1511,1.7937
2.1538,1.7937
2.1538,1.7943
2.1538,1.795
2.1538,1.7956
2.1538,1.7963
2.1538,1.7969
2.1564,1.7969
2.1564,1.7975
2.1564,1.7981
2.1564,1.7988
2.159,1.7988
2.1616,1.7988
2.1616,1.7994
2.1616,1.8
2.1616,1.8006
2.1616,1.8012
2.1641,1.8012
2.1641,1.8018
2.1666,1.8018
2.1666,1.8024
2.1666,1.803
2.1666,1.8036
2.1666,1.8042
2.1666,1.8047
2.1666,1.8053
2.1691,1.8053
2.1691,1.8059
2.1691,1.8065
2.1691,1.807
2.1691,1.8076
2.1715,1.8076
2.1715,1.8081
2.1715,1.8087
2.1715,1.8092
2.1715,1.8098
2.1715,1.8103
2.1715,1.8109
2.1715,1.8114
2.1715,1.8119
2.1715,1.8125
2.1715,1.813
2.1715,1.8135
2.1715,1.8141
2.1738,1.8141
2.1761,1.8141
2.1784,1.8141
2.1784,1.8146
2.1807,1.8146
2.1807,1.8151
2.1807,1.8156
2.1807,1.8161
2.1829,1.8161
2.1851,1.8161
2.1873,1.8161
2.1873,1.8166
2.1895,1.8166
2.1917,1.8166
2.1917,1.8171
2.1917,1.8176
2.1917,1.8181
2.1917,1.8185
2.1917,1.819
2.1917,1.8195
2.1917,1.82
2.1917,1.8205
2.1938,1.8205
2.1938,1.8209
2.196,1.8209
2.1981,1.8209
2.1981,1.8214
2.2001,1.8214
2.2001,1.8219
2.2001,1.8223
2.2001,1.8228
2.2001,1.8232
2.2001,1.8237
2.2022,1.8237
2.2022,1.8241
2.2042,1.8241
2.2062,1.8241
2.2062,1.8246
2.2082,1.8246
2.2082,1.825
2.2102,1.825
2.2122,1.825
2.2142,1.825
2.2161,1.825
2.2181,1.825
2.22,1.825
2.22,1.8255
2.22,1.8259
2.22,1.8263
2.22,1.8267
2.2219,1.8267
2.2219,1.8272
2.2219,1.8276
2.2238,1.8276
2.2257,1.8276
2.2276,1.8276
2.2276,1.828
2.2276,1.8284
2.2295,1.8284
2.2313,1.8284
2.2313,1.8288
2.2313,1.8292
2.2313,1.8296
2.2313,1.83
2.2331,1.83
2.2349,1.83
2.2349,1.8305
2.2349,1.8308
2.2349,1.8312
2.2367,1.8312
2.2367,1.8316
2.2367,1.832
2.2367,1.8324
2.2385,1.8324
2.2403,1.8324
2.2403,1.8328
2.2403,1.8332
2.2403,1.8336
2.2403,1.834
2.2403,1.8343
2.242,1.8343
2.242,1.8347
2.242,1.8351
2.242,1.8355
2.242,1.8358
2.2437,1.8358
2.2454,1.8358
2.2454,1.8362
2.2471,1.8362
2.2471,1.8366
2.2471,1.8369
2.2471,1.8373
2.2488,1.8373
2.2488,1.8377
2.2488,1.838
2.2488,1.8384
2.2504,1.8384
2.2521,1.8384
2.2537,1.8384
2.2537,1.8387
2.2537,1.8391
2.2537,1.8394
2.2553,1.8394
2.2553,1.8398
2.2553,1.8401
2.2553,1.8405
2.2553,1.8408
2.2553,1.8412
2.2553,1.8415
2.2553,1.8418
2.2569,1.8418
2.2585,1.8418
2.2585,1.8422
2.2601,1.8422
2.2617,1.8422
2.2632,1.8422
2.2632,1.8425
2.2632,1.8428
2.2648,1.8428
2.2663,1.8428
2.2663,1.8432
2.2663,1.8435
2.2663,1.8438
2.2663,1.8442
2.2663,1.8445
2.2663,1.8448
2.2663,1.8451
2.2663,1.8454
2.2678,1.8454
2.2693,1.8454
2.2693,1.8458
2.2693,1.8461
2.2708,1.8461
2.2708,1.8464
2.2708,1.8467
2.2723,1.8467
2.2738,1.8467
2.2738,1.847
2.2738,1.8473
2.2738,1.8476
2.2738,1.8479
2.2738,1.8482
2.2752,1.8482
2.2752,1.8485
2.2752,1.8488
2.2752,1.8491
2.2752,1.8494
2.2752,1.8497
2.2752,1.85
2.2752,1.8503
2.2752,1.8506
2.2766,1.8506
2.2766,1.8509
2.2781,1.8509
2.2781,1.8512
2.2781,1.8515
2.2795,1.8515
2.2809,1.8515
2.2823,1.8515
2.2823,1.8518
2.2836,1.8518
2.285,1.8518
2.285,1.8521
2.2864,1.8521
2.2864,1.8524
2.2864,1.8526
2.2864,1.8529
2.2877,1.8529
2.2877,1.8532
2.2877,1.8535
2.2891,1.8535
2.2891,1.8537
2.2904,1.8537
2.2918,1.8537
2.2918,1.854
2.2931,1.854
2.2944,1.854
2.2944,1.8543
2.2944,1.8546
2.2944,1.8548
2.2944,1.8551
2.2944,1.8554
2.2944,1.8556
2.2944,1.8559
2.2944,1.8562
2.2944,1.8564
2.2944,1.8567
2.2957,1.8567
2.2957,1.857
2.297,1.857
2.297,1.8572
2.297,1.8575
2.297,1.8578
2.2983,1.8578
2.2996,1.8578
2.3008,1.8578
2.3021,1.8578
2.3021,1.858
2.3021,1.8583
2.3021,1.8585
2.3021,1.8588
2.3021,1.859
2.3021,1.8593
2.3021,1.8595
2.3033,1.8595
2.3033,1.8598
2.3033,1.86
2.3033,1.8603
2.3046,1.8603
2.3046,1.8605
2.3046,1.8608
2.3058,1.8608
2.3058,1.861
2.3058,1.8613
2.307,1.8613
2.307,1.8615
2.307,1.8617
2.3082,1.8617
2.3094,1.8617
2.3094,1.862
2.3094,1.8622
2.3106,1.8622
2.3106,1.8625
2.3118,1.8625
2.3118,1.8627
2.3118,1.8629
2.3118,1.8632
2.3118,1.8634
2.3118,1.8636
2.313,1.8636
2.3141,1.8636
2.3153,1.8636
2.3164,1.8636
2.3176,1.8636
2.3176,1.8639
2.3188,1.8639
2.3188,1.8641
2.3188,1.8643
2.3199,1.8643
2.321,1.8643
2.321,1.8645
2.3222,1.8645
2.3233,1.8645
2.3244,1.8645
2.3244,1.8648
2.3244,1.865
2.3255,1.865
2.3267,1.865
2.3278,1.865
2.3289,1.865
2.33,1.865
2.33,1.8652
2.33,1.8654
2.33,1.8657
2.3311,1.8657
2.3311,1.8659
2.3311,1.8661
2.3322,1.8661
2.3322,1.8663
2.3322,1.8665
2.3322,1.8667
2.3322,1.867
2.3322,1.8672
2.3322,1.8674
2.3322,1.8676
2.3322,1.8678
2.3322,1.868
2.3332,1.868
2.3332,1.8682
2.3343,1.8682
2.3354,1.8682
2.3364,1.8682
2.3364,1.8684
2.3375,1.8684
2.3375,1.8686
2.3375,1.8689
2.3375,1.8691
2.3375,1.8693
2.3385,1.8693
2.3385,1.8695
2.3385,1.8697
2.3395,1.8697
2.3406,1.8697
2.3406,1.8699
2.3406,1.8701
2.3416,1.8701
2.3416,1.8703
2.3416,1.8705
2.3416,1.8707
2.3416,1.8709
2.3416,1.8711
2.3416,1.8713
2.3416,1.8715
2.3416,1.8717
2.3416,1.8719
2.3416,1.8721
2.3416,1.8723
2.3416,1.8725
2.3426,1.8725
2.3426,1.8727
2.3426,1.8729
2.3426,1.873
2.3426,1.8732
2.3436,1.8732
2.3446,1.8732
2.3446,1.8734
2.3456,1.8734
2.3466,1.8734
2.3475,1.8734
2.3475,1.8736
2.3475,1.8738
2.3475,1.874
2.3485,1.874
2.3485,1.8742
2.3485,1.8744
2.3495,1.8744
2.3495,1.8746
2.3495,1.8747
2.3495,1.8749
2.3495,1.8751
2.3504,1.8751
2.3504,1.8753
2.3504,1.8755
2.3504,1.8757
2.3504,1.8758
2.3504,1.876
2.3504,1.8762
2.3514,1.8762
2.3514,1.8764
2.3523,1.8764
2.3523,1.8766
2.3523,1.8767
2.3523,1.8769
2.3523,1.8771
2.3523,1.8773
2.3533,1.8773
2.3533,1.8775
2.3533,1.8776
2.3533,1.8778
2.3533,1.878
2.3542,1.878
2.3551,1.878
2.356,1.878
2.356,1.8782
2.356,1.8783
2.357,1.8783
2.357,1.8785
2.3579,1.8785
2.3579,1.8787
2.3588,1.8787
2.3588,1.8789
2.3588,1.879
2.3588,1.8792
2.3588,1.8794
2.3588,1.8795
2.3588,1.8797
2.3597,1.8797
2.3597,1.8799
2.3606,1.8799
2.3615,1.8799
2.3623,1.8799
2.3623,1.88
2.3623,1.8802
2.3623,1.8804
2.3632,1.8804
2.3632,1.8805
2.3632,1.8807
2.3632,1.8809
2.3632,1.881
2.3632,1.8812
2.3641,1.8812
2.3641,1.8814
2.3641,1.8815
2.3641,1.8817
2.365,1.8817
2.365,1.8818
2.3658,1.8818
2.3658,1.882
2.3658,1.8822
2.3658,1.8823
2.3658,1.8825
2.3667,1.8825
2.3667,1.8826
2.3667,1.8828
2.3667,1.883
2.3667,1.8831
2.3667,1.8833
2.3667,1.8834
2.3667,1.8836
2.3675,1.8836
2.3675,1.8837
2.3684,1.8837
2.3684,1.8839
2.3692,1.8839
2.3701,1.8839
2.3701,1.884
2.3701,1.8842
2.3701,1.8844
2.3701,1.8845
2.3701,1.8847
2.3709,1.8847
2.3717,1.8847
2.3726,1.8847
2.3734,1.8847
2.3734,1.8848
2.3742,1.8848
2.3742,1.885
2.375,1.885
2.375,1.8851
2.3758,1.8851
2.3758,1.8853
2.3766,1.8853
2.3766,1.8854
2.3766,1.8856
2.3766,1.8857
2.3766,1.8859
2.3775,1.8859
2.3783,1.8859
2.3791,1.8859
2.3799,1.8859
2.3799,1.886
2.3799,1.8862
2.3799,1.8863
2.3799,1.8864
2.3799,1.8866
2.3799,1.8867
2.3799,1.8869
2.3799,1.887
2.3799,1.8872
2.3799,1.8873
2.3799,1.8875
2.3799,1.8876
2.3806,1.8876
2.3814,1.8876
2.3814,1.8877
2.3814,1.8879
2.3822,1.8879
2.3822,1.888
2.383,1.888
2.383,1.8882
2.3838,1.8882
2.3845,1.8882
2.3853,1.8882
2.3853,1.8883
2.3853,1.8884
2.3853,1.8886
2.3853,1.8887
2.3853,1.8889
2.3853,1.889
2.3853,1.8891
2.3853,1.8893
2.3853,1.8894
2.3853,1.8895
2.3853,1.8897
2.3861,1.8897
2.3861,1.8898
2.3868,1.8898
2.3868,1.8899
2.3868,1.8901
2.3868,1.8902
2.3876,1.8902
2.3876,1.8903
2.3883,1.8903
2.3883,1.8905
2.3883,1.8906
2.389,1.8906
2.3898,1.8906
2.3898,1.8907
2.3905,1.8907
2.3913,1.8907
2.392,1.8907
2.392,1.8909
2.392,1.891
2.392,1.8911
2.392,1.8913
2.392,1.8914
2.392,1.8915
2.392,1.8917
2.392,1.8918
2.3927,1.8918
2.3927,1.8919
2.3927,1.8921
2.3927,1.8922
2.3927,1.8923
2.3934,1.8923
2.3934,1.8924
2.3934,1.8926
2.3934,1.8927
2.3942,1.8927
2.3942,1.8928
2.3942,1.8929
2.3942,1.8931
2.3949,1.8931
2.3956,1.8931
2.3963,1.8931
2.3963,1.8932
2.397,1.8932
2.397,1.8933
2.3977,1.8933
2.3984,1.8933
2.3984,1.8934
2.3991,1.8934
2.3991,1.8936
2.3991,1.8937
2.3991,1.8938
2.3991,1.8939
2.3998,1.8939
2.3998,1.8941
2.3998,1.8942
2.3998,1.8943
2.3998,1.8944
2.3998,1.8945
2.3998,1.8947
2.3998,1.8948
2.4005,1.8948
2.4005,1.8949
2.4005,1.895
2.4005,1.8952
2.4005,1.8953
2.4005,1.8954
2.4012,1.8954
2.4012,1.8955
2.4012,1.8956
2.4012,1.8957
2.4012,1.8959
2.4012,1.896
2.4012,1.8961
2.4012,1.8962
2.4019,1.8962
2.4019,1.8963
2.4019,1.8965
2.4025,1.8965
2.4025,1.8966
2.4025,1.8967
2.4025,1.8968
2.4032,1.8968
2.4032,1.8969
2.4032,1.897
2.4039,1.897
2.4039,1.8971
2.4039,1.8973
2.4045,1.8973
2.4052,1.8973
2.4058,1.8973
2.4065,1.8973
2.4065,1.8974
2.4065,1.8975
2.4065,1.8976
2.4072,1.8976
2.4072,1.8977
2.4078,1.8977
2.4078,1.8978
2.4085,1.8978
2.4085,1.8979
2.4085,1.8981
2.4085,1.8982
2.4085,1.8983
2.4085,1.8984
2.4085,1.8985
2.4091,1.8985
2.4098,1.8985
2.4104,1.8985
2.411,1.8985
2.4117,1.8985
2.4117,1.8986
2.4117,1.8987
2.4123,1.8987
2.4123,1.8988
2.4123,1.8989
2.4129,1.8989
2.4136,1.8989
2.4136,1.899
2.4142,1.899
2.4142,1.8992
2.4142,1.8993
2.4148,1.8993
2.4148,1.8994
2.4148,1.8995
2.4155,1.8995
2.4161,1.8995
2.4167,1.8995
2.4167,1.8996
2.4167,1.8997
2.4173,1.8997
2.4179,1.8997
2.4179,1.8998
2.4186,1.8998
2.4186,1.8999
2.4186,1.9
2.4192,1.9
2.4192,1.9001
2.4192,1.9002
2.4192,1.9003
2.4198,1.9003
2.4198,1.9004
2.4198,1.9005
2.4198,1.9006
2.4198,1.9007
2.4198,1.9008
2.4204,1.9008
2.4204,1.9009
2.4204,1.9011
2.4204,1.9012
2.4204,1.9013
2.421,1.9013
2.421,1.9014
2.421,1.9015
2.421,1.9016
2.4216,1.9016
2.4216,1.9017
2.4216,1.9018
2.4222,1.9018
2.4222,1.9019
2.4222,1.902
2.4222,1.9021
2.4222,1.9022
2.4222,1.9023
2.4228,1.9023
2.4228,1.9024
2.4234,1.9024
2.4234,1.9025
2.4234,1.9026
2.4234,1.9027
2.424,1.9027
2.4245,1.9027
2.4245,1.9028
2.4245,1.9029
2.4251,1.9029
2.4251,1.903
2.4251,1.9031
2.4251,1.9032
2.4251,1.9033
2.4251,1.9034
2.4257,1.9034
2.4263,1.9034
2.4263,1.9035
2.4263,1.9036
2.4263,1.9037
2.4263,1.9037
2.4269,1.9037
2.4274,1.9037
2.4274,1.9038
2.4274,1.9039
2.4274,1.904
2.4274,1.9041
2.4274,1.9042
2.4274,1.9043
2.4274,1.9044
2.4274,1.9045
2.4274,1.9046
2.4274,1.9047
2.428,1.9047
2.428,1.9048
NaN,NaN
0.5,3.5
0.5,3.2083
0.53846,3.2083
0.53846,2.9792
0.56923,2.9792
0.59615,2.9792
0.59615,2.8039
0.61859,2.8039
0.63866,2.8039
0.65673,2.8039
0.67308,2.8039
0.68794,2.8039
0.70151,2.8039
0.71394,2.8039
0.71394,2.6918
0.72494,2.6918
0.72494,2.5921
0.73477,2.5921
0.73477,2.5027
0.73477,2.4193
0.73477,2.3412
0.73477,2.2681
0.73477,2.1993
0.74257,2.1993
0.74992,2.1993
0.75687,2.1993
0.76344,2.1993
0.76967,2.1993
0.76967,2.1429
0.77543,2.1429
0.7809,2.1429
0.78612,2.1429
0.78612,2.0931
0.79098,2.0931
0.79563,2.0931
0.80007,2.0931
0.80007,2.0486
0.80007,2.0059
0.80415,2.0059
0.80807,2.0059
0.81183,2.0059
0.81183,1.9673
0.81183,1.9302
0.81531,1.9302
0.81531,1.8951
0.81861,1.8951
0.82179,1.8951
0.82487,1.8951
0.82783,1.8951
0.82783,1.8635
0.82783,1.833
0.83061,1.833
0.8333,1.833
0.8333,1.8043
0.83586,1.8043
0.83835,1.8043
0.84076,1.8043
0.84311,1.8043
0.84311,1.7782
0.84535,1.7782
0.84753,1.7782
0.84964,1.7782
0.8517,1.7782
0.85371,1.7782
0.85566,1.7782
0.85566,1.7548
0.85753,1.7548
0.85753,1.7323
0.85934,1.7323
0.85934,1.7106
0.86107,1.7106
0.86277,1.7106
0.86442,1.7106
0.86603,1.7106
0.86761,1.7106
0.86761,1.6907
0.86913,1.6907
0.87062,1.6907
0.87207,1.6907
0.87349,1.6907
0.87488,1.6907
0.87624,1.6907
0.87757,1.6907
0.87888,1.6907
0.88015,1.6907
0.8814,1.6907
0.8814,1.6733
0.88261,1.6733
0.8838,1.6733
0.88496,1.6733
0.8861,1.6733
0.88721,1.6733
0.88831,1.6733
0.88938,1.6733
0.88938,1.6574
0.88938,1.6417
0.89042,1.6417
0.89143,1.6417
0.89143,1.6267
0.89242,1.6267
0.89339,1.6267
0.89339,1.6122
0.89433,1.6122
0.89433,1.598
0.89525,1.598
0.89615,1.598
0.89615,1.5844
0.89615,1.5709
0.89615,1.5577
0.89615,1.5447
0.89701,1.5447
0.89786,1.5447
0.89786,1.5322
0.89868,1.5322
0.89949,1.5322
0.90029,1.5322
0.90107,1.5322
0.90185,1.5322
0.90185,1.5203
0.90185,1.5086
0.90185,1.4971
0.90259,1.4971
0.90259,1.4858
0.90332,1.4858
0.90403,1.4858
0.90403,1.4749
0.90473,1.4749
0.90473,1.4642
0.90542,1.4642
0.90542,1.4538
0.90609,1.4538
0.90675,1.4538
0.9074,1.4538
0.90805,1.4538
0.90868,1.4538
0.90868,1.4438
0.9093,1.4438
0.90991,1.4438
0.90991,1.4341
0.91051,1.4341
0.91111,1.4341
0.91169,1.4341
0.91169,1.4247
0.91227,1.4247
0.91283,1.4247
0.91283,1.4156
0.91339,1.4156
0.91339,1.4067
0.91339,1.3978
0.91393,1.3978
0.91446,1.3978
0.91446,1.3892
0.91446,1.3807
0.91446,1.3722
0.91446,1.3639
0.91498,1.3639
0.91549,1.3639
0.91549,1.3558
0.91549,1.3478
0.91598,1.3478
0.91648,1.3478
0.91696,1.3478
0.91744,1.3478
0.91792,1.3478
0.91838,1.3478
0.91885,1.3478
0.91885,1.3402
0.9193,1.3402
0.9193,1.3327
0.9193,1.3253
0.91975,1.3253
0.92019,1.3253
0.92019,1.318
0.92062,1.318
0.92105,1.318
0.92148,1.318
0.9219,1.318
0.92231,1.318
0.92272,1.318
0.92272,1.3111
0.92313,1.3111
0.92353,1.3111
0.92393,1.3111
0.92393,1.3043
0.92432,1.3043
0.9247,1.3043
0.92508,1.3043
0.92508,1.2977
0.92508,1.2912
0.92546,1.2912
0.92583,1.2912
0.92583,1.2848
0.92619,1.2848
0.92656,1.2848
0.92691,1.2848
0.92691,1.2786
0.92727,1.2786
0.92762,1.2786
0.92796,1.2786
0.92831,1.2786
0.92865,1.2786
0.92898,1.2786
0.92898,1.2726
0.92932,1.2726
0.92964,1.2726
0.92964,1.2667
0.92997,1.2667
0.93029,1.2667
0.93029,1.2609
0.93061,1.2609
0.93092,1.2609
0.93123,1.2609
0.93154,1.2609
0.93154,1.2553
0.93184,1.2553
0.93215,1.2553
0.93215,1.2498
0.93215,1.2443
0.93244,1.2443
0.93274,1.2443
0.93303,1.2443
0.93303,1.2389
0.93331,1.2389
0.93331,1.2336
0.9336,1.2336
0.9336,1.2284
0.9336,1.2232
0.93388,1.2232
0.93415,1.2232
0.93443,1.2232
0.9347,1.2232
0.9347,1.2182
0.93497,1.2182
0.93524,1.2182
0.9355,1.2182
0.93576,1.2182
0.93602,1.2182
0.93628,1.2182
0.93654,1.2182
0.93679,1.2182
0.93679,1.2133
0.93679,1.2085
0.93704,1.2085
0.93729,1.2085
0.93753,1.2085
0.93753,1.2038
0.93778,1.2038
0.93778,1.1991
0.93802,1.1991
0.93826,1.1991
0.93826,1.1945
0.93849,1.1945
0.93849,1.19
0.93849,1.1855
0.93872,1.1855
0.93895,1.1855
0.93918,1.1855
0.93918,1.181
0.93941,1.181
0.93963,1.181
0.93986,1.181
0.94008,1.181
0.9403,1.181
0.94051,1.181
0.94051,1.1767
0.94051,1.1725
0.94073,1.1725
0.94073,1.1683
0.94073,1.1641
0.94094,1.1641
0.94115,1.1641
0.94115,1.1599
0.94136,1.1599
0.94136,1.1559
0.94156,1.1559
0.94177,1.1559
0.94177,1.1518
0.94177,1.1478
0.94177,1.1439
0.94197,1.1439
0.94197,1.1399
0.94217,1.1399
0.94237,1.1399
0.94256,1.1399
0.94276,1.1399
0.94276,1.1361
0.94295,1.1361
0.94314,1.1361
0.94333,1.1361
0.94352,1.1361
0.94352,1.1323
0.94371,1.1323
0.94389,1.1323
0.94408,1.1323
0.94426,1.1323
0.94444,1.1323
0.94462,1.1323
0.9448,1.1323
0.94498,1.1323
0.94516,1.1323
0.94534,1.1323
0.94534,1.1287
0.94551,1.1287
0.94568,1.1287
0.94568,1.1251
0.94586,1.1251
0.94586,1.1215
0.94603,1.1215
0.94619,1.1215
0.94636,1.1215
0.94653,1.1215
0.9467,1.1215
0.94686,1.1215
0.94703,1.1215
0.94719,1.1215
0.94735,1.1215
0.94735,1.1181
0.94751,1.1181
0.94767,1.1181
0.94783,1.1181
0.94799,1.1181
0.94814,1.1181
0.9483,1.1181
0.94845,1.1181
0.94845,1.1148
0.94845,1.1115
0.94861,1.1115
0.94876,1.1115
0.94891,1.1115
0.94906,1.1115
0.94921,1.1115
0.94921,1.1082
0.94921,1.105
0.94921,1.1018
0.94921,1.0986
0.94936,1.0986
0.94936,1.0954
0.9495,1.0954
0.94965,1.0954
0.94965,1.0923
0.94965,1.0892
0.94979,1.0892
0.94979,1.0861
0.94993,1.0861
0.95007,1.0861
0.95007,1.083
0.95021,1.083
0.95021,1.08
0.95021,1.077
0.95035,1.077
0.95049,1.077
0.95049,1.074
0.95062,1.074
0.95062,1.0711
0.95076,1.0711
0.95089,1.0711
0.95089,1.0682
0.95103,1.0682
0.95116,1.0682
0.95116,1.0653
0.95116,1.0624
0.95129,1.0624
0.95142,1.0624
0.95155,1.0624
0.95155,1.0596
0.95168,1.0596
0.95168,1.0567
0.95181,1.0567
0.95194,1.0567
0.95194,1.054
0.95206,1.054
0.95219,1.054
0.95219,1.0512
0.95231,1.0512
0.95244,1.0512
0.95256,1.0512
0.95256,1.0485
0.95268,1.0485
0.9528,1.0485
0.95292,1.0485
0.95304,1.0485
0.95316,1.0485
0.95316,1.0458
0.95328,1.0458
0.9534,1.0458
0.95352,1.0458
0.95364,1.0458
0.95375,1.0458
0.95387,1.0458
0.95387,1.0432
0.95387,1.0406
0.95387,1.038
0.95398,1.038
0.9541,1.038
0.95421,1.038
0.95432,1.038
0.95432,1.0355
0.95444,1.0355
0.95455,1.0355
0.95455,1.033
0.95466,1.033
0.95477,1.033
0.95477,1.0305
0.95488,1.0305
0.95499,1.0305
0.95509,1.0305
0.95509,1.028
0.9552,1.028
0.9552,1.0255
0.95531,1.0255
0.95541,1.0255
0.95552,1.0255
0.95552,1.0231
0.95552,1.0207
0.95552,1.0183
0.95562,1.0183
0.95573,1.0183
0.95583,1.0183
0.95593,1.0183
0.95604,1.0183
0.95614,1.0183
0.95624,1.0183
0.95624,1.0159
0.95634,1.0159
0.95634,1.0136
0.95634,1.0113
0.95644,1.0113
0.95644,1.009
0.95654,1.009
0.95664,1.009
0.95674,1.009
0.95683,1.009
0.95693,1.009
0.95693,1.0067
0.95703,1.0067
0.95713,1.0067
0.95722,1.0067
0.95722,1.0044
0.95732,1.0044
0.95741,1.0044
0.95751,1.0044
0.9576,1.0044
0.95769,1.0044
0.95779,1.0044
0.95788,1.0044
0.95797,1.0044
0.95806,1.0044
0.95816,1.0044
0.95825,1.0044
0.95834,1.0044
0.95843,1.0044
0.95852,1.0044
0.95861,1.0044
0.9587,1.0044
0.95879,1.0044
0.95887,1.0044
0.95896,1.0044
0.95896,1.0023
0.95896,1.0002
0.95905,1.0002
0.95914,1.0002
0.95922,1.0002
0.95931,1.0002
0.95931,0.99805
0.95939,0.99805
0.95948,0.99805
0.95948,0.99596
0.95956,0.99596
0.95956,0.99388
0.95956,0.99181
0.95965,0.99181
0.95965,0.98975
0.95973,0.98975
0.95982,0.98975
0.95982,0.98771
0.9599,0.98771
0.9599,0.98568
0.95998,0.98568
0.96006,0.98568
0.96014,0.98568
0.96014,0.98368
0.96014,0.98168
0.96014,0.97969
0.96014,0.9777
0.96022,0.9777
0.9603,0.9777
0.9603,0.97574
0.96038,0.97574
0.96046,0.97574
0.96054,0.97574
0.96062,0.97574
0.9607,0.97574
0.96078,0.97574
0.96086,0.97574
0.96093,0.97574
0.96101,0.97574
0.96109,0.97574
0.96116,0.97574
0.96124,0.97574
0.96132,0.97574
0.96139,0.97574
0.96139,0.97383
0.96139,0.97193
0.96147,0.97193
0.96147,0.97004
0.96154,0.97004
0.96154,0.96817
0.96154,0.9663
0.96162,0.9663
0.96169,0.9663
0.96169,0.96444
0.96176,0.96444
0.96184,0.96444
0.96191,0.96444
0.96198,0.96444
0.96205,0.96444
0.96213,0.96444
0.9622,0.96444
0.96227,0.96444
0.96234,0.96444
0.96234,0.96263
0.96241,0.96263
0.96248,0.96263
0.96255,0.96263
0.96255,0.96083
0.96255,0.96277
0.96262,0.96277
0.96269,0.96277
0.96276,0.96277
0.96283,0.96277
0.96659,0.96277
0.96659,0.96468
0.97034,0.96468
0.97034,0.96658
0.97406,0.96658
0.97777,0.96658
0.97777,0.96847
0.98146,0.96847
0.98146,0.97035
0.98146,0.97222
0.98513,0.97222
0.98878,0.97222
0.98878,0.97408
0.98878,0.97594
0.98878,0.97778
0.98878,0.97962
0.98878,0.98145
0.98878,0.98328
0.98878,0.9851
0.99237,0.9851
0.99237,0.9869
0.99594,0.9869
0.9995,0.9869
0.9995,0.9887
1.003,0.9887
1.003,0.99049
1.003,0.99227
1.0066,0.99227
1.0101,0.99227
1.0101,0.99404
1.0101,0.9958
1.0101,0.99755
1.0101,0.9993
1.0101,1.001
1.0101,1.0028
1.0101,1.0045
1.0101,1.0062
1.0101,1.008
1.0101,1.0097
1.0101,1.0114
1.01,1.0114
1.01,1.0114
1.01,1.0114
1.01,1.0114
1.01,1.0114
1.01,1.0114
1.01,1.0097
1.01,1.0113
1.01,1.0096
1.01,1.0113
1.0099,1.0113
1.0099,1.0113
1.0099,1.0096
1.0099,1.0113
1.0099,1.0113
1.0099,1.0113
1.0099,1.0096
1.0099,1.0112
1.0099,1.0112
1.0099,1.0095
1.0132,1.0095
1.0132,1.0112
1.0132,1.0128
1.0132,1.0145
1.0132,1.0128
1.0165,1.0128
1.0165,1.0144
1.0165,1.016
1.0165,1.0176
1.0164,1.0176
1.0164,1.0176
1.0164,1.0176
1.0164,1.0176
1.0163,1.0176
1.0163,1.016
1.0163,1.0176
1.0163,1.0176
1.0163,1.0176
1.0163,1.0159
1.0163,1.0175
1.0163,1.0159
1.0163,1.0175
1.0163,1.0158
1.0195,1.0158
1.0195,1.0174
1.0195,1.019
1.0226,1.019
1.0258,1.019
1.0258,1.0205
1.0289,1.0205
1.032,1.0205
1.0351,1.0205
1.0351,1.0221
1.0382,1.0221
1.0382,1.0236
1.0413,1.0236
1.0444,1.0236
1.0444,1.0252
1.0444,1.0267
1.0444,1.0282
1.0444,1.0297
1.0444,1.0312
1.0444,1.0327
1.0444,1.0342
1.0444,1.0357
1.0444,1.0372
1.0474,1.0372
1.0504,1.0372
1.0504,1.0387
1.0504,1.0402
1.0504,1.0417
1.0504,1.0431
1.0504,1.0446
1.0504,1.0461
1.0504,1.0475
1.0504,1.049
1.0504,1.0504
1.0534,1.0504
1.0563,1.0504
1.0593,1.0504
1.0593,1.0519
1.0593,1.0533
1.0622,1.0533
1.0622,1.0547
1.0651,1.0547
1.0651,1.0561
1.0651,1.0576
1.0651,1.059
1.0651,1.0604
1.0651,1.0618
1.0651,1.0632
1.0651,1.0646
1.0651,1.066
1.0651,1.0644
1.068,1.0644
1.068,1.0658
1.068,1.0671
1.0708,1.0671
1.0737,1.0671
1.0737,1.0685
1.0765,1.0685
1.0793,1.0685
1.0822,1.0685
1.0822,1.0699
1.0822,1.0712
1.0822,1.0726
1.0849,1.0726
1.0877,1.0726
1.0877,1.0739
1.0877,1.0753
1.0905,1.0753
1.0905,1.0766
1.0905,1.0779
1.0905,1.0793
1.0905,1.0806
1.0932,1.0806
1.0932,1.0819
1.0932,1.0832
1.0932,1.0845
1.0932,1.0858
1.0932,1.0872
1.096,1.0872
1.096,1.0885
1.096,1.0897
1.0987,1.0897
1.0987,1.091
1.0987,1.0923
1.1013,1.0923
1.1013,1.0936
1.1013,1.0949
1.104,1.0949
1.104,1.0961
1.104,1.0974
1.1067,1.0974
1.1093,1.0974
1.1093,1.0987
1.1093,1.0999
1.1093,1.1012
1.1093,1.1024
1.1093,1.1037
1.1119,1.1037
1.1119,1.1049
1.1119,1.1062
1.1119,1.1074
1.1119,1.1086
1.1119,1.1099
1.1119,1.1111
1.1119,1.1123
1.1119,1.1108
1.1119,1.112
1.1118,1.112
1.1116,1.112
1.1116,1.1105
1.1116,1.1117
1.1115,1.1117
1.1115,1.1102
1.114,1.1102
1.114,1.1114
1.1166,1.1114
1.1166,1.1126
1.1166,1.1138
1.1166,1.115
1.1166,1.1162
1.1166,1.1174
1.1166,1.1159
1.1191,1.1159
1.1216,1.1159
1.1216,1.117
1.1241,1.117
1.1241,1.1182
1.1241,1.1194
1.1241,1.1206
1.1241,1.1217
1.1266,1.1217
1.1266,1.1229
1.1266,1.1241
1.1266,1.1252
1.1266,1.1264
1.1291,1.1264
1.1291,1.1275
1.1291,1.1287
1.1291,1.1298
1.1289,1.1298
1.1288,1.1298
1.1288,1.1283
1.1288,1.1295
1.1288,1.128
1.1288,1.1291
1.1286,1.1291
1.1286,1.1277
1.131,1.1277
1.1334,1.1277
1.1334,1.1288
1.1334,1.1299
1.1359,1.1299
1.1359,1.131
1.1359,1.1322
1.1359,1.1333
1.1359,1.1344
1.1359,1.1355
1.1359,1.1366
1.1357,1.1366
1.1355,1.1366
1.1355,1.1352
1.1379,1.1352
1.1402,1.1352
1.1402,1.1362
1.1402,1.1373
1.1402,1.1384
1.1426,1.1384
1.1426,1.1395
1.1426,1.1406
1.1426,1.1417
1.1426,1.1428
1.1424,1.1428
1.1422,1.1428
1.1422,1.1413
1.1446,1.1413
1.1446,1.1424
1.1469,1.1424
1.1469,1.1435
1.1492,1.1435
1.1515,1.1435
1.1515,1.1446
1.1515,1.1456
1.1515,1.1467
1.1538,1.1467
1.1561,1.1467
1.1584,1.1467
1.1606,1.1467
1.1606,1.1477
1.1629,1.1477
1.1652,1.1477
1.1674,1.1477
1.1674,1.1488
1.1674,1.1498
1.1674,1.1509
1.1674,1.1519
1.1674,1.1529
1.1674,1.154
1.1674,1.155
1.1674,1.156
1.1674,1.1571
1.1674,1.1581
1.1696,1.1581
1.1696,1.1591
1.1718,1.1591
1.1741,1.1591
1.1741,1.1601
1.1741,1.1611
1.1741,1.1621
1.1741,1.1631
1.1741,1.1641
1.1762,1.1641
1.1784,1.1641
1.1784,1.1651
1.1784,1.1661
1.1806,1.1661
1.1806,1.1671
1.1806,1.1681
1.1806,1.1691
1.1806,1.1701
1.1828,1.1701
1.1828,1.1711
1.1849,1.1711
1.1871,1.1711
1.1871,1.1721
1.1871,1.173
1.1871,1.174
1.1871,1.175
1.1892,1.175
1.1892,1.176
1.1892,1.1769
1.1892,1.1779
1.1892,1.1788
1.1892,1.1798
1.1892,1.1808
1.1913,1.1808
1.1934,1.1808
1.1934,1.1817
1.1955,1.1817
1.1955,1.1827
1.1976,1.1827
1.1997,1.1827
1.1997,1.1836
1.1997,1.1845
1.1997,1.1855
1.1997,1.1864
1.2018,1.1864
1.2038,1.1864
1.2038,1.1874
1.2038,1.1883
1.2059,1.1883
1.2059,1.1892
1.2079,1.1892
1.2079,1.1901
1.2079,1.1911
1.21,1.1911
1.21,1.192
1.212,1.192
1.212,1.1929
1.212,1.1938
1.212,1.1947
1.212,1.1956
1.212,1.1966
1.212,1.1975
1.214,1.1975
1.216,1.1975
1.216,1.1984
1.216,1.1993
1.218,1.1993
1.218,1.2002
1.218,1.2011
1.218,1.202
1.218,1.2028
1.218,1.2037
1.218,1.2046
1.22,1.2046
1.222,1.2046
1.222,1.2055
1.222,1.2064
1.222,1.2073
1.224,1.2073
1.2259,1.2073
1.2259,1.2081
1.2259,1.209
1.2279,1.209
1.2279,1.2099
1.2279,1.2108
1.2279,1.2116
1.2279,1.2125
1.2279,1.2134
1.2279,1.2142
1.2298,1.2142
1.2298,1.2151
1.2318,1.2151
1.2337,1.2151
1.2337,1.2159
1.2356,1.2159
1.2375,1.2159
1.2394,1.2159
1.2413,1.2159
1.2413,1.2168
1.2413,1.2176
1.2413,1.2185
1.2432,1.2185
1.2432,1.2193
1.2451,1.2193
1.247,1.2193
1.247,1.2202
1.2489,1.2202
1.2508,1.2202
1.2508,1.221
1.2508,1.2218
1.2508,1.2227
1.2508,1.2235
1.2527,1.2235
1.2545,1.2235
1.2545,1.2243
1.2564,1.2243
1.2564,1.2251
1.2564,1.226
1.2582,1.226
1.2601,1.226
1.2601,1.2268
1.2601,1.2276
1.2601,1.2284
1.2601,1.2292
1.2601,1.23
1.2601,1.2309
1.2601,1.2317
1.2619,1.2317
1.2619,1.2325
1.2637,1.2325
1.2655,1.2325
1.2655,1.2333
1.2655,1.2341
1.2655,1.2349
1.2673,1.2349
1.2692,1.2349
1.2692,1.2357
1.271,1.2357
1.271,1.2365
1.271,1.2373
1.271,1.238
1.271,1.2388
1.271,1.2396
1.271,1.2404
1.2727,1.2404
1.2745,1.2404
1.2745,1.2412
1.2763,1.2412
1.2763,1.242
1.2781,1.242
1.2798,1.242
1.2798,1.2427
1.2798,1.2435
1.2798,1.2443
1.2816,1.2443
1.2833,1.2443
1.2833,1.2451
1.2833,1.2458
1.2851,1.2458
1.2851,1.2466
1.2851,1.2474
1.2851,1.2481
1.2851,1.2489
1.2851,1.2496
1.2868,1.2496
1.2885,1.2496
1.2885,1.2504
1.2885,1.2512
1.2885,1.2519
1.2885,1.2527
1.2885,1.2534
1.2885,1.2542
1.2885,1.2549
1.2885,1.2557
1.2903,1.2557
1.292,1.2557
1.292,1.2564
1.292,1.2571
1.2937,1.2571
1.2937,1.2579
1.2937,1.2586
1.2954,1.2586
1.2971,1.2586
1.2988,1.2586
1.3004,1.2586
1.3021,1.2586
NaN,NaN
1.5,0
1.625,0
1.625,0.15385
1.7232,0.15385
1.7232,0.27692
1.7232,0.38462
1.7232,0.47964
1.7941,0.47964
1.7941,0.55966
1.7941,0.63167
1.8516,0.63167
1.9038,0.63167
1.9038,0.69117
1.9038,0.7457
1.9038,0.79587
1.9038,0.84219
1.9038,0.88507
1.9038,0.92489
1.9038,0.96196
1.9038,0.99656
1.9038,1.0289
1.9038,1.0593
1.937,1.0593
1.9683,1.0593
1.9683,1.0862
1.9969,1.0862
1.9969,1.1109
1.9969,1.1343
1.9969,1.1564
1.9969,1.1775
1.9969,1.1976
1.9969,1.2167
1.9969,1.2349
1.9969,1.2523
2.0192,1.2523
2.0192,1.2686
2.0192,1.2841
2.0192,1.299
2.0192,1.3133
2.0192,1.3271
2.0192,1.3403
2.0381,1.3403
2.0381,1.3527
2.0559,1.3527
2.0559,1.3645
2.0727,1.3645
2.089,1.3645
2.089,1.3754
2.1044,1.3754
2.1194,1.3754
2.1194,1.3857
2.1336,1.3857
2.1336,1.3954
2.1471,1.3954
2.1471,1.4047
2.1471,1.4138
2.1471,1.4225
2.1471,1.431
2.1471,1.4392
2.1593,1.4392
2.1593,1.4471
2.1593,1.4548
2.1708,1.4548
2.1708,1.4622
2.1819,1.4622
2.1819,1.4693
2.1925,1.4693
2.1925,1.4761
2.2027,1.4761
2.2027,1.4826
2.2027,1.489
2.2027,1.4952
2.2123,1.4952
2.2123,1.5012
2.2216,1.5012
2.2216,1.507
2.2305,1.507
2.2305,1.5126
2.2392,1.5126
2.2392,1.5181
2.2392,1.5234
2.2392,1.5285
2.2474,1.5285
2.2554,1.5285
2.2632,1.5285
2.2632,1.5334
2.2632,1.5383
2.2632,1.543
2.2707,1.543
2.2779,1.543
2.2779,1.5475
2.285,1.5475
2.292,1.5475
2.292,1.5518
2.292,1.5561
2.292,1.5603
2.292,1.5644
2.292,1.5684
2.292,1.5724
2.292,1.5763
2.2983,1.5763
2.2983,1.5801
2.2983,1.5838
2.3045,1.5838
2.3045,1.5874
2.3045,1.591
2.3104,1.591
2.3104,1.5944
2.3162,1.5944
2.3162,1.5978
2.3162,1.6011
2.3218,1.6011
2.3274,1.6011
2.3274,1.6044
2.3274,1.6075
2.3274,1.6106
2.3327,1.6106
2.3379,1.6106
2.3379,1.6137
2.3379,1.6166
2.3429,1.6166
2.3479,1.6166
2.3479,1.6195
2.3479,1.6223
2.3479,1.6251
2.3479,1.6279
2.3527,1.6279
2.3527,1.6306
2.3573,1.6306
2.3573,1.6332
2.3573,1.6358
2.3573,1.6384
2.3573,1.6409
2.3573,1.6434
2.3617,1.6434
2.3661,1.6434
2.3704,1.6434
2.3704,1.6458
2.3747,1.6458
2.3788,1.6458
2.3788,1.6482
2.3788,1.6505
2.3829,1.6505
2.3829,1.6528
2.3829,1.655
2.3868,1.655
2.3868,1.6572
2.3868,1.6594
2.3907,1.6594
2.3907,1.6615
2.3907,1.6636
2.3907,1.6657
2.3907,1.6677
2.3944,1.6677
2.3981,1.6677
2.3981,1.6697
2.3981,1.6717
2.3981,1.6737
2.3981,1.6756
2.3981,1.6775
2.4016,1.6775
2.4051,1.6775
2.4051,1.6794
2.4051,1.6812
2.4051,1.683
2.4051,1.6848
2.4051,1.6866
2.4051,1.6884
2.4084,1.6884
2.4084,1.6901
2.4084,1.6918
2.4117,1.6918
2.4149,1.6918
2.4149,1.6935
2.418,1.6935
2.4212,1.6935
2.4212,1.6951
2.4242,1.6951
2.4242,1.6967
2.4242,1.6983
2.4242,1.6999
2.4242,1.7015
2.4242,1.703
2.4272,1.703
2.4272,1.7046
2.4272,1.7061
2.4272,1.7075
2.4301,1.7075
2.4301,1.709
2.4301,1.7105
2.4301,1.7119
2.4301,1.7133
2.4301,1.7148
2.4301,1.7162
2.4329,1.7162
2.4329,1.7175
2.4356,1.7175
2.4356,1.7189
2.4383,1.7189
2.441,1.7189
2.441,1.7202
2.441,1.7215
2.4436,1.7215
2.4462,1.7215
2.4462,1.7228
2.4462,1.7241
2.4488,1.7241
2.4513,1.7241
2.4513,1.7254
2.4513,1.7266
2.4513,1.7279
2.4538,1.7279
2.4538,1.7291
2.4562,1.7291
2.4586,1.7291
2.4586,1.7303
2.4586,1.7315
2.4586,1.7326
2.461,1.7326
2.4633,1.7326
2.4633,1.7338
2.4633,1.735
2.4633,1.7361
2.4656,1.7361
2.4679,1.7361
2.4679,1.7372
2.4701,1.7372
2.4701,1.7383
2.4701,1.7394
2.4701,1.7405
2.4723,1.7405
2.4723,1.7416
2.4723,1.7426
2.4723,1.7437
2.4723,1.7447
2.4723,1.7458
2.4745,1.7458
2.4745,1.7468
2.4745,1.7478
2.4745,1.7488
2.4766,1.7488
2.4787,1.7488
2.4787,1.7498
2.4787,1.7508
2.4787,1.7518
2.4787,1.7527
2.4787,1.7537
2.4787,1.7547
2.4787,1.7556
2.4807,1.7556
2.4807,1.7565
2.4807,1.7575
2.4807,1.7584
2.4807,1.7593
2.4826,1.7593
2.4846,1.7593
2.4865,1.7593
2.4865,1.7602
2.4865,1.7611
2.4865,1.762
2.4865,1.7629
2.4884,1.7629
2.4903,1.7629
2.4903,1.7637
2.4903,1.7646
2.4903,1.7654
2.4903,1.7663
2.4921,1.7663
2.4939,1.7663
2.4939,1.7671
2.4957,1.7671
2.4975,1.7671
2.4993,1.7671
2.4993,1.7679
2.4993,1.7688
2.501,1.7688
2.501,1.7696
2.501,1.7704
2.5028,1.7704
2.5028,1.7712
2.5028,1.7719
2.5045,1.7719
2.5045,1.7727
2.5045,1.7735
2.5045,1.7743
2.5061,1.7743
2.5061,1.775
2.5061,1.7758
2.5061,1.7765
2.5061,1.7773
2.5061,1.778
2.5078,1.778
2.5078,1.7787
2.5094,1.7787
2.5094,1.7795
2.5094,1.7802
2.511,1.7802
2.511,1.7809
2.511,1.7816
2.511,1.7823
2.511,1.783
2.5126,1.783
2.5126,1.7837
2.5126,1.7844
2.5126,1.7851
2.5126,1.7858
2.5141,1.7858
2.5141,1.7864
2.5141,1.7871
2.5141,1.7878
2.5156,1.7878
2.5156,1.7884
2.5156,1.7891
2.5156,1.7897
2.5156,1.7904
2.5156,1.791
2.5156,1.7917
2.5156,1.7923
2.5171,1.7923
2.5171,1.7929
2.5171,1.7936
2.5185,1.7936
2.5185,1.7942
2.5185,1.7948
2.52,1.7948
2.52,1.7954
2.5214,1.7954
2.5214,1.796
2.5214,1.7966
2.5228,1.7966
2.5228,1.7972
2.5228,1.7978
2.5242,1.7978
2.5242,1.7984
2.5242,1.799
2.5242,1.7996
2.5256,1.7996
2.5256,1.8001
2.5256,1.8007
2.5256,1.8013
2.5256,1.8018
2.5269,1.8018
2.5269,1.8024
2.5282,1.8024
2.5282,1.803
2.5282,1.8035
2.5282,1.8041
2.5282,1.8046
2.5282,1.8051
2.5296,1.8051
2.5296,1.8057
2.5309,1.8057
2.5321,1.8057
2.5334,1.8057
2.5334,1.8062
2.5334,1.8068
2.5334,1.8073
2.5334,1.8078
2.5334,1.8083
2.5334,1.8088
2.5334,1.8094
2.5334,1.8099
2.5334,1.8104
2.5334,1.8109
2.5334,1.8114
2.5347,1.8114
2.5347,1.8119
2.5359,1.8119
2.5359,1.8124
2.5359,1.8129
2.5359,1.8134
2.5359,1.8139
2.5359,1.8143
2.5371,1.8143
2.5371,1.8148
2.5383,1.8148
2.5383,1.8153
2.5383,1.8158
2.5383,1.8163
2.5383,1.8167
2.5395,1.8167
2.5395,1.8172
2.5407,1.8172
2.5418,1.8172
2.5418,1.8177
2.543,1.8177
2.543,1.8181
2.543,1.8186
2.543,1.819
2.5441,1.819
2.5441,1.8195
2.5441,1.8199
2.5441,1.8204
2.5453,1.8204
2.5453,1.8208
2.5453,1.8213
2.5453,1.8217
2.5464,1.8217
2.5464,1.8221
2.5464,1.8226
2.5464,1.823
2.5464,1.8234
2.5475,1.8234
2.5475,1.8239
2.5475,1.8243
2.5475,1.8247
2.5475,1.8251
2.5475,1.8255
2.5475,1.826
2.5485,1.826
2.5485,1.8264
2.5485,1.8268
2.5485,1.8272
2.5496,1.8272
2.5507,1.8272
2.5507,1.8276
2.5517,1.8276
2.5517,1.828
2.5517,1.8284
2.5528,1.8284
2.5538,1.8284
2.5538,1.8288
2.5538,1.8292
2.5538,1.8296
2.5548,1.8296
2.5548,1.83
2.5548,1.8304
2.5548,1.8308
2.5558,1.8308
2.5558,1.8311
2.5558,1.8315
2.5558,1.8319
2.5568,1.8319
2.5578,1.8319
2.5578,1.8323
2.5578,1.8327
2.5588,1.8327
2.5598,1.8327
2.5608,1.8327
2.5608,1.833
2.5618,1.833
2.5618,1.8334
2.5618,1.8338
2.5618,1.8341
2.5627,1.8341
2.5627,1.8345
2.5627,1.8349
2.5627,1.8352
2.5627,1.8356
2.5637,1.8356
2.5646,1.8356
2.5646,1.8359
2.5646,1.8363
2.5646,1.8366
2.5646,1.837
2.5646,1.8373
2.5646,1.8377
2.5656,1.8377
2.5656,1.838
2.5665,1.838
2.5674,1.838
2.5674,1.8384
2.5674,1.8387
2.5683,1.8387
2.5692,1.8387
2.5692,1.8391
2.5692,1.8394
2.5692,1.8397
2.5701,1.8397
2.571,1.8397
2.5719,1.8397
2.5728,1.8397
2.5728,1.8401
2.5728,1.8404
2.5737,1.8404
2.5746,1.8404
2.5754,1.8404
2.5754,1.8407
2.5754,1.841
2.5754,1.8414
2.5763,1.8414
2.5772,1.8414
2.5772,1.8417
2.5772,1.842
2.5772,1.8423
2.578,1.8423
2.5789,1.8423
2.5797,1.8423
2.5806,1.8423
2.5814,1.8423
2.5814,1.8426
2.5814,1.843
2.5814,1.8433
2.5814,1.8436
2.5822,1.8436
2.583,1.8436
2.583,1.8439
2.583,1.8442
2.583,1.8445
2.5839,1.8445
2.5839,1.8448
2.5839,1.8451
2.5839,1.8454
2.5839,1.8457
2.5839,1.846
2.5839,1.8463
2.5839,1.8466
2.5847,1.8466
2.5847,1.8469
2.5847,1.8472
2.5847,1.8475
2.5855,1.8475
2.5855,1.8478
2.5863,1.8478
2.5863,1.8481
2.5863,1.8484
2.5863,1.8487
2.5863,1.8489
2.587,1.8489
2.587,1.8492
2.5878,1.8492
2.5878,1.8495
2.5878,1.8498
2.5886,1.8498
2.5886,1.8501
2.5894,1.8501
2.5894,1.8504
2.5901,1.8504
2.5901,1.8506
2.5901,1.8509
2.5901,1.8512
2.5901,1.8515
2.5909,1.8515
2.5909,1.8517
2.5909,1.852
2.5916,1.852
2.5916,1.8523
2.5916,1.8525
2.5916,1.8528
2.5916,1.8531
2.5916,1.8533
2.5916,1.8536
2.5916,1.8539
2.5916,1.8541
2.5916,1.8544
2.5916,1.8547
2.5916,1.8549
2.5916,1.8552
2.5916,1.8554
2.5916,1.8557
2.5916,1.856
2.5916,1.8562
2.5916,1.8565
2.5916,1.8567
2.5916,1.857
2.5916,1.8572
2.5916,1.8575
2.5916,1.8577
2.5923,1.8577
2.5931,1.8577
2.5931,1.858
2.5931,1.8582
2.5938,1.8582
2.5945,1.8582
2.5952,1.8582
2.5952,1.8585
2.5959,1.8585
2.5959,1.8587
2.5959,1.859
2.5966,1.859
2.5973,1.859
2.5973,1.8592
2.598,1.8592
2.598,1.8594
2.5986,1.8594
2.5986,1.8597
2.5986,1.8599
2.5986,1.8602
2.5986,1.8604
2.5993,1.8604
2.5993,1.8606
2.5993,1.8609
2.5993,1.8611
2.5993,1.8613
2.6,1.8613
2.6,1.8616
2.6007,1.8616
2.6007,1.8618
2.6013,1.8618
2.6013,1.862
2.602,1.862
2.602,1.8623
2.602,1.8625
2.602,1.8627
2.602,1.863
2.6027,1.863
2.6027,1.8632
2.6033,1.8632
2.604,1.8632
2.6046,1.8632
2.6046,1.8634
2.6053,1.8634
2.6059,1.8634
2.6059,1.8636
2.6065,1.8636
2.6072,1.8636
2.6078,1.8636
2.6085,1.8636
2.6091,1.8636
2.6091,1.8638
2.6091,1.8641
2.6091,1.8643
2.6091,1.8645
2.6097,1.8645
2.6103,1.8645
2.611,1.8645
2.6116,1.8645
2.6122,1.8645
2.6122,1.8647
2.6122,1.8649
2.6128,1.8649
2.6128,1.8651
2.6128,1.8654
2.6128,1.8656
2.6128,1.8658
2.6134,1.8658
2.6134,1.866
2.6134,1.8662
2.6134,1.8664
2.6134,1.8666
2.6134,1.8668
2.6134,1.867
2.614,1.867
2.614,1.8672
2.614,1.8674
2.614,1.8677
2.614,1.8679
2.614,1.8681
2.614,1.8683
2.614,1.8685
2.614,1.8687
2.6146,1.8687
2.6152,1.8687
2.6158,1.8687
2.6158,1.8689
2.6158,1.8691
2.6158,1.8693
2.6158,1.8695
2.6158,1.8697
2.6158,1.8699
2.6164,1.8699
2.6164,1.8701
2.617,1.8701
2.617,1.8703
2.617,1.8704
2.6175,1.8704
2.6175,1.8706
2.6175,1.8708
2.6181,1.8708
2.6187,1.8708
2.6187,1.871
2.6187,1.8712
2.6187,1.8714
2.6187,1.8716
2.6187,1.8718
2.6187,1.872
2.6187,1.8722
2.6187,1.8724
2.6187,1.8725
2.6192,1.8725
2.6192,1.8727
2.6192,1.8729
2.6192,1.8731
2.6192,1.8733
2.6192,1.8735
2.6192,1.8737
2.6198,1.8737
2.6203,1.8737
2.6203,1.8738
2.6209,1.8738
2.6209,1.874
2.6209,1.8742
2.6209,1.8744
2.6214,1.8744
2.6214,1.8746
2.6214,1.8748
2.622,1.8748
2.622,1.8749
2.622,1.8751
2.6225,1.8751
2.6225,1.8753
2.6225,1.8755
2.6225,1.8756
2.6225,1.8758
2.6225,1.876
2.6225,1.8762
2.6225,1.8763
2.6231,1.8763
2.6231,1.8765
2.6231,1.8767
2.6231,1.8769
2.6236,1.8769
2.6236,1.877
2.6236,1.8772
2.6236,1.8774
2.6236,1.8776
2.6241,1.8776
2.6241,1.8777
2.6241,1.8779
2.6241,1.8781
2.6246,1.8781
2.6246,1.8782
2.6251,1.8782
2.6251,1.8784
2.6257,1.8784
2.6257,1.8786
2.6262,1.8786
2.6267,1.8786
2.6267,1.8787
2.6267,1.8789
2.6267,1.8791
2.6267,1.8792
2.6267,1.8794
2.6272,1.8794
2.6272,1.8796
2.6272,1.8797
2.6272,1.8799
2.6272,1.8801
2.6272,1.8802
2.6272,1.8804
2.6272,1.8805
2.6272,1.8807
2.6272,1.8809
2.6277,1.8809
2.6282,1.8809
2.6282,1.881
2.6282,1.8812
2.6287,1.8812
2.6292,1.8812
2.6292,1.8813
2.6292,1.8815
2.6297,1.8815
2.6302,1.8815
2.6307,1.8815
2.6307,1.8817
2.6312,1.8817
2.6316,1.8817
2.6316,1.8818
2.6321,1.8818
2.6321,1.882
2.6326,1.882
2.6331,1.882
2.6331,1.8821
2.6336,1.8821
2.6336,1.8823
2.6341,1.8823
2.6345,1.8823
2.6345,1.8824
2.6345,1.8826
2.6345,1.8827
2.635,1.8827
2.6355,1.8827
2.6355,1.8829
2.6359,1.8829
2.6359,1.883
2.6364,1.883
2.6369,1.883
2.6369,1.8832
2.6369,1.8833
2.6369,1.8835
2.6369,1.8836
2.6369,1.8838
2.6373,1.8838
2.6373,1.8839
2.6378,1.8839
2.6378,1.8841
2.6378,1.8842
2.6378,1.8844
2.6378,1.8845
2.6383,1.8845
2.6383,1.8847
2.6383,1.8848
2.6383,1.885
2.6383,1.8851
2.6383,1.8852
2.6387,1.8852
2.6387,1.8854
2.6387,1.8855
2.6392,1.8855
2.6392,1.8857
2.6396,1.8857
2.6396,1.8858
2.6401,1.8858
2.6401,1.886
2.6405,1.886
2.6405,1.8861
2.6405,1.8862
2.641,1.8862
2.641,1.8864
2.641,1.8865
2.641,1.8867
2.641,1.8868
2.641,1.8869
2.6414,1.8869
2.6414,1.8871
2.6418,1.8871
2.6418,1.8872
2.6418,1.8874
2.6418,1.8875
2.6418,1.8876
2.6418,1.8878
2.6418,1.8879
2.6418,1.888
2.6418,1.8882
2.6423,1.8882
2.6427,1.8882
2.6427,1.8883
2.6431,1.8883
2.6431,1.8885
2.6431,1.8886
2.6431,1.8887
2.6431,1.8889
2.6431,1.889
2.6431,1.8891
2.6436,1.8891
2.644,1.8891
2.6444,1.8891
2.6448,1.8891
2.6448,1.8893
2.6448,1.8894
2.6448,1.8895
2.6448,1.8896
2.6448,1.8898
2.6448,1.8899
2.6448,1.89
2.6448,1.8902
2.6453,1.8902
2.6453,1.8903
2.6453,1.8904
2.6453,1.8906
2.6453,1.8907
2.6453,1.8908
2.6453,1.8909
2.6453,1.8911
2.6457,1.8911
2.6457,1.8912
2.6461,1.8912
2.6461,1.8913
2.6465,1.8913
2.6465,1.8914
2.6469,1.8914
2.6473,1.8914
2.6473,1.8916
2.6473,1.8917
2.6477,1.8917
2.6481,1.8917
2.6481,1.8918
2.6481,1.8919
2.6485,1.8919
2.6485,1.8921
2.6485,1.8922
2.6485,1.8923
2.6485,1.8924
2.6485,1.8926
2.6485,1.8927
2.6485,1.8928
2.6485,1.8929
2.6489,1.8929
2.6489,1.8931
2.6493,1.8931
2.6493,1.8932
2.6493,1.8933
2.6493,1.8934
2.6493,1.8935
2.6493,1.8937
2.6493,1.8938
2.6493,1.8939
2.6493,1.894
2.6493,1.8941
2.6497,1.8941
2.6497,1.8943
2.6497,1.8944
2.6497,1.8945
2.6497,1.8946
2.6497,1.8947
2.6497,1.8948
2.6497,1.895
2.6497,1.8951
2.6497,1.8952
2.6501,1.8952
2.6501,1.8953
2.6505,1.8953
2.6505,1.8954
2.6505,1.8955
2.6505,1.8957
2.6505,1.8958
2.6505,1.8959
2.6505,1.896
2.6505,1.8961
2.6505,1.8962
2.6505,1.8963
2.6505,1.8965
2.6509,1.8965
2.6513,1.8965
2.6517,1.8965
2.6517,1.8966
2.652,1.8966
2.6524,1.8966
2.6528,1.8966
2.6528,1.8967
2.6528,1.8968
2.6528,1.8969
2.6532,1.8969
2.6532,1.897
2.6532,1.8971
2.6536,1.8971
2.6536,1.8972
2.6539,1.8972
2.6539,1.8974
2.6539,1.8975
2.6539,1.8976
2.6543,1.8976
2.6543,1.8977
2.6543,1.8978
2.6543,1.8979
2.6547,1.8979
2.6547,1.898
2.655,1.898
2.655,1.8981
2.6554,1.8981
2.6558,1.8981
2.6558,1.8982
2.6561,1.8982
2.6565,1.8982
2.6569,1.8982
2.6569,1.8983
2.6569,1.8984
2.6569,1.8986
2.6572,1.8986
2.6572,1.8987
2.6572,1.8988
2.6576,1.8988
2.6576,1.8989
2.6576,1.899
2.6579,1.899
2.6579,1.8991
2.6583,1.8991
2.6583,1.8992
2.6587,1.8992
2.659,1.8992
2.659,1.8993
2.659,1.8994
2.659,1.8995
2.659,1.8996
2.6594,1.8996
2.6594,1.8997
2.6594,1.8998
2.6594,1.8999
2.6597,1.8999
2.6597,1.9
2.6597,1.9001
2.6597,1.9002
2.6601,1.9002
2.6601,1.9003
2.6604,1.9003
2.6604,1.9004
2.6604,1.9005
2.6608,1.9005
2.6608,1.9006
2.6611,1.9006
2.6611,1.9007
2.6611,1.9008
2.6615,1.9008
2.6615,1.9009
2.6615,1.901
2.6615,1.9011
2.6618,1.9011
2.6618,1.9012
2.6618,1.9013
2.6618,1.9014
2.6621,1.9014
2.6621,1.9015
2.6625,1.9015
2.6625,1.9016
2.6628,1.9016
2.6628,1.9017
2.6628,1.9018
2.6628,1.9019
2.6628,1.902
2.6628,1.9021
2.6632,1.9021
2.6632,1.9022
2.6632,1.9023
2.6632,1.9024
2.6632,1.9025
2.6632,1.9026
2.6635,1.9026
2.6635,1.9027
2.6635,1.9028
2.6635,1.9029
NaN,NaN
1.5,3.5
1.5,3.2083
1.4615,3.2083
1.4286,3.2083
1.4,3.2083
1.375,3.2083
1.3529,3.2083
1.3333,3.2083
1.3158,3.2083
1.3,3.2083
1.2857,3.2083
1.2727,3.2083
1.2609,3.2083
1.25,3.2083
1.24,3.2083
1.2308,3.2083
1.2308,3.0895
1.2308,2.9792
1.2228,2.9792
1.2154,2.9792
1.2084,2.9792
1.2019,2.9792
1.1958,2.9792
1.19,2.9792
1.19,2.894
1.1848,2.894
1.1798,2.894
1.175,2.894
1.1706,2.894
1.1663,2.894
1.1622,2.894
1.1622,2.8251
1.1585,2.8251
1.1585,2.7609
1.1585,2.6996
1.155,2.6996
1.155,2.6421
1.155,2.5871
1.155,2.5343
1.1519,2.5343
1.1519,2.4846
1.1519,2.4368
1.149,2.4368
1.1463,2.4368
1.1436,2.4368
1.1411,2.4368
1.1386,2.4368
1.1386,2.3948
1.1362,2.3948
1.134,2.3948
1.134,2.3556
1.134,2.3176
1.1318,2.3176
1.1318,2.2813
1.1298,2.2813
1.1298,2.2468
1.1279,2.2468
1.126,2.2468
1.1242,2.2468
1.1224,2.2468
1.1207,2.2468
1.119,2.2468
1.1174,2.2468
1.1158,2.2468
1.1142,2.2468
1.1127,2.2468
1.1113,2.2468
1.1098,2.2468
1.1085,2.2468
1.1071,2.2468
1.1058,2.2468
1.1045,2.2468
1.1045,2.2197
1.1032,2.2197
1.102,2.2197
1.102,2.1939
1.1009,2.1939
1.1009,2.169
1.0997,2.169
1.0986,2.169
1.0975,2.169
1.0975,2.1454
1.0975,2.1223
1.0965,2.1223
1.0955,2.1223
1.0945,2.1223
1.0935,2.1223
1.0935,2.1007
1.0935,2.0795
1.0926,2.0795
1.0917,2.0795
1.0908,2.0795
1.0908,2.0593
1.0908,2.0395
1.0899,2.0395
1.0899,2.0202
1.0891,2.0202
1.0882,2.0202
1.0874,2.0202
1.0874,2.0019
1.0866,2.0019
1.0859,2.0019
1.0851,2.0019
1.0851,1.9843
1.0844,1.9843
1.0836,1.9843
1.0836,1.9673
1.0836,1.9507
1.0829,1.9507
1.0822,1.9507
1.0816,1.9507
1.0816,1.9347
1.0809,1.9347
1.0802,1.9347
1.0796,1.9347
1.079,1.9347
1.079,1.9194
1.079,1.9044
1.079,1.8897
1.0784,1.8897
1.0778,1.8897
1.0772,1.8897
1.0766,1.8897
1.076,1.8897
1.076,1.8757
1.0755,1.8757
1.0755,1.862
1.0749,1.862
1.0749,1.8486
1.0744,1.8486
1.0739,1.8486
1.0733,1.8486
1.0733,1.8357
1.0728,1.8357
1.0728,1.823
1.0723,1.823
1.0718,1.823
1.0713,1.823
1.0713,1.8108
1.0709,1.8108
1.0704,1.8108
1.0699,1.8108
1.0699,1.7989
1.0695,1.7989
1.0695,1.7873
1.069,1.7873
1.0686,1.7873
1.0682,1.7873
1.0677,1.7873
1.0673,1.7873
1.0669,1.7873
1.0669,1.7763
1.0665,1.7763
1.0661,1.7763
1.0661,1.7655
1.0657,1.7655
1.0653,1.7655
1.0649,1.7655
1.0649,1.7551
1.0645,1.7551
1.0641,1.7551
1.0638,1.7551
1.0638,1.7449
1.0634,1.7449
1.063,1.7449
1.0627,1.7449
1.0623,1.7449
1.0623,1.7351
1.062,1.7351
1.0616,1.7351
1.0616,1.7256
1.0613,1.7256
1.061,1.7256
1.0606,1.7256
1.0603,1.7256
1.06,1.7256
1.0597,1.7256
1.0597,1.7164
1.0593,1.7164
1.059,1.7164
1.059,1.7074
1.0587,1.7074
1.0584,1.7074
1.0584,1.6986
1.0584,1.6899
1.0581,1.6899
1.0578,1.6899
1.0575,1.6899
1.0575,1.6814
1.0572,1.6814
1.0572,1.673
1.057,1.673
1.0567,1.673
1.0567,1.6648
1.0564,1.6648
1.0561,1.6648
1.0559,1.6648
1.0556,1.6648
1.0553,1.6648
1.0551,1.6648
1.0548,1.6648
1.0545,1.6648
1.0545,1.657
1.0543,1.657
1.054,1.657
1.054,1.6493
1.0538,1.6493
1.0538,1.6418
1.0535,1.6418
1.0533,1.6418
1.0531,1.6418
1.0528,1.6418
1.0526,1.6418
1.0523,1.6418
1.0521,1.6418
1.0519,1.6418
1.0517,1.6418
1.0517,1.6346
1.0514,1.6346
1.0512,1.6346
1.051,1.6346
1.0508,1.6346
1.0505,1.6346
1.0503,1.6346
1.0501,1.6346
1.0501,1.6276
1.0499,1.6276
1.0499,1.6208
1.0499,1.614
1.0497,1.614
1.0495,1.614
1.0493,1.614
1.0491,1.614
1.0489,1.614
1.0487,1.614
1.0487,1.6075
1.0485,1.6075
1.0483,1.6075
1.0481,1.6075
1.0481,1.601
1.0479,1.601
1.0477,1.601
1.0475,1.601
1.0475,1.5947
1.0473,1.5947
1.0472,1.5947
1.0472,1.5885
1.047,1.5885
1.047,1.5824
1.0468,1.5824
1.0468,1.5763
1.0466,1.5763
1.0464,1.5763
1.0463,1.5763
1.0461,1.5763
1.0461,1.5704
1.0459,1.5704
1.0457,1.5704
1.0456,1.5704
1.0454,1.5704
1.0452,1.5704
1.0451,1.5704
1.0451,1.5646
1.0449,1.5646
1.0447,1.5646
1.0447,1.559
1.0447,1.5533
1.0446,1.5533
1.0444,1.5533
1.0443,1.5533
1.0441,1.5533
1.0439,1.5533
1.0439,1.5479
1.0439,1.5424
1.0438,1.5424
1.0438,1.537
1.0436,1.537
1.0435,1.537
1.0433,1.537
1.0433,1.5317
1.0432,1.5317
1.043,1.5317
1.0429,1.5317
1.0429,1.5265
1.0427,1.5265
1.0426,1.5265
1.0426,1.5214
1.0426,1.5163
1.0426,1.5112
1.0425,1.5112
1.0423,1.5112
1.0422,1.5112
1.042,1.5112
1.042,1.5062
1.042,1.5013
1.042,1.4964
1.0419,1.4964
1.0418,1.4964
1.0416,1.4964
1.0415,1.4964
1.0414,1.4964
1.0412,1.4964
1.0411,1.4964
1.041,1.4964
1.0408,1.4964
1.0408,1.4916
1.0407,1.4916
1.0406,1.4916
1.0406,1.487
1.0405,1.487
1.0405,1.4823
1.0403,1.4823
1.0402,1.4823
1.0402,1.4778
1.0401,1.4778
1.04,1.4778
1.0398,1.4778
1.0398,1.4733
1.0398,1.4688
1.0398,1.4643
1.0398,1.4599
1.0397,1.4599
1.0396,1.4599
1.0396,1.4555
1.0395,1.4555
1.0394,1.4555
1.0392,1.4555
1.0391,1.4555
1.039,1.4555
1.0389,1.4555
1.0389,1.4513
1.0388,1.4513
1.0387,1.4513
1.0386,1.4513
1.0384,1.4513
1.0383,1.4513
1.0382,1.4513
1.0381,1.4513
1.0381,1.4471
1.038,1.4471
1.0379,1.4471
1.0378,1.4471
1.0378,1.443
1.0377,1.443
1.0377,1.4389
1.0376,1.4389
1.0375,1.4389
1.0374,1.4389
1.0374,1.4349
1.0373,1.4349
1.0372,1.4349
1.0371,1.4349
1.037,1.4349
1.037,1.431
1.0369,1.431
1.0369,1.4271
1.0368,1.4271
1.0367,1.4271
1.0367,1.4232
1.0366,1.4232
1.0366,1.4194
1.0366,1.4156
1.0365,1.4156
1.0364,1.4156
1.0364,1.4118
1.0363,1.4118
1.0362,1.4118
1.0361,1.4118
1.036,1.4118
1.0359,1.4118
1.0358,1.4118
1.0358,1.4081
1.0357,1.4081
1.0356,1.4081
1.0356,1.4044
1.0356,1.4008
1.0356,1.3972
1.0355,1.3972
1.0355,1.3936
1.0355,1.39
1.0354,1.39
1.0354,1.3865
1.0353,1.3865
1.0352,1.3865
1.0352,1.3865
1.0352,1.383
1.0351,1.383
1.0351,1.3795
1.035,1.3795
1.0349,1.3795
1.0349,1.376
1.0348,1.376
1.0347,1.376
1.0347,1.3726
1.0346,1.3726
1.0346,1.3693
1.0345,1.3693
1.0345,1.3659
1.0345,1.3626
1.0345,1.3626
1.0344,1.3626
1.0344,1.3593
1.0344,1.356
1.0343,1.356
1.0342,1.356
1.0342,1.3527
1.0342,1.3495
1.0342,1.3462
1.0341,1.3462
1.034,1.3462
1.034,1.343
1.034,1.3399
1.034,1.3399
1.0339,1.3399
1.0338,1.3399
1.0338,1.3367
1.0338,1.3336
1.0337,1.3336
1.0336,1.3336
1.0336,1.3336
1.0335,1.3336
1.0334,1.3336
1.0333,1.3336
1.0333,1.3336
1.0333,1.3305
1.0333,1.3275
1.0332,1.3275
1.0331,1.3275
1.033,1.3275
1.033,1.3275
1.033,1.3244
1.033,1.3215
1.033,1.3185
1.0329,1.3185
1.0328,1.3185
1.0327,1.3185
1.0327,1.3155
1.0327,1.3126
1.0327,1.3126
1.0326,1.3126
1.0325,1.3126
1.0325,1.3097
1.0324,1.3097
1.0324,1.3097
1.0324,1.3068
1.0324,1.3039
1.0323,1.3039
1.0322,1.3039
1.0322,1.3039
1.0321,1.3039
1.032,1.3039
1.032,1.3039
1.0319,1.3039
1.0319,1.3011
1.0318,1.3011
1.0318,1.2983
1.0317,1.2983
1.0317,1.2983
1.0316,1.2983
1.0316,1.2956
1.0316,1.2928
1.0315,1.2928
1.0315,1.2901
1.0315,1.2901
1.0315,1.2874
1.0314,1.2874
1.0313,1.2874
1.0313,1.2874
1.0312,1.2874
1.0312,1.2874
1.0311,1.2874
1.031,1.2874
1.031,1.2847
1.031,1.2847
1.0309,1.2847
1.0308,1.2847
1.0308,1.2847
1.0307,1.2847
1.0307,1.2821
1.0306,1.2821
1.0306,1.2795
1.0306,1.2795
1.0305,1.2795
1.0305,1.2795
1.0304,1.2795
1.0303,1.2795
1.0303,1.2769
1.0303,1.2769
1.0302,1.2769
1.0302,1.2743
1.0302,1.2743
1.0301,1.2743
1.03,1.2743
1.03,1.2743
1.0299,1.2743
1.0299,1.2743
1.0299,1.2718
1.0299,1.2693
1.0299,1.2668
1.0299,1.2643
1.0298,1.2643
1.0297,1.2643
1.0297,1.2643
1.0297,1.2619
1.0296,1.2619
1.0296,1.2619
1.0296,1.2594
1.0295,1.2594
1.0294,1.2594
1.0294,1.257
1.0294,1.257
1.0293,1.257
1.0293,1.257
1.0293,1.2546
1.0292,1.2546
1.0292,1.2546
1.0292,1.2522
1.0291,1.2522
1.0291,1.2522
1.029,1.2522
1.029,1.2499
1.029,1.2475
1.029,1.2452
1.029,1.2429
1.029,1.2429
1.0289,1.2429
1.0288,1.2429
1.0288,1.2429
1.0288,1.2406
1.0287,1.2406
1.0287,1.2406
1.0286,1.2406
1.0286,1.2383
1.0286,1.2383
1.0286,1.236
1.0285,1.236
1.0285,1.236
1.0284,1.236
1.0284,1.236
1.0283,1.236
1.0283,1.2338
1.0283,1.2338
1.0283,1.2315
1.0282,1.2315
1.0282,1.2293
1.0282,1.2293
1.0281,1.2293
1.0281,1.2271
1.0281,1.2271
1.0281,1.2249
1.0281,1.2227
1.0281,1.2206
1.028,1.2206
1.028,1.2206
1.028,1.2184
1.0279,1.2184
1.0279,1.2184
1.0278,1.2184
1.0278,1.2184
1.0278,1.2163
1.0277,1.2163
1.0277,1.2163
1.0276,1.2163
1.0276,1.2163
1.0275,1.2163
1.0275,1.2163
1.0274,1.2163
1.0274,1.2142
1.0274,1.2121
1.0274,1.21
1.0274,1.21
1.0273,1.21
1.0273,1.2079
1.0273,1.2079
1.0273,1.2058
1.0272,1.2058
1.0272,1.2038
1.0272,1.2038
1.0272,1.2017
1.0272,1.2017
1.0271,1.2017
1.0271,1.2017
1.027,1.2017
1.027,1.2017
1.027,1.1997
1.0269,1.1997
1.0269,1.1997
1.0268,1.1997
1.0268,1.1977
1.0268,1.1957
1.0268,1.1937
1.0268,1.1937
1.0267,1.1937
1.0267,1.1937
1.0267,1.1917
1.0267,1.1917
1.0266,1.1917
1.0266,1.1917
1.0265,1.1917
1.0265,1.1917
1.0265,1.1898
1.0264,1.1898
1.0264,1.1898
1.0264,1.1898
1.0264,1.1879
1.0263,1.1879
1.0263,1.1859
1.0263,1.184
1.0263,1.1821
1.0263,1.1821
1.0262,1.1821
1.0262,1.1821
1.0261,1.1821
1.0261,1.1802
1.0261,1.1802
1.0261,1.1802
1.026,1.1802
1.026,1.1802
1.026,1.1783
1.0259,1.1783
1.0259,1.1783
1.0258,1.1783
1.0258,1.1783
1.0258,1.1783
1.0257,1.1783
1.0257,1.1783
1.0256,1.1783
1.0256,1.1783
1.0256,1.1783
1.0255,1.1783
1.0255,1.1783
1.0254,1.1783
1.0254,1.1783
1.0254,1.1783
1.0253,1.1783
1.0253,1.1783
1.0252,1.1783
1.0252,1.1765
1.0252,1.1747
1.0252,1.1747
1.0252,1.1747
1.0251,1.1747
1.0251,1.1729
1.0251,1.1711
1.0251,1.1711
1.0251,1.1711
1.025,1.1711
1.025,1.1693
1.025,1.1693
1.0249,1.1693
1.0249,1.1693
1.0249,1.1693
1.0249,1.1676
1.0249,1.1658
1.0248,1.1658
1.0248,1.1641
1.0248,1.1641
1.0248,1.1623
1.0248,1.1606
1.0248,1.1588
1.0248,1.1588
1.0248,1.1571
1.0247,1.1571
1.0247,1.1571
1.0246,1.1571
1.0246,1.1554
1.0246,1.1537
1.0246,1.1537
1.0246,1.1537
1.0245,1.1537
1.0245,1.1537
1.0245,1.1537
1.0244,1.1537
1.0244,1.1537
1.0244,1.152
1.0244,1.152
1.0244,1.1503
1.0244,1.1487
1.0243,1.1487
1.0243,1.1487
1.0243,1.147
1.0243,1.147
1.0242,1.147
1.0242,1.147
1.0242,1.1454
1.0241,1.1454
1.0241,1.1437
1.0241,1.1437
1.0241,1.1437
1.024,1.1437
1.024,1.1437
1.024,1.1437
1.0239,1.1437
1.0239,1.1437
1.0239,1.1421
1.0239,1.1421
1.0238,1.1421
1.0238,1.1421
1.0238,1.1405
1.0238,1.1389
1.0238,1.1373
1.0238,1.1373
1.0237,1.1373
1.0237,1.1373
1.0237,1.1357
1.0237,1.1357
1.0236,1.1357
1.0236,1.1341
1.0236,1.1341
1.0236,1.1341
1.0235,1.1341
1.0235,1.1325
1.0235,1.131
1.0235,1.131
1.0235,1.131
1.0235,1.1294
1.0235,1.1278
1.0234,1.1278
1.0234,1.1278
1.0234,1.1263
1.0234,1.1263
1.0234,1.1248
1.0233,1.1248
1.0233,1.1232
1.0233,1.1217
1.0233,1.1202
1.0233,1.1202
1.0233,1.1187
1.0233,1.1187
1.0233,1.1187
1.0232,1.1187
1.0232,1.1187
1.0232,1.1187
1.0231,1.1187
1.0231,1.1187
1.0231,1.1187
1.0231,1.1172
1.023,1.1172
1.023,1.1172
1.023,1.1172
1.0229,1.1172
1.0229,1.1172
1.0229,1.1157
1.0229,1.1142
1.0229,1.1142
1.0229,1.1142
1.0229,1.1127
1.0228,1.1127
1.0228,1.1113
1.0228,1.1098
1.0228,1.1083
1.0228,1.1083
1.0228,1.1069
1.0228,1.1069
1.0227,1.1069
1.0227,1.1054
1.0227,1.104
1.0227,1.1026
1.0227,1.1026
1.0227,1.1026
1.0227,1.1011
1.0226,1.1011
1.0226,1.1011
1.0226,1.1011
1.0226,1.1011
1.0226,1.0997
1.0226,1.0983
1.0226,1.0969
1.0226,1.0955
1.0225,1.0955
1.0225,1.0955
1.0225,1.0955
1.0224,1.0955
1.0224,1.0955
1.0224,1.0955
1.0224,1.0955
1.0224,1.0941
1.0223,1.0941
1.0223,1.0941
1.0223,1.0941
1.0222,1.0941
1.0222,1.0927
1.0222,1.0927
1.0222,1.0927
1.0222,1.0927
1.0221,1.0927
1.0221,1.0927
1.0221,1.0927
1.0221,1.0913
1.022,1.0913
1.022,1.0913
1.022,1.09
1.022,1.09
1.022,1.09
1.0219,1.09
1.0219,1.0886
1.0219,1.0873
1.0219,1.0873
1.0219,1.0859
1.0219,1.0859
1.0219,1.0846
1.0219,1.0833
1.0219,1.0819
1.0219,1.0806
1.0219,1.0806
1.0219,1.0793
1.0219,1.078
1.0219,1.0766
1.0219,1.0753
1.0219,1.074
1.0218,1.074
1.0218,1.074
1.0218,1.074
1.0218,1.074
1.0218,1.0727
1.0217,1.0727
1.0217,1.0727
1.0217,1.0714
1.0217,1.0701
1.0217,1.0688
1.0217,1.0688
1.0216,1.0688
1.0216,1.0688
1.0216,1.0688
1.0216,1.0688
1.0215,1.0688
1.0215,1.0676
1.0215,1.0676
1.0215,1.0676
1.0215,1.0676
1.0215,1.0663
1.0214,1.0663
1.0214,1.065
1.0214,1.0638
1.0214,1.0638
1.0214,1.0638
1.0214,1.0638
1.0214,1.0625
1.0213,1.0625
1.0213,1.0625
1.0213,1.0625
1.0213,1.0613
1.0213,1.06
1.0213,1.0588
1.0213,1.0575
1.0213,1.0575
1.0213,1.0563
1.0212,1.0563
1.0212,1.0563
1.0212,1.0551
1.0212,1.0551
1.0212,1.0538
1.0212,1.0538
1.0212,1.0526
1.0212,1.0514
1.0211,1.0514
1.0211,1.0514
1.0211,1.0514
1.0211,1.0514
1.0211,1.0502
1.021,1.0502
1.021,1.0502
1.021,1.0502
1.021,1.049
1.021,1.0478
1.021,1.0466
1.021,1.0454
1.021,1.0442
1.021,1.043
1.021,1.043
1.0209,1.043
1.0209,1.043
1.0209,1.043
1.0209,1.043
1.0209,1.0419
1.0209,1.0419
1.0209,1.0407
1.0208,1.0407
1.0208,1.0407
1.0208,1.0407
1.0208,1.0407
1.0208,1.0395
1.0207,1.0395
1.0207,1.0384
1.0207,1.0384
1.0207,1.0384
1.0207,1.0384
1.0206,1.0384
1.0206,1.0384
1.0206,1.0372
1.0206,1.0372
1.0206,1.0372
1.0206,1.0372
1.0205,1.0372
1.0205,1.0361
1.0205,1.0349
1.0205,1.0349
1.0205,1.0338
1.0205,1.0338
1.0205,1.0326
1.0205,1.0326
1.0204,1.0326
1.0204,1.0315
1.0204,1.0315
1.0204,1.0315
1.0204,1.0315
1.0204,1.0315
1.0203,1.0315
1.0203,1.0315
1.0203,1.0315
1.0203,1.0315
1.0202,1.0315
1.0202,1.0315
1.0202,1.0315
1.0202,1.0315
1.0202,1.0304
1.0202,1.0293
1.0202,1.0293
1.0202,1.0282
1.0201,1.0282
1.0201,1.0282
1.0201,1.0282
1.0201,1.0282
1.0201,1.0271
1.02,1.0271
1.02,1.026
1.02,1.026
1.02,1.026
1.02,1.026
1.02,1.026
1.02,1.0249
1.0199,1.0249
1.0199,1.0249
1.0199,1.0238
1.0199,1.0238
1.0199,1.0238
1.0199,1.0227
1.0199,1.0227
1.0198,1.0227
1.0198,1.0227
1.0198,1.0227
1.0198,1.0227
1.0198,1.0216
1.0198,1.0216
1.0197,1.0216
1.0197,1.0206
1.0197,1.0195
1.0197,1.0205
1.0197,1.0195
1.0218,1.0195
1.0218,1.0205
1.0218,1.0215
1.0238,1.0215
1.0238,1.0225
1.0238,1.0235
1.0238,1.0245
1.0238,1.0245
1.0238,1.0245
1.0238,1.0245
1.0237,1.0245
1.0237,1.0235
1.0237,1.0245
1.0237,1.0234
1.0258,1.0234
1.0278,1.0234
1.0298,1.0234
1.0298,1.0244
1.0298,1.0254
1.0318,1.0254
1.0318,1.0264
1.0318,1.0274
1.0318,1.0284
1.0318,1.0294
1.0318,1.0304
1.0338,1.0304
1.0358,1.0304
1.0358,1.0314
1.0358,1.0323
1.0358,1.0333
1.0358,1.0343
1.0378,1.0343
1.0378,1.0353
1.0398,1.0353
1.0418,1.0353
1.0437,1.0353
1.0457,1.0353
1.0457,1.0362
1.0476,1.0362
1.0496,1.0362
1.0496,1.0372
1.0516,1.0372
1.0516,1.0382
1.0516,1.0391
1.0516,1.0401
1.0535,1.0401
1.0535,1.041
1.0535,1.042
1.0535,1.0429
1.0535,1.0439
1.0535,1.0448
NaN,NaN
2.5,0
2.5,0.16667
2.5,0.30769
2.5357,0.30769
2.5357,0.42051
2.5647,0.42051
2.5647,0.51342
2.5647,0.59601
2.5647,0.66991
2.5647,0.73641
2.5855,0.73641
2.6043,0.73641
2.6043,0.79135
2.6208,0.79135
2.636,0.79135
2.636,0.83784
2.636,0.88088
2.636,0.92085
2.636,0.95806
2.6481,0.95806
2.6481,0.99167
2.6591,0.99167
2.6694,0.99167
2.6791,0.99167
2.6791,1.0205
2.6881,1.0205
2.6965,1.0205
2.6965,1.0463
2.6965,1.0707
2.6965,1.0939
2.6965,1.116
2.6965,1.1371
2.7035,1.1371
2.7035,1.1567
2.7035,1.1754
2.7035,1.1934
2.7099,1.1934
2.7099,1.2102
2.7099,1.2263
2.7099,1.2418
2.7099,1.2566
2.7154,1.2566
2.7154,1.2707
2.7154,1.2842
2.7206,1.2842
2.7206,1.2969
2.7206,1.3093
2.7206,1.3212
2.7253,1.3212
2.7299,1.3212
2.7343,1.3212
2.7386,1.3212
2.7428,1.3212
2.7428,1.3318
2.7428,1.3421
2.7428,1.352
2.7466,1.352
2.7466,1.3616
2.7466,1.3708
2.7502,1.3708
2.7538,1.3708
2.7538,1.3796
2.7571,1.3796
2.7571,1.3879
2.7571,1.3961
2.7571,1.4041
2.7571,1.4118
2.7571,1.4193
2.7571,1.4267
2.7571,1.4339
2.7571,1.4408
2.7571,1.4477
2.7601,1.4477
2.7601,1.4542
2.7601,1.4607
2.7601,1.4669
2.7601,1.4731
2.7601,1.479
2.7601,1.4849
2.7601,1.4906
2.7601,1.4962
2.7601,1.5017
2.7601,1.5071
2.7626,1.5071
2.7626,1.5122
2.7651,1.5122
2.7651,1.5173
2.7651,1.5222
2.7651,1.527
2.7674,1.527
2.7674,1.5317
2.7674,1.5363
2.7697,1.5363
2.7719,1.5363
2.7719,1.5407
2.7741,1.5407
2.7762,1.5407
2.7762,1.545
2.7782,1.545
2.7782,1.5491
2.7802,1.5491
2.7822,1.5491
2.7822,1.5531
2.7841,1.5531
2.7841,1.557
2.786,1.557
2.786,1.5608
2.7878,1.5608
2.7896,1.5608
2.7896,1.5644
2.7896,1.568
2.7896,1.5716
2.7896,1.575
2.7896,1.5785
2.7896,1.5818
2.7896,1.5852
2.7912,1.5852
2.7928,1.5852
2.7928,1.5884
2.7928,1.5915
2.7928,1.5947
2.7928,1.5977
2.7928,1.6008
2.7928,1.6037
2.7928,1.6067
2.7944,1.6067
2.7959,1.6067
2.7973,1.6067
2.7988,1.6067
2.7988,1.6095
2.7988,1.6123
2.8002,1.6123
2.8002,1.615
2.8002,1.6176
2.8002,1.6203
2.8002,1.6229
2.8002,1.6254
2.8002,1.628
2.8016,1.628
2.8016,1.6305
2.8029,1.6305
2.8029,1.6329
2.8029,1.6353
2.8042,1.6353
2.8042,1.6376
2.8042,1.64
2.8054,1.64
2.8054,1.6422
2.8066,1.6422
2.8066,1.6445
2.8078,1.6445
2.8078,1.6467
2.809,1.6467
2.809,1.6488
2.809,1.651
2.8102,1.651
2.8102,1.653
2.8102,1.6551
2.8113,1.6551
2.8113,1.6571
2.8113,1.6591
2.8124,1.6591
2.8124,1.6611
2.8135,1.6611
2.8135,1.663
2.8145,1.663
2.8145,1.665
2.8156,1.665
2.8166,1.665
2.8176,1.665
2.8176,1.6668
2.8176,1.6686
2.8176,1.6704
2.8186,1.6704
2.8196,1.6704
2.8196,1.6722
2.8205,1.6722
2.8205,1.674
2.8215,1.674
2.8224,1.674
2.8224,1.6757
2.8224,1.6774
2.8234,1.6774
2.8234,1.679
2.8243,1.679
2.8252,1.679
2.826,1.679
2.8269,1.679
2.8269,1.6806
2.8269,1.6822
2.8278,1.6822
2.8278,1.6838
2.8278,1.6854
2.8286,1.6854
2.8286,1.6869
2.8286,1.6884
2.8286,1.6899
2.8286,1.6914
2.8286,1.6929
2.8286,1.6944
2.8286,1.6958
2.8294,1.6958
2.8302,1.6958
2.8302,1.6972
2.8302,1.6986
2.831,1.6986
2.831,1.7
2.831,1.7014
2.831,1.7028
2.831,1.7041
2.831,1.7054
2.8318,1.7054
2.8325,1.7054
2.8325,1.7068
2.8333,1.7068
2.8333,1.7081
2.8333,1.7093
2.8333,1.7106
2.8333,1.7119
2.8333,1.7131
2.834,1.7131
2.8347,1.7131
2.8347,1.7144
2.8347,1.7156
2.8354,1.7156
2.8354,1.7168
2.8354,1.718
2.8354,1.7192
2.8354,1.7203
2.8361,1.7203
2.8361,1.7215
2.8361,1.7227
2.8361,1.7238
2.8361,1.7249
2.8361,1.7261
2.8361,1.7272
2.8368,1.7272
2.8368,1.7283
2.8368,1.7294
2.8374,1.7294
2.8374,1.7304
2.8381,1.7304
2.8381,1.7315
2.8387,1.7315
2.8387,1.7326
2.8387,1.7336
2.8387,1.7346
2.8387,1.7357
2.8393,1.7357
2.8393,1.7367
2.8393,1.7377
2.8393,1.7387
2.8393,1.7397
2.8393,1.7407
2.8393,1.7417
2.8393,1.7426
2.8399,1.7426
2.8405,1.7426
2.8405,1.7436
2.8405,1.7445
2.8411,1.7445
2.8417,1.7445
2.8417,1.7455
2.8417,1.7464
2.8417,1.7473
2.8417,1.7482
2.8417,1.7491
2.8417,1.75
2.8417,1.7509
2.8417,1.7518
2.8423,1.7518
2.8423,1.7527
2.8428,1.7527
2.8434,1.7527
2.8434,1.7536
2.8434,1.7544
2.8439,1.7544
2.8439,1.7553
2.8439,1.7561
2.8439,1.757
2.8439,1.7578
2.8445,1.7578
2.8445,1.7586
2.8445,1.7595
2.8445,1.7603
2.8445,1.7611
2.8445,1.7619
2.8445,1.7627
2.8445,1.7635
2.845,1.7635
2.845,1.7643
2.8455,1.7643
2.8455,1.765
2.8455,1.7658
2.846,1.7658
2.846,1.7666
2.846,1.7673
2.846,1.7681
2.846,1.7689
2.8465,1.7689
2.847,1.7689
2.847,1.7696
2.847,1.7703
2.847,1.7711
2.8475,1.7711
2.848,1.7711
2.848,1.7718
2.848,1.7725
2.848,1.7732
2.848,1.7739
2.848,1.7746
2.848,1.7753
2.8484,1.7753
2.8484,1.776
2.8489,1.776
2.8489,1.7767
2.8489,1.7774
2.8493,1.7774
2.8493,1.7781
2.8493,1.7787
2.8493,1.7794
2.8498,1.7794
2.8498,1.7801
2.8503,1.7801
2.8507,1.7801
2.8511,1.7801
2.8511,1.7807
2.8511,1.7814
2.8511,1.782
2.8516,1.782
2.852,1.782
2.852,1.7827
2.852,1.7833
2.8524,1.7833
2.8529,1.7833
2.8529,1.7839
2.8529,1.7845
2.8533,1.7845
2.8537,1.7845
2.8537,1.7852
2.8537,1.7858
2.8537,1.7864
2.8541,1.7864
2.8541,1.787
2.8545,1.787
2.855,1.787
2.855,1.7876
2.855,1.7882
2.855,1.7888
2.855,1.7893
2.8554,1.7893
2.8554,1.7899
2.8558,1.7899
2.8558,1.7905
2.8558,1.7911
2.8558,1.7916
2.8558,1.7922
2.8558,1.7928
2.8558,1.7933
2.8561,1.7933
2.8561,1.7939
2.8565,1.7939
2.8565,1.7945
2.8565,1.795
2.8565,1.7955
2.8569,1.7955
2.8573,1.7955
2.8573,1.7961
2.8573,1.7966
2.8577,1.7966
2.8577,1.7972
2.8577,1.7977
2.8577,1.7982
2.8577,1.7987
2.8577,1.7993
2.8577,1.7998
2.8577,1.8003
2.858,1.8003
2.858,1.8008
2.858,1.8013
2.858,1.8018
2.858,1.8023
2.858,1.8028
2.858,1.8033
2.858,1.8038
2.8584,1.8038
2.8584,1.8043
2.8584,1.8048
2.8584,1.8053
2.8587,1.8053
2.8587,1.8058
2.8591,1.8058
2.8594,1.8058
2.8594,1.8063
2.8594,1.8068
2.8594,1.8072
2.8594,1.8077
2.8598,1.8077
2.8601,1.8077
2.8601,1.8082
2.8601,1.8086
2.8601,1.8091
2.8605,1.8091
2.8605,1.8096
2.8605,1.81
2.8605,1.8105
2.8605,1.8109
2.8605,1.8114
2.8605,1.8118
2.8605,1.8123
2.8605,1.8127
2.8608,1.8127
2.8608,1.8132
2.8611,1.8132
2.8611,1.8136
2.8615,1.8136
2.8615,1.8141
2.8615,1.8145
2.8615,1.8149
2.8615,1.8154
2.8618,1.8154
2.8621,1.8154
2.8624,1.8154
2.8627,1.8154
2.8627,1.8158
2.863,1.8158
2.8634,1.8158
2.8634,1.8162
2.8634,1.8166
2.8634,1.817
2.8634,1.8175
2.8634,1.8179
2.8634,1.8183
2.8634,1.8187
2.8634,1.8191
2.8634,1.8195
2.8637,1.8195
2.8637,1.8199
2.864,1.8199
2.864,1.8203
2.8643,1.8203
2.8643,1.8207
2.8643,1.8211
2.8643,1.8215
2.8646,1.8215
2.8649,1.8215
2.8649,1.8219
2.8649,1.8223
2.8652,1.8223
2.8655,1.8223
2.8655,1.8227
2.8657,1.8227
2.8657,1.823
2.8657,1.8234
2.8657,1.8238
2.8657,1.8242
2.8657,1.8246
2.8657,1.8249
2.8657,1.8253
2.866,1.8253
2.866,1.8257
2.8663,1.8257
2.8666,1.8257
2.8666,1.826
2.8669,1.826
2.8669,1.8264
2.8669,1.8268
2.8669,1.8271
2.8669,1.8275
2.8672,1.8275
2.8672,1.8278
2.8672,1.8282
2.8672,1.8286
2.8672,1.8289
2.8672,1.8293
2.8674,1.8293
2.8674,1.8296
2.8674,1.83
2.8674,1.8303
2.8674,1.8307
2.8674,1.831
2.8674,1.8314
2.8677,1.8314
2.868,1.8314
2.868,1.8317
2.8682,1.8317
2.8682,1.832
2.8682,1.8324
2.8682,1.8327
2.8682,1.833
2.8682,1.8334
2.8682,1.8337
2.8685,1.8337
2.8685,1.834
2.8688,1.834
2.869,1.834
2.869,1.8344
2.8693,1.8344
2.8695,1.8344
2.8695,1.8347
2.8695,1.835
2.8698,1.835
2.8698,1.8353
2.8698,1.8357
2.8698,1.836
2.87,1.836
2.8703,1.836
2.8705,1.836
2.8705,1.8363
2.8705,1.8366
2.8705,1.8369
2.8705,1.8372
2.8708,1.8372
2.871,1.8372
2.871,1.8375
2.8713,1.8375
2.8713,1.8378
2.8713,1.8382
2.8713,1.8385
2.8713,1.8388
2.8713,1.8391
2.8713,1.8394
2.8713,1.8397
2.8713,1.84
2.8713,1.8403
2.8715,1.8403
2.8715,1.8406
2.8718,1.8406
2.8718,1.8409
2.8718,1.8412
2.8718,1.8415
2.8718,1.8417
2.872,1.8417
2.872,1.842
2.872,1.8423
2.8722,1.8423
2.8722,1.8426
2.8722,1.8429
2.8722,1.8432
2.8722,1.8435
2.8722,1.8438
2.8722,1.844
2.8722,1.8443
2.8722,1.8446
2.8722,1.8449
2.8722,1.8452
2.8722,1.8454
2.8722,1.8457
2.8722,1.846
2.8722,1.8463
2.8725,1.8463
2.8725,1.8465
2.8727,1.8465
2.8727,1.8468
2.8727,1.8471
2.8729,1.8471
2.8731,1.8471
2.8731,1.8474
2.8731,1.8476
2.8731,1.8479
2.8731,1.8482
2.8731,1.8484
2.8731,1.8487
2.8731,1.8489
2.8734,1.8489
2.8734,1.8492
2.8736,1.8492
2.8736,1.8495
2.8736,1.8497
2.8736,1.85
2.8738,1.85
2.874,1.85
2.874,1.8502
2.8742,1.8502
2.8742,1.8505
2.8744,1.8505
2.8744,1.8508
2.8746,1.8508
2.8749,1.8508
2.8749,1.851
2.8749,1.8513
2.8749,1.8515
2.8751,1.8515
2.8751,1.8518
2.8751,1.852
2.8753,1.852
2.8755,1.852
2.8755,1.8523
2.8755,1.8525
2.8757,1.8525
2.8757,1.8528
2.8757,1.853
2.8757,1.8532
2.8757,1.8535
2.8757,1.8537
2.8757,1.854
2.8757,1.8542
2.8757,1.8544
2.8759,1.8544
2.8759,1.8547
2.8759,1.8549
2.8759,1.8552
2.8759,1.8554
2.8759,1.8556
2.8761,1.8556
2.8761,1.8559
2.8761,1.8561
2.8761,1.8563
2.8763,1.8563
2.8763,1.8566
2.8765,1.8566
2.8765,1.8568
2.8765,1.857
2.8765,1.8573
2.8765,1.8575
2.8765,1.8577
2.8765,1.8579
2.8767,1.8579
2.8767,1.8582
2.8767,1.8584
2.8769,1.8584
2.8769,1.8586
2.8769,1.8588
2.8769,1.8591
2.8769,1.8593
2.8769,1.8595
2.8771,1.8595
2.8771,1.8597
2.8773,1.8597
2.8773,1.8599
2.8773,1.8602
2.8775,1.8602
2.8775,1.8604
2.8775,1.8606
2.8775,1.8608
2.8777,1.8608
2.8779,1.8608
2.878,1.8608
2.878,1.861
2.878,1.8612
2.878,1.8615
2.878,1.8617
2.8782,1.8617
2.8782,1.8619
2.8782,1.8621
2.8784,1.8621
2.8784,1.8623
2.8784,1.8625
2.8784,1.8627
2.8784,1.8629
2.8784,1.8631
2.8786,1.8631
2.8786,1.8633
2.8788,1.8633
2.8788,1.8635
2.879,1.8635
2.8791,1.8635
2.8793,1.8635
2.8793,1.8637
2.8793,1.864
2.8795,1.864
2.8795,1.8642
2.8797,1.8642
2.8797,1.8644
2.8797,1.8646
2.8797,1.8648
2.8797,1.865
2.8797,1.8652
2.8799,1.8652
2.8799,1.8654
2.8799,1.8656
2.8799,1.8657
2.8799,1.8659
2.8799,1.8661
2.88,1.8661
2.88,1.8663
2.88,1.8665
2.88,1.8667
2.88,1.8669
2.88,1.8671
2.88,1.8673
2.88,1.8675
2.88,1.8677
2.8802,1.8677
2.8802,1.8679
2.8802,1.8681
2.8802,1.8683
2.8802,1.8684
2.8802,1.8686
2.8802,1.8688
2.8802,1.869
2.8802,1.8692
2.8804,1.8692
2.8804,1.8694
2.8804,1.8696
2.8804,1.8698
2.8804,1.8699
2.8804,1.8701
2.8804,1.8703
2.8804,1.8705
2.8804,1.8707
2.8804,1.8708
2.8805,1.8708
2.8807,1.8708
2.8807,1.871
2.8807,1.8712
2.8809,1.8712
2.8809,1.8714
2.8809,1.8716
2.8809,1.8717
2.8809,1.8719
2.881,1.8719
2.881,1.8721
2.881,1.8723
2.8812,1.8723
2.8814,1.8723
2.8815,1.8723
2.8815,1.8725
2.8815,1.8726
2.8815,1.8728
2.8815,1.873
2.8817,1.873
2.8819,1.873
2.882,1.873
2.882,1.8731
2.8822,1.8731
2.8822,1.8733
2.8822,1.8735
2.8822,1.8737
2.8822,1.8738
2.8822,1.874
2.8822,1.8742
2.8822,1.8743
2.8822,1.8745
2.8822,1.8747
2.8822,1.8748
2.8823,1.8748
2.8823,1.875
2.8823,1.8752
2.8825,1.8752
2.8825,1.8753
2.8825,1.8755
2.8825,1.8757
2.8827,1.8757
2.8827,1.8758
2.8828,1.8758
2.8828,1.876
2.8828,1.8762
2.883,1.8762
2.883,1.8763
2.8831,1.8763
2.8831,1.8765
2.8831,1.8767
2.8831,1.8768
2.8831,1.877
2.8833,1.877
2.8834,1.877
2.8834,1.8771
2.8834,1.8773
2.8834,1.8775
2.8836,1.8775
2.8836,1.8776
2.8836,1.8778
2.8836,1.8779
2.8836,1.8781
2.8836,1.8783
2.8836,1.8784
2.8837,1.8784
2.8837,1.8786
2.8837,1.8787
2.8837,1.8789
2.8837,1.879
2.8837,1.8792
2.8837,1.8793
2.8837,1.8795
2.8837,1.8796
2.8837,1.8798
2.8839,1.8798
2.884,1.8798
2.884,1.88
2.8842,1.88
2.8843,1.88
2.8843,1.8801
2.8843,1.8803
2.8843,1.8804
2.8843,1.8806
2.8845,1.8806
2.8845,1.8807
2.8845,1.8809
2.8845,1.881
2.8846,1.881
2.8846,1.8811
2.8846,1.8813
2.8847,1.8813
2.8847,1.8814
2.8849,1.8814
2.8849,1.8816
2.8849,1.8817
2.885,1.8817
2.8852,1.8817
2.8852,1.8819
2.8852,1.882
2.8853,1.882
2.8853,1.8822
2.8854,1.8822
2.8854,1.8823
2.8856,1.8823
2.8856,1.8825
2.8857,1.8825
2.8857,1.8826
2.8859,1.8826
2.8859,1.8827
2.8859,1.8829
2.8859,1.883
2.886,1.883
2.886,1.8832
2.886,1.8833
2.8861,1.8833
2.8861,1.8835
2.8863,1.8835
2.8864,1.8835
2.8864,1.8836
2.8864,1.8837
2.8864,1.8839
2.8864,1.884
2.8864,1.8842
2.8864,1.8843
2.8864,1.8844
2.8864,1.8846
2.8866,1.8846
2.8866,1.8847
2.8867,1.8847
2.8867,1.8848
2.8868,1.8848
2.8868,1.885
2.8868,1.8851
2.8868,1.8853
2.887,1.8853
2.887,1.8854
2.8871,1.8854
2.8871,1.8855
2.8871,1.8857
2.8872,1.8857
2.8874,1.8857
2.8875,1.8857
2.8876,1.8857
2.8876,1.8858
2.8877,1.8858
2.8879,1.8858
2.8879,1.8859
2.8879,1.8861
2.8879,1.8862
2.8879,1.8863
2.888,1.8863
2.8881,1.8863
2.8881,1.8864
2.8881,1.8866
2.8883,1.8866
2.8884,1.8866
2.8884,1.8867
2.8884,1.8868
2.8884,1.887
2.8885,1.887
2.8885,1.8871
2.8887,1.8871
2.8888,1.8871
2.8888,1.8872
2.8888,1.8874
2.8888,1.8875
2.8888,1.8876
2.8889,1.8876
2.8889,1.8877
2.8889,1.8879
2.8889,1.888
2.8889,1.8881
2.889,1.8881
2.8892,1.8881
2.8892,1.8882
2.8892,1.8884
2.8892,1.8885
2.8892,1.8886
2.8893,1.8886
2.8893,1.8887
2.8893,1.8889
2.8893,1.889
2.8893,1.8891
2.8893,1.8892
2.8893,1.8894
2.8894,1.8894
2.8895,1.8894
2.8896,1.8894
2.8896,1.8895
2.8898,1.8895
2.8899,1.8895
2.89,1.8895
2.89,1.8896
2.8901,1.8896
2.8901,1.8897
2.8901,1.8899
2.8903,1.8899
2.8903,1.89
2.8903,1.8901
2.8903,1.8902
2.8903,1.8903
2.8904,1.8903
2.8904,1.8905
2.8904,1.8906
2.8905,1.8906
2.8905,1.8907
2.8905,1.8908
2.8906,1.8908
2.8906,1.8909
2.8906,1.8911
2.8907,1.8911
2.8907,1.8912
2.8907,1.8913
2.8908,1.8913
2.8908,1.8914
2.8908,1.8915
2.8908,1.8916
2.8908,1.8918
2.8908,1.8919
2.8908,1.892
2.8908,1.8921
2.891,1.8921
2.891,1.8922
2.891,1.8923
2.8911,1.8923
2.8911,1.8924
2.8912,1.8924
2.8913,1.8924
2.8914,1.8924
2.8915,1.8924
2.8915,1.8926
2.8915,1.8927
2.8915,1.8928
2.8915,1.8929
2.8915,1.893
2.8915,1.8931
2.8915,1.8932
2.8915,1.8934
2.8915,1.8935
2.8915,1.8936
2.8915,1.8937
2.8915,1.8938
2.8917,1.8938
2.8918,1.8938
2.8918,1.8939
2.8918,1.894
2.8918,1.8941
2.8918,1.8942
2.8919,1.8942
2.8919,1.8943
2.8919,1.8945
2.892,1.8945
2.8921,1.8945
2.8921,1.8946
2.8921,1.8947
2.8921,1.8948
2.8921,1.8949
2.8922,1.8949
2.8922,1.895
2.8923,1.895
2.8924,1.895
2.8924,1.8951
2.8924,1.8952
2.8924,1.8953
2.8924,1.8954
2.8924,1.8955
2.8925,1.8955
2.8925,1.8956
2.8927,1.8956
2.8927,1.8958
2.8927,1.8959
2.8928,1.8959
2.8928,1.896
2.8928,1.8961
2.8928,1.8962
2.8928,1.8963
2.8928,1.8964
2.8928,1.8965
2.8928,1.8966
2.8928,1.8967
2.8928,1.8968
2.8928,1.8969
2.8929,1.8969
2.893,1.8969
2.893,1.897
2.8931,1.897
2.8931,1.8971
2.8932,1.8971
2.8932,1.8972
2.8932,1.8973
2.8932,1.8974
2.8932,1.8975
2.8932,1.8976
2.8933,1.8976
2.8933,1.8977
2.8933,1.8978
2.8934,1.8978
NaN,NaN
2.5,3.5
2.5,3.2083
2.3846,3.2083
2.2857,3.2083
2.2,3.2083
2.2,3.0078
2.2,2.8309
2.1333,2.8309
2.1333,2.6819
2.0767,2.6819
2.0767,2.5542
2.0277,2.5542
1.983,2.5542
1.9421,2.5542
1.9421,2.452
1.9421,2.3577
1.9421,2.2704
1.9084,2.2704
1.8771,2.2704
1.8479,2.2704
1.8205,2.2704
1.7949,2.2704
1.7708,2.2704
1.7481,2.2704
1.7481,2.2055
1.7481,2.1442
1.7481,2.0863
1.7481,2.0314
1.7289,2.0314
1.7289,1.9806
1.7112,1.9806
1.6942,1.9806
1.6781,1.9806
1.6627,1.9806
1.6627,1.9366
1.6483,1.9366
1.6345,1.9366
1.6345,1.8963
1.6215,1.8963
1.6215,1.8583
1.6215,1.8219
1.6096,1.8219
1.5981,1.8219
1.587,1.8219
1.587,1.7888
1.587,1.7568
1.587,1.726
1.5769,1.726
1.5769,1.6967
1.5769,1.6685
1.5674,1.6685
1.5583,1.6685
1.5583,1.642
1.5495,1.642
1.5411,1.642
1.5329,1.642
1.5329,1.6175
1.5251,1.6175
1.5174,1.6175
1.5101,1.6175
1.5029,1.6175
1.5029,1.595
1.496,1.595
1.4893,1.595
1.4893,1.5737
1.4893,1.553
1.4829,1.553
1.4767,1.553
1.4767,1.5334
1.4767,1.5142
1.4767,1.4955
1.4709,1.4955
1.4652,1.4955
1.4597,1.4955
1.4543,1.4955
1.449,1.4955
1.4439,1.4955
1.4439,1.4785
1.4439,1.4619
1.4389,1.4619
1.4341,1.4619
1.4341,1.446
1.4294,1.446
1.4294,1.4306
1.4294,1.4156
1.4294,1.4217
1.4456,1.4217
1.4456,1.4276
1.4456,1.4333
1.4456,1.439
1.4456,1.4446
1.4456,1.45
1.4413,1.45
1.4371,1.45
1.4329,1.45
1.4288,1.45
1.4248,1.45
1.4248,1.4366
1.4209,1.4366
1.4171,1.4366
1.4133,1.4366
1.4133,1.4238
1.4133,1.4112
1.4133,1.4163
1.4133,1.404
1.4133,1.4091
1.4133,1.4142
1.4098,1.4142
1.4064,1.4142
1.403,1.4142
1.3997,1.4142
1.3964,1.4142
1.3964,1.4027
1.3932,1.4027
1.39,1.4027
1.3869,1.4027
1.3839,1.4027
1.3839,1.3917
1.3809,1.3917
1.3809,1.381
1.378,1.381
1.378,1.3706
1.378,1.3753
1.378,1.38
1.3752,1.38
1.3725,1.38
1.3697,1.38
1.3671,1.38
1.3644,1.38
1.3618,1.38
1.3592,1.38
1.3567,1.38
1.3567,1.3703
1.3542,1.3703
1.3542,1.3609
1.3542,1.3515
1.3542,1.356
1.3518,1.356
1.3518,1.3469
1.3518,1.3512
1.3518,1.3555
1.3495,1.3555
1.3472,1.3555
1.345,1.3555
1.345,1.3468
1.345,1.3381
1.345,1.3423
1.345,1.3465
1.345,1.338
1.3553,1.338
1.3553,1.3422
1.3553,1.3462
1.3553,1.3502
1.3553,1.3542
1.3553,1.3581
1.3532,1.3581
1.3511,1.3581
1.349,1.3581
1.349,1.3501
1.3469,1.3501
1.3449,1.3501
1.3429,1.3501
1.3429,1.3423
1.3524,1.3423
1.3618,1.3423
1.3711,1.3423
1.3804,1.3423
1.3895,1.3423
1.3895,1.3459
1.3895,1.3496
1.3895,1.3532
1.3895,1.3567
1.3895,1.3602
1.3895,1.3637
1.3895,1.3671
1.3895,1.3705
1.3981,1.3705
1.3981,1.3739
1.4065,1.3739
1.4065,1.3772
1.4149,1.3772
1.4149,1.3804
1.4149,1.3836
1.4149,1.3868
1.4149,1.39
1.4149,1.3931
1.4229,1.3931
1.4309,1.3931
1.4309,1.3961
1.4309,1.3991
1.4309,1.4021
1.4387,1.4021
1.4387,1.4051
1.4387,1.408
1.4387,1.4109
1.4387,1.4137
1.4387,1.4166
1.4387,1.4194
1.4461,1.4194
1.4535,1.4194
1.4609,1.4194
1.4681,1.4194
1.4681,1.4221
1.4681,1.4248
1.4681,1.4275
1.4752,1.4275
1.4752,1.4301
1.4752,1.4327
1.4822,1.4327
1.4822,1.4353
1.4822,1.4379
1.4822,1.4404
1.4822,1.4429
1.4822,1.4454
1.4822,1.4479
1.4822,1.4503
1.4822,1.4527
1.4888,1.4527
1.4954,1.4527
1.502,1.4527
1.502,1.4551
1.502,1.4574
1.502,1.4598
1.5084,1.4598
1.5147,1.4598
1.5147,1.4621
1.5147,1.4643
1.5147,1.4666
1.5147,1.4688
1.5209,1.4688
1.5209,1.471
1.5209,1.4732
1.527,1.4732
1.533,1.4732
1.539,1.4732
1.539,1.4753
1.539,1.4775
1.5449,1.4775
1.5449,1.4796
1.5507,1.4796
1.5507,1.4816
1.5507,1.4837
1.5507,1.4857
1.5507,1.4878
1.5507,1.4898
1.5507,1.4918
1.5507,1.4937
1.5507,1.4957
1.5563,1.4957
1.5563,1.4976
1.5619,1.4976
1.5673,1.4976
1.5728,1.4976
1.5728,1.4996
1.5728,1.5014
1.5782,1.5014
1.5782,1.5033
1.5782,1.5052
1.5782,1.507
1.5782,1.5088
1.5782,1.5106
1.5782,1.5124
1.5782,1.5142
1.5782,1.516
1.5833,1.516
1.5885,1.516
1.5885,1.5177
1.5885,1.5195
1.5935,1.5195
1.5985,1.5195
1.5985,1.5212
1.5985,1.5229
1.5985,1.5246
1.6035,1.5246
1.6035,1.5262
1.6035,1.5279
1.6083,1.5279
1.6132,1.5279
1.6132,1.5295
1.6132,1.5312
1.6132,1.5328
1.6132,1.5344
1.6179,1.5344
1.6179,1.5359
1.6179,1.5375
1.6179,1.5391
1.6226,1.5391
1.6272,1.5391
1.6318,1.5391
1.6363,1.5391
1.6363,1.5406
1.6409,1.5406
1.6409,1.5421
1.6453,1.5421
1.6453,1.5436
1.6453,1.5451
1.6497,1.5451
1.6541,1.5451
1.6541,1.5466
1.6541,1.5481
1.6541,1.5495
1.6541,1.551
1.6584,1.551
1.6584,1.5524
1.6627,1.5524
1.6627,1.5538
1.6669,1.5538
1.6669,1.5552
1.6669,1.5566
1.6711,1.5566
1.6752,1.5566
1.6752,1.558
1.6793,1.558
1.6834,1.558
1.6834,1.5593
1.6834,1.5607
1.6834,1.562
1.6834,1.5634
1.6834,1.5647
1.6834,1.566
1.6834,1.5673
1.6874,1.5673
1.6874,1.5686
1.6913,1.5686
1.6952,1.5686
1.6952,1.5699
1.6991,1.5699
1.6991,1.5712
1.6991,1.5724
1.6991,1.5737
1.6991,1.575
1.6991,1.5762
1.7029,1.5762
1.7066,1.5762
1.7066,1.5774
1.7104,1.5774
1.7104,1.5786
1.7104,1.5799
1.7104,1.5811
1.7104,1.5823
1.714,1.5823
1.7177,1.5823
1.7177,1.5834
1.7177,1.5846
1.7213,1.5846
1.7249,1.5846
1.7249,1.5858
1.7249,1.5869
1.7249,1.5881
1.7284,1.5881
1.732,1.5881
1.7355,1.5881
1.7389,1.5881
1.7424,1.5881
1.7424,1.5892
1.7424,1.5903
1.7424,1.5915
1.7424,1.5926
1.7458,1.5926
1.7458,1.5937
1.7492,1.5937
1.7492,1.5948
1.7492,1.5958
1.7492,1.5969
1.7525,1.5969
1.7525,1.598
1.7525,1.5991
1.7525,1.6001
1.7558,1.6001
1.7591,1.6001
1.7591,1.6012
1.7591,1.6022
1.7591,1.6033
1.7623,1.6033
1.7623,1.6043
1.7655,1.6043
1.7687,1.6043
1.7687,1.6053
1.7687,1.6063
1.7687,1.6073
1.7687,1.6083
1.7719,1.6083
1.775,1.6083
1.775,1.6093
1.775,1.6103
1.7781,1.6103
1.7781,1.6113
1.7781,1.6123
1.7781,1.6132
1.7781,1.6142
1.7811,1.6142
1.7842,1.6142
1.7842,1.6152
1.7842,1.6161
1.7872,1.6161
1.7872,1.6171
1.7872,1.618
1.7901,1.618
1.7931,1.618
1.7931,1.6189
1.796,1.6189
1.799,1.6189
1.799,1.6199
1.799,1.6208
1.8018,1.6208
1.8047,1.6208
1.8076,1.6208
1.8076,1.6217
1.8104,1.6217
1.8104,1.6226
1.8104,1.6235
1.8133,1.6235
1.8133,1.6244
1.8161,1.6244
1.8161,1.6253
1.8188,1.6253
1.8216,1.6253
1.8216,1.6261
1.8244,1.6261
1.8271,1.6261
1.8271,1.627
1.8271,1.6279
1.8271,1.6287
1.8271,1.6296
1.8271,1.6304
1.8271,1.6313
1.8271,1.6321
1.8271,1.633
1.8298,1.633
1.8298,1.6338
1.8324,1.6338
1.8324,1.6346
1.835,1.6346
1.8377,1.6346
1.8377,1.6354
1.8377,1.6363
1.8377,1.6371
1.8377,1.6379
1.8377,1.6387
1.8377,1.6395
1.8377,1.6403
1.8377,1.6411
1.8377,1.6419
1.8377,1.6427
1.8402,1.6427
1.8428,1.6427
1.8453,1.6427
1.8478,1.6427
1.8478,1.6435
1.8478,1.6442
1.8503,1.6442
1.8503,1.645
1.8528,1.645
1.8528,1.6458
1.8528,1.6465
1.8528,1.6473
1.8553,1.6473
1.8553,1.648
1.8577,1.648
1.8577,1.6488
1.8577,1.6495
1.8577,1.6503
1.8601,1.6503
1.8601,1.651
1.8601,1.6517
1.8625,1.6517
1.8625,1.6525
1.8625,1.6532
1.8649,1.6532
1.8649,1.6539
1.8649,1.6546
1.8649,1.6554
1.8649,1.6561
1.8649,1.6568
1.8649,1.6575
1.8649,1.6582
1.8649,1.6589
1.8672,1.6589
1.8672,1.6596
1.8695,1.6596
1.8718,1.6596
1.8718,1.6603
1.8741,1.6603
1.8741,1.661
1.8741,1.6617
1.8764,1.6617
1.8764,1.6623
1.8786,1.6623
1.8809,1.6623
1.8809,1.663
1.8831,1.663
1.8831,1.6637
1.8831,1.6644
1.8831,1.665
1.8831,1.6657
1.8853,1.6657
1.8875,1.6657
1.8875,1.6663
1.8875,1.667
1.8875,1.6677
1.8875,1.6683
1.8875,1.669
1.8897,1.669
1.8897,1.6696
1.8897,1.6702
1.8918,1.6702
1.894,1.6702
1.894,1.6709
1.894,1.6715
1.8961,1.6715
1.8982,1.6715
1.8982,1.6721
1.9003,1.6721
1.9003,1.6728
1.9024,1.6728
1.9045,1.6728
1.9045,1.6734
1.9045,1.674
1.9045,1.6746
1.9045,1.6752
1.9045,1.6758
1.9045,1.6765
1.9045,1.6771
1.9066,1.6771
1.9066,1.6777
1.9066,1.6783
1.9086,1.6783
1.9086,1.6789
1.9086,1.6795
1.9086,1.6801
1.9086,1.6806
1.9086,1.6812
1.9086,1.6818
1.9086,1.6824
1.9106,1.6824
1.9106,1.683
1.9126,1.683
1.9126,1.6836
1.9126,1.6841
1.9126,1.6847
1.9126,1.6853
1.9126,1.6859
1.9126,1.6864
1.9146,1.6864
1.9165,1.6864
1.9165,1.687
1.9185,1.687
1.9204,1.687
1.9223,1.687
1.9223,1.6876
1.9223,1.6881
1.9243,1.6881
1.9262,1.6881
1.9262,1.6887
1.9281,1.6887
1.93,1.6887
1.9318,1.6887
1.9337,1.6887
1.9356,1.6887
1.9375,1.6887
1.9375,1.6892
1.9375,1.6897
1.9393,1.6897
1.9393,1.6903
1.9412,1.6903
1.9412,1.6908
1.9412,1.6914
1.9412,1.6919
1.943,1.6919
1.9448,1.6919
1.9448,1.6924
1.9448,1.693
1.9466,1.693
1.9466,1.6935
1.9484,1.6935
1.9484,1.694
1.9484,1.6945
1.9484,1.695
1.9502,1.695
1.9502,1.6956
1.952,1.6956
1.952,1.6961
1.952,1.6966
1.9538,1.6966
1.9538,1.6971
1.9555,1.6971
1.9555,1.6976
1.9555,1.6981
1.9555,1.6986
1.9555,1.6991
1.9555,1.6996
1.9555,1.7001
1.9555,1.7006
1.9555,1.7011
1.9555,1.7016
1.9555,1.7021
1.9555,1.7026
1.9572,1.7026
1.9572,1.7031
1.9572,1.7036
1.9572,1.704
1.9589,1.704
1.9606,1.704
1.9606,1.7045
1.9623,1.7045
1.964,1.7045
1.964,1.705
1.964,1.7055
1.964,1.706
1.964,1.7064
1.964,1.7069
1.964,1.7074
1.964,1.7079
1.964,1.7083
1.9657,1.7083
1.9657,1.7088
1.9673,1.7088
1.969,1.7088
1.9706,1.7088
1.9706,1.7092
1.9722,1.7092
1.9739,1.7092
1.9739,1.7097
1.9739,1.7102
1.9739,1.7106
1.9739,1.7111
1.9755,1.7111
1.9755,1.7115
1.9755,1.712
1.9755,1.7124
1.9771,1.7124
1.9771,1.7129
1.9771,1.7133
1.9771,1.7138
1.9771,1.7142
1.9786,1.7142
1.9786,1.7147
1.9802,1.7147
1.9802,1.7151
1.9818,1.7151
1.9818,1.7155
1.9818,1.716
1.9818,1.7164
1.9834,1.7164
1.9834,1.7168
1.9849,1.7168
1.9849,1.7173
1.9849,1.7177
1.9849,1.7181
1.9849,1.7186
1.9849,1.719
1.9864,1.719
1.9864,1.7194
1.9864,1.7198
1.988,1.7198
1.9895,1.7198
1.9895,1.7202
1.991,1.7202
1.991,1.7207
1.991,1.7211
1.9925,1.7211
1.994,1.7211
1.994,1.7215
1.994,1.7219
1.994,1.7223
1.9955,1.7223
1.9955,1.7227
1.997,1.7227
1.997,1.7231
1.9984,1.7231
1.9999,1.7231
1.9999,1.7235
2.0014,1.7235
2.0028,1.7235
2.0043,1.7235
2.0043,1.7239
2.0057,1.7239
2.0057,1.7243
2.0057,1.7247
2.0072,1.7247
2.0072,1.7251
2.0086,1.7251
2.01,1.7251
2.01,1.7255
2.01,1.7259
2.0115,1.7259
2.0115,1.7263
2.0115,1.7267
2.0115,1.7271
2.0115,1.7275
2.0115,1.7279
2.0115,1.7283
2.0115,1.7287
2.0115,1.7291
2.0115,1.7294
2.0115,1.7298
2.0115,1.7302
2.0129,1.7302
2.0143,1.7302
2.0143,1.7306
2.0143,1.731
2.0143,1.7313
2.0143,1.7317
2.0143,1.7321
2.0143,1.7325
2.0143,1.7328
2.0143,1.7332
2.0143,1.7336
2.0143,1.734
2.0143,1.7343
2.0143,1.7347
2.0143,1.7351
2.0143,1.7354
2.0143,1.7358
2.0156,1.7358
2.0156,1.7362
2.0156,1.7365
2.0156,1.7369
2.017,1.7369
2.0183,1.7369
2.0183,1.7372
2.0197,1.7372
2.021,1.7372
2.021,1.7376
2.0223,1.7376
2.0223,1.738
2.0223,1.7383
2.0223,1.7387
2.0223,1.739
2.0223,1.7394
2.0223,1.7397
2.0236,1.7397
2.0236,1.7401
2.0236,1.7404
2.0236,1.7408
2.0236,1.7411
2.0236,1.7415
2.0236,1.7418
2.0249,1.7418
2.0249,1.7422
2.0249,1.7425
2.0249,1.7428
2.0249,1.7432
2.0249,1.7435
2.0249,1.7439
2.0249,1.7442
2.0262,1.7442
2.0262,1.7445
2.0275,1.7445
2.0275,1.7449
2.0275,1.7452
2.0275,1.7455
2.0275,1.7459
2.0275,1.7462
2.0275,1.7465
2.0275,1.7469
2.0288,1.7469
2.03,1.7469
2.03,1.7472
2.03,1.7475
2.03,1.7479
2.0313,1.7479
2.0313,1.7482
2.0326,1.7482
2.0338,1.7482
2.0338,1.7485
2.035,1.7485
2.035,1.7488
2.0363,1.7488
2.0363,1.7492
2.0363,1.7495
2.0375,1.7495
2.0375,1.7498
2.0387,1.7498
2.0387,1.7501
2.0387,1.7504
2.04,1.7504
2.0412,1.7504
2.0424,1.7504
2.0436,1.7504
2.0436,1.7507
2.0436,1.7511
2.0436,1.7514
2.0448,1.7514
2.0448,1.7517
2.0448,1.752
2.046,1.752
2.046,1.7523
2.046,1.7526
2.046,1.7529
2.046,1.7532
2.046,1.7535
2.0472,1.7535
2.0472,1.7539
2.0472,1.7542
2.0484,1.7542
2.0496,1.7542
2.0496,1.7545
2.0507,1.7545
2.0519,1.7545
2.0519,1.7548
2.0531,1.7548
2.0531,1.7551
2.0531,1.7554
2.0542,1.7554
2.0554,1.7554
2.0554,1.7557
2.0554,1.756
2.0554,1.7563
2.0554,1.7566
2.0554,1.7569
2.0554,1.7572
2.0554,1.7574
2.0554,1.7577
2.0554,1.758
2.0554,1.7583
2.0565,1.7583
2.0565,1.7586
2.0565,1.7589
2.0577,1.7589
2.0577,1.7592
2.0577,1.7595
2.0577,1.7598
2.0577,1.7601
2.0577,1.7604
2.0588,1.7604
2.0599,1.7604
2.0611,1.7604
2.0622,1.7604
2.0622,1.7606
2.0622,1.7609
2.0622,1.7612
2.0622,1.7615
2.0622,1.7618
2.0633,1.7618
2.0633,1.7621
2.0633,1.7623
2.0633,1.7626
2.0644,1.7626
2.0655,1.7626
2.0655,1.7629
2.0666,1.7629
2.0666,1.7632
2.0677,1.7632
2.0677,1.7635
2.0677,1.7637
2.0688,1.7637
2.0688,1.764
2.0698,1.764
2.0698,1.7643
2.0698,1.7646
2.0698,1.7648
2.0698,1.7651
2.0698,1.7654
2.0698,1.7656
2.0698,1.7659
2.0698,1.7662
2.0698,1.7665
2.0698,1.7667
2.0709,1.7667
2.072,1.7667
2.072,1.767
2.073,1.767
2.073,1.7673
2.073,1.7675
2.0741,1.7675
2.0752,1.7675
2.0752,1.7678
2.0752,1.7681
2.0762,1.7681
2.0762,1.7683
2.0773,1.7683
2.0773,1.7686
2.0783,1.7686
2.0783,1.7688
2.0783,1.7691
2.0783,1.7694
2.0783,1.7696
2.0793,1.7696
2.0793,1.7699
2.0804,1.7699
2.0804,1.7701
2.0814,1.7701
2.0824,1.7701
2.0835,1.7701
2.0845,1.7701
2.0845,1.7704
2.0845,1.7706
2.0845,1.7709
2.0845,1.7712
2.0855,1.7712
2.0855,1.7714
2.0865,1.7714
2.0865,1.7717
2.0865,1.7719
2.0865,1.7722
2.0865,1.7724
2.0865,1.7727
2.0875,1.7727
2.0875,1.7729
2.0885,1.7729
2.0885,1.7732
2.0895,1.7732
2.0895,1.7734
2.0905,1.7734
2.0915,1.7734
2.0915,1.7737
2.0915,1.7739
2.0915,1.7742
2.0925,1.7742
2.0925,1.7744
2.0925,1.7746
2.0925,1.7749
2.0935,1.7749
2.0935,1.7751
2.0935,1.7754
2.0935,1.7756
2.0944,1.7756
2.0944,1.7759
2.0944,1.7761
2.0944,1.7763
2.0944,1.7766
2.0944,1.7768
2.0944,1.7771
2.0944,1.7773
2.0944,1.7775
2.0944,1.7778
2.0944,1.778
2.0944,1.7782
2.0944,1.7785
2.0944,1.7787
2.0954,1.7787
2.0954,1.779
2.0964,1.779
2.0964,1.7792
2.0964,1.7794
2.0964,1.7797
2.0964,1.7799
2.0964,1.7801
2.0973,1.7801
2.0973,1.7803
2.0973,1.7806
2.0983,1.7806
2.0983,1.7808
2.0983,1.781
2.0983,1.7813
2.0983,1.7815
2.0983,1.7817
2.0992,1.7817
2.1001,1.7817
2.1011,1.7817
2.1011,1.782
2.102,1.782
2.102,1.7822
2.102,1.7824
2.102,1.7826
2.1029,1.7826
2.1029,1.7829
2.1039,1.7829
2.1048,1.7829
2.1048,1.7831
2.1057,1.7831
2.1066,1.7831
2.1066,1.7833
2.1075,1.7833
2.1085,1.7833
2.1085,1.7835
2.1085,1.7837
2.1085,1.784
2.1085,1.7842
2.1094,1.7842
2.1103,1.7842
2.1103,1.7844
2.1103,1.7846
2.1103,1.7848
2.1103,1.7851
2.1112,1.7851
2.1112,1.7853
2.1121,1.7853
2.1121,1.7855
2.113,1.7855
2.113,1.7857
2.113,1.7859
2.113,1.7861
2.113,1.7864
2.1139,1.7864
2.1148,1.7864
2.1156,1.7864
2.1156,1.7866
2.1165,1.7866
2.1174,1.7866
2.1174,1.7868
2.1174,1.787
2.1174,1.7872
2.1183,1.7872
2.1183,1.7874
2.1183,1.7876
2.1183,1.7878
2.1183,1.7881
2.1183,1.7883
NaN,NaN
