-0.99807,-0.86388
-0.97803,-0.8581
-0.95799,-0.85229
-0.93795,-0.84646
-0.91791,-0.84062
-0.89787,-0.83475
-0.87783,-0.82886
-0.85779,-0.82296
-0.83775,-0.81703
-0.81771,-0.81103
-0.79767,-0.80162
-0.77763,-0.78506
-0.75765,-0.76636
-0.73783,-0.74713
-0.71808,-0.72771
-0.69835,-0.70819
-0.67864,-0.68862
-0.65892,-0.66904
-0.63922,-0.64945
-0.61952,-0.62984
-0.59983,-0.61024
-0.58014,-0.59063
-0.56046,-0.57102
-0.54078,-0.55141
-0.52108,-0.53178
-0.5014,-0.51216
-0.4817,-0.49253
-0.46199,-0.47289
-0.4423,-0.45325
-0.42257,-0.4336
-0.40286,-0.41396
-0.38314,-0.39431
-0.3634,-0.37466
-0.34367,-0.35501
-0.32393,-0.33535
-0.30418,-0.31569
-0.28442,-0.29604
-0.26465,-0.27638
-0.24487,-0.25672
-0.22508,-0.23707
-0.20528,-0.2174
-0.18546,-0.19773
-0.16563,-0.17805
-0.14578,-0.15837
-0.12592,-0.13868
-0.10604,-0.11898
-0.086162,-0.099285
-0.066266,-0.079579
-0.046341,-0.05986
-0.026399,-0.040133
-0.0064373,-0.0204
0.013549,-0.0006597
0.03356,0.019091
0.053596,0.038851
0.073636,0.05859
0.093676,0.078305
0.11372,0.097996
0.13376,0.11765
0.1538,0.13727
0.17384,0.15686
0.19388,0.17639
0.21392,0.19587
0.23396,0.2153
0.254,0.23466
0.27404,0.25395
0.29408,0.27317
0.31412,0.29232
0.33416,0.3114
0.3542,0.33041
0.37424,0.34934
0.39428,0.3682
0.41432,0.38699
0.43436,0.40571
0.4544,0.42436
0.47444,0.44293
0.49448,0.46142
0.51452,0.47985
0.53456,0.4982
0.5546,0.51647
0.57464,0.53467
0.59468,0.5528
0.61472,0.57085
0.63476,0.58883
0.6548,0.60672
0.67484,0.62455
0.69488,0.64229
0.71492,0.65996
0.73496,0.67755
0.755,0.69507
0.77504,0.7125
0.79508,0.72986
0.81512,0.74714
0.83516,0.76434
0.8552,0.78146
0.87524,0.7985
0.89528,0.81546
0.91532,0.83234
0.93536,0.84914
0.9554,0.86585
0.97544,0.88249
0.99548,0.89904
1.0155,0.91551
1.0356,0.9319
1.0556,0.94821
1.0756,0.96443
1.0957,0.98056
1.1157,0.99661
1.1358,1.0126
1.1558,1.0285
1.1758,1.0443
1.1959,1.06
1.2159,1.0756
1.236,1.0911
1.256,1.1066
1.276,1.1219
1.2961,1.1372
1.3161,1.1524
1.3362,1.1675
1.3562,1.1825
1.3762,1.1974
1.3963,1.2122
1.4163,1.2269
1.4364,1.2415
1.4564,1.2561
1.4764,1.2705
1.4965,1.2849
1.5165,1.2991
1.5366,1.3133
1.5566,1.3273
1.5766,1.3413
1.5967,1.3552
1.6167,1.3689
1.6368,1.3826
1.6568,1.3962
1.6768,1.4096
1.6969,1.423
1.7169,1.4362
1.737,1.4494
1.757,1.4625
1.777,1.4754
1.7971,1.4883
1.8171,1.501
1.8372,1.5136
1.8572,1.5261
1.8772,1.5386
1.8973,1.5509
1.9173,1.563
1.9374,1.5751
1.9574,1.5871
1.9774,1.5989
1.9975,1.6107
2.0175,1.6223
2.0376,1.6338
2.0576,1.6452
2.0776,1.6564
2.0977,1.6676
2.1177,1.6786
2.1378,1.6895
2.1578,1.7002
2.1778,1.7109
2.1979,1.7214
2.2179,1.7318
2.238,1.742
2.258,1.7521
2.278,1.7621
2.2981,1.7719
2.3181,1.7816
2.3382,1.7912
2.3582,1.8006
2.3782,1.8099
2.3983,1.819
2.4183,1.828
2.4384,1.8368
2.4584,1.8455
2.4784,1.854
2.4985,1.8623
2.5185,1.8705
2.5386,1.8785
2.5586,1.8863
2.5786,1.894
2.5987,1.9015
2.6187,1.9087
2.6388,1.9158
2.6588,1.9228
2.6788,1.9295
2.6989,1.936
2.7189,1.9423
2.739,1.9483
2.759,1.9542
2.779,1.9598
2.7991,1.9651
2.8191,1.9702
2.8392,1.975
2.8592,1.9796
2.8792,1.9838
2.8993,1.9876
2.9193,1.9912
2.9394,1.9942
2.9594,1.9969
2.9794,1.9989
2.9995,2
3,1.9995
NaN,NaN
-0.17431,-0.99807
-0.16015,-0.97803
-0.14596,-0.95799
-0.13173,-0.93795
-0.11747,-0.91791
-0.10318,-0.89787
-0.08886,-0.87783
-0.074502,-0.85779
-0.060112,-0.83775
-0.045687,-0.81771
-0.031229,-0.79767
-0.016737,-0.77763
-0.00221,-0.75759
0.012352,-0.73755
0.02695,-0.71751
0.041583,-0.69747
0.056253,-0.67743
0.070959,-0.65739
0.085703,-0.63735
0.10048,-0.61731
0.1153,-0.59727
0.13016,-0.57723
0.14505,-0.55719
0.15999,-0.53715
0.17496,-0.51711
0.18998,-0.49707
0.20503,-0.47703
0.22012,-0.45699
0.23526,-0.43695
0.25044,-0.41691
0.26565,-0.39687
0.28092,-0.37683
0.29622,-0.35679
0.31157,-0.33675
0.32696,-0.31671
0.3424,-0.29667
0.35788,-0.27663
0.3734,-0.25659
0.38898,-0.23655
0.4046,-0.21651
0.42026,-0.19647
0.43598,-0.17643
0.45174,-0.15639
0.46755,-0.13635
0.48341,-0.11631
0.49932,-0.096269
0.51528,-0.076229
0.5313,-0.056189
0.54736,-0.036149
0.56348,-0.016109
0.57965,0.0039309
0.59588,0.023971
0.61216,0.044011
0.62849,0.064051
0.64489,0.084091
0.66134,0.10413
0.67784,0.12417
0.69441,0.14421
0.71104,0.16425
0.72773,0.18429
0.74447,0.20433
0.76129,0.22437
0.77816,0.24441
0.7951,0.26445
0.8121,0.28449
0.82917,0.30453
0.84631,0.32457
0.86352,0.34461
0.88079,0.36465
0.89814,0.38469
0.91556,0.40473
0.93305,0.42477
0.95062,0.44481
0.96826,0.46485
0.98598,0.48489
1.0038,0.50493
1.0217,0.52497
1.0396,0.54501
1.0576,0.56505
1.0758,0.58509
1.094,0.60513
1.1123,0.62517
1.1307,0.64521
1.1491,0.66525
1.1677,0.68529
1.1864,0.70533
1.2051,0.72537
1.224,0.74541
1.243,0.76545
1.262,0.78549
1.2812,0.80553
1.3005,0.82557
1.3199,0.84561
1.3394,0.86565
1.359,0.88569
1.3787,0.90573
1.3986,0.92577
1.4185,0.94581
1.4386,0.96579
1.4586,0.98564
1.4787,1.0054
1.4987,1.025
1.5187,1.0444
1.5388,1.0637
1.5588,1.0829
1.5789,1.102
1.5989,1.1209
1.6189,1.1397
1.639,1.1584
1.659,1.1769
1.6791,1.1953
1.6991,1.2135
1.7191,1.2317
1.7392,1.2496
1.7592,1.2674
1.7793,1.2851
1.7993,1.3027
1.8193,1.32
1.8394,1.3373
1.8594,1.3544
1.8795,1.3713
1.8995,1.3881
1.9195,1.4048
1.9396,1.4212
1.9596,1.4376
1.9797,1.4538
1.9997,1.4698
2.0197,1.4856
2.0398,1.5013
2.0598,1.5169
2.0799,1.5322
2.0999,1.5474
NaN,NaN
0.2275,-0.99807
0.23987,-0.97803
0.25226,-0.95799
0.26469,-0.93795
0.27714,-0.91791
0.28962,-0.89787
0.30214,-0.87783
0.31468,-0.85779
0.32724,-0.83775
0.33984,-0.81771
0.35247,-0.79767
0.36513,-0.77763
0.37782,-0.75759
0.39054,-0.73755
0.40329,-0.71751
0.41607,-0.69747
0.42888,-0.67743
0.44172,-0.65739
0.4546,-0.63735
0.46751,-0.61731
0.48045,-0.59727
0.49343,-0.57723
0.50644,-0.55719
0.51948,-0.53715
0.53256,-0.51711
0.54567,-0.49707
0.55882,-0.47703
0.57201,-0.45699
0.58523,-0.43695
0.59848,-0.41691
0.61177,-0.39687
0.6251,-0.37683
0.63847,-0.35679
0.65188,-0.33675
0.66532,-0.31671
0.6788,-0.29667
0.69232,-0.27663
0.70588,-0.25659
0.71949,-0.23655
0.73313,-0.21651
0.74681,-0.19647
0.76054,-0.17643
0.7743,-0.15639
0.78811,-0.13635
0.80197,-0.11631
0.81586,-0.096269
0.8298,-0.076229
0.84379,-0.056189
0.85782,-0.036149
0.8719,-0.016109
0.88602,0.0039309
0.9002,0.023971
0.91442,0.044011
0.92868,0.064051
0.943,0.084091
0.95737,0.10413
0.97179,0.12417
0.98626,0.14421
1.0008,0.16425
1.0154,0.18429
1.03,0.20433
1.0447,0.22437
1.0594,0.24441
1.0742,0.26445
1.0891,0.28449
1.104,0.30453
1.1189,0.32457
1.134,0.34461
1.149,0.36465
1.1642,0.38469
1.1794,0.40473
1.1947,0.42477
1.21,0.44481
1.2254,0.46485
1.2409,0.48489
1.2565,0.50493
1.2721,0.52497
1.2878,0.54501
1.3035,0.56505
1.3193,0.58509
1.3353,0.60513
1.3512,0.62517
1.3673,0.64521
1.3834,0.66525
1.3997,0.68529
1.416,0.70533
1.4323,0.72537
1.4488,0.74541
1.4654,0.76545
1.482,0.78549
1.4988,0.80553
1.5156,0.82557
1.5325,0.84561
1.5496,0.86565
1.5667,0.88569
1.5839,0.90573
1.6013,0.92577
1.6187,0.94581
1.6363,0.96585
1.6539,0.98589
1.6717,1.0059
1.6896,1.026
1.7077,1.046
1.7258,1.0661
1.7441,1.0861
1.7626,1.1061
1.7811,1.1262
1.7998,1.1462
1.8187,1.1663
1.8377,1.1863
1.8568,1.2063
1.8762,1.2264
1.8956,1.2464
NaN,NaN
0.62931,-0.99807
0.63989,-0.97803
0.65049,-0.95799
0.66111,-0.93795
0.67176,-0.91791
0.68243,-0.89787
0.69313,-0.87783
0.70385,-0.85779
0.7146,-0.83775
0.72537,-0.81771
0.73617,-0.79767
0.74699,-0.77763
0.75784,-0.75759
0.76872,-0.73755
0.77962,-0.71751
0.79055,-0.69747
0.80151,-0.67743
0.81249,-0.65739
0.8235,-0.63735
0.83454,-0.61731
0.84561,-0.59727
0.8567,-0.57723
0.86783,-0.55719
0.87898,-0.53715
0.89016,-0.51711
0.90137,-0.49707
0.91262,-0.47703
0.92389,-0.45699
0.93519,-0.43695
0.94653,-0.41691
0.95789,-0.39687
0.96929,-0.37683
0.98072,-0.35679
0.99218,-0.33675
1.0037,-0.31671
1.0152,-0.29667
1.0268,-0.27663
1.0384,-0.25659
1.05,-0.23655
1.0617,-0.21651
1.0734,-0.19647
1.0851,-0.17643
1.0969,-0.15639
1.1087,-0.13635
1.1205,-0.11631
1.1324,-0.096269
1.1443,-0.076229
1.1563,-0.056189
1.1683,-0.036149
1.1803,-0.016109
1.1924,0.0039309
1.2045,0.023971
1.2167,0.044011
1.2289,0.064051
1.2411,0.084091
1.2534,0.10413
1.2657,0.12417
1.2781,0.14421
1.2905,0.16425
1.303,0.18429
1.3155,0.20433
1.328,0.22437
1.3407,0.24441
1.3533,0.26445
1.366,0.28449
1.3787,0.30453
1.3915,0.32457
1.4044,0.34461
1.4173,0.36465
1.4303,0.38469
1.4433,0.40473
1.4563,0.42477
1.4694,0.44481
1.4826,0.46485
1.4959,0.48489
1.5091,0.50493
1.5225,0.52497
1.5359,0.54501
1.5494,0.56505
1.5629,0.58509
1.5765,0.60513
1.5902,0.62517
1.6039,0.64521
1.6177,0.66525
1.6316,0.68529
1.6455,0.70533
1.6595,0.72537
1.6736,0.74541
1.6878,0.76545
1.702,0.78549
1.7163,0.80553
1.7307,0.82557
1.7452,0.84561
1.7598,0.86565
1.7744,0.88569
1.7892,0.90573
1.804,0.92577
1.8189,0.94581
1.8339,0.96585
1.849,0.98589
1.8642,1.0059
1.8796,1.026
1.895,1.046
1.9105,1.0661
1.9261,1.0861
1.9419,1.1061
1.9578,1.1262
1.9738,1.1462
1.9899,1.1663
2.0061,1.1863
2.0225,1.2063
2.039,1.2264
2.0557,1.2464
2.0725,1.2665
2.0895,1.2865
2.1066,1.3065
2.1239,1.3266
2.1414,1.3466
2.159,1.3667
2.1768,1.3867
2.1949,1.4067
2.2131,1.4268
2.2315,1.4468
2.2502,1.4669
2.2691,1.4869
2.2882,1.5069
2.3077,1.527
2.3273,1.547
2.3473,1.567
2.3674,1.5868
2.3874,1.6063
2.4074,1.6255
2.4275,1.6443
2.4475,1.6628
2.4676,1.681
2.4876,1.6989
2.5076,1.7164
2.5277,1.7335
2.5477,1.7503
2.5678,1.7667
2.5878,1.7828
2.6078,1.7984
2.6279,1.8137
2.6479,1.8285
2.668,1.843
NaN,NaN
1.0311,-0.99807
1.0399,-0.97803
1.0487,-0.95799
1.0575,-0.93795
1.0664,-0.91791
1.0752,-0.89787
1.0841,-0.87783
1.093,-0.85779
1.102,-0.83775
1.1109,-0.81771
1.1199,-0.79767
1.1289,-0.77763
1.1379,-0.75759
1.1469,-0.73755
1.156,-0.71751
1.165,-0.69747
1.1741,-0.67743
1.1833,-0.65739
1.1924,-0.63735
1.2016,-0.61731
1.2108,-0.59727
1.22,-0.57723
1.2292,-0.55719
1.2385,-0.53715
1.2478,-0.51711
1.2571,-0.49707
1.2664,-0.47703
1.2758,-0.45699
1.2852,-0.43695
1.2946,-0.41691
1.304,-0.39687
1.3135,-0.37683
1.323,-0.35679
1.3325,-0.33675
1.342,-0.31671
1.3516,-0.29667
1.3612,-0.27663
1.3708,-0.25659
1.3805,-0.23655
1.3902,-0.21651
1.3999,-0.19647
1.4097,-0.17643
1.4194,-0.15639
1.4292,-0.13635
1.4391,-0.11631
1.4489,-0.096269
1.4588,-0.076229
1.4688,-0.056189
1.4787,-0.036149
1.4887,-0.016109
1.4988,0.0039309
1.5088,0.023971
1.5189,0.044011
1.5291,0.064051
1.5392,0.084091
1.5494,0.10413
1.5597,0.12417
1.57,0.14421
1.5803,0.16425
1.5906,0.18429
1.601,0.20433
1.6114,0.22437
1.6219,0.24441
1.6324,0.26445
1.643,0.28449
1.6535,0.30453
1.6642,0.32457
1.6748,0.34461
1.6856,0.36465
1.6963,0.38469
1.7071,0.40473
1.718,0.42477
1.7289,0.44481
1.7398,0.46485
1.7508,0.48489
1.7618,0.50493
1.7729,0.52497
1.7841,0.54501
1.7953,0.56505
1.8065,0.58509
1.8178,0.60513
1.8291,0.62517
1.8405,0.64521
1.852,0.66525
1.8635,0.68529
1.8751,0.70533
1.8867,0.72537
1.8984,0.74541
1.9102,0.76545
1.922,0.78549
1.9339,0.80553
1.9459,0.82557
1.9579,0.84561
1.97,0.86565
1.9821,0.88569
1.9944,0.90573
2.0067,0.92577
2.0191,0.94581
2.0316,0.96585
2.0441,0.98589
2.0567,1.0059
2.0695,1.026
2.0823,1.046
2.0952,1.0661
2.1081,1.0861
2.1212,1.1061
2.1344,1.1262
2.1477,1.1462
2.1611,1.1663
2.1746,1.1863
2.1882,1.2063
2.2019,1.2264
2.2157,1.2464
NaN,NaN
1.4329,-0.99807
1.4399,-0.97803
1.4469,-0.95799
1.454,-0.93795
1.461,-0.91791
1.468,-0.89787
1.4751,-0.87783
1.4822,-0.85779
1.4893,-0.83775
1.4964,-0.81771
1.5036,-0.79767
1.5107,-0.77763
1.5179,-0.75759
1.5251,-0.73755
1.5323,-0.71751
1.5395,-0.69747
1.5468,-0.67743
1.554,-0.65739
1.5613,-0.63735
1.5686,-0.61731
1.5759,-0.59727
1.5832,-0.57723
1.5906,-0.55719
1.598,-0.53715
1.6054,-0.51711
1.6128,-0.49707
1.6202,-0.47703
1.6277,-0.45699
1.6351,-0.43695
1.6426,-0.41691
1.6501,-0.39687
1.6577,-0.37683
1.6652,-0.35679
1.6728,-0.33675
1.6804,-0.31671
1.688,-0.29667
1.6957,-0.27663
1.7033,-0.25659
1.711,-0.23655
1.7187,-0.21651
1.7265,-0.19647
1.7342,-0.17643
1.742,-0.15639
1.7498,-0.13635
1.7576,-0.11631
1.7655,-0.096269
1.7734,-0.076229
1.7813,-0.056189
1.7892,-0.036149
1.7972,-0.016109
1.8051,0.0039309
1.8132,0.023971
1.8212,0.044011
1.8293,0.064051
1.8373,0.084091
1.8455,0.10413
1.8536,0.12417
1.8618,0.14421
1.87,0.16425
1.8782,0.18429
1.8865,0.20433
1.8948,0.22437
1.9031,0.24441
1.9115,0.26445
1.9199,0.28449
1.9283,0.30453
1.9368,0.32457
1.9453,0.34461
1.9538,0.36465
1.9624,0.38469
1.971,0.40473
1.9796,0.42477
1.9883,0.44481
1.997,0.46485
2.0057,0.48489
2.0145,0.50493
2.0233,0.52497
2.0322,0.54501
2.0411,0.56505
2.0501,0.58509
2.0591,0.60513
2.0681,0.62517
2.0772,0.64521
2.0863,0.66525
2.0955,0.68529
2.1047,0.70533
2.1139,0.72537
2.1232,0.74541
2.1326,0.76545
2.142,0.78549
2.1515,0.80553
2.161,0.82557
2.1706,0.84561
2.1802,0.86565
2.1899,0.88569
2.1996,0.90573
2.2094,0.92577
2.2193,0.94581
2.2292,0.96585
2.2392,0.98589
2.2492,1.0059
2.2594,1.026
2.2696,1.046
2.2798,1.0661
2.2902,1.0861
2.3006,1.1061
2.3111,1.1262
2.3216,1.1462
2.3323,1.1663
2.343,1.1863
2.3539,1.2063
2.3648,1.2264
2.3758,1.2464
2.3869,1.2665
2.3981,1.2865
2.4094,1.3065
2.4209,1.3266
2.4324,1.3466
2.4441,1.3667
2.4559,1.3867
2.4678,1.4067
2.4798,1.4268
2.492,1.4468
2.5044,1.4669
2.5169,1.4869
2.5295,1.5069
2.5424,1.527
2.5554,1.547
2.5686,1.5671
2.582,1.5871
2.5956,1.6071
2.6095,1.6272
NaN,NaN
1.8347,-0.99807
1.8399,-0.97803
1.8452,-0.95799
1.8504,-0.93795
1.8556,-0.91791
1.8609,-0.89787
1.8661,-0.87783
1.8714,-0.85779
1.8767,-0.83775
1.882,-0.81771
1.8873,-0.79767
1.8926,-0.77763
1.8979,-0.75759
1.9033,-0.73755
1.9086,-0.71751
1.914,-0.69747
1.9194,-0.67743
1.9248,-0.65739
1.9302,-0.63735
1.9356,-0.61731
1.9411,-0.59727
1.9465,-0.57723
1.952,-0.55719
1.9575,-0.53715
1.963,-0.51711
1.9685,-0.49707
1.974,-0.47703
1.9795,-0.45699
1.9851,-0.43695
1.9907,-0.41691
1.9963,-0.39687
2.0019,-0.37683
2.0075,-0.35679
2.0131,-0.33675
2.0188,-0.31671
2.0244,-0.29667
2.0301,-0.27663
2.0358,-0.25659
2.0415,-0.23655
2.0473,-0.21651
2.053,-0.19647
2.0588,-0.17643
2.0646,-0.15639
2.0704,-0.13635
2.0762,-0.11631
2.082,-0.096269
2.0879,-0.076229
2.0938,-0.056189
2.0997,-0.036149
2.1056,-0.016109
2.1115,0.0039309
2.1175,0.023971
2.1234,0.044011
2.1294,0.064051
2.1355,0.084091
2.1415,0.10413
2.1476,0.12417
2.1536,0.14421
2.1597,0.16425
2.1659,0.18429
2.172,0.20433
2.1782,0.22437
2.1844,0.24441
2.1906,0.26445
2.1968,0.28449
2.2031,0.30453
2.2094,0.32457
2.2157,0.34461
2.2221,0.36465
2.2284,0.38469
2.2348,0.40473
2.2412,0.42477
2.2477,0.44481
2.2542,0.46485
2.2607,0.48489
2.2672,0.50493
2.2738,0.52497
2.2804,0.54501
2.287,0.56505
2.2936,0.58509
2.3003,0.60513
2.307,0.62517
2.3138,0.64521
2.3206,0.66525
2.3274,0.68529
2.3342,0.70533
2.3411,0.72537
2.3481,0.74541
2.355,0.76545
2.362,0.78549
2.369,0.80553
2.3761,0.82557
2.3832,0.84561
2.3904,0.86565
2.3976,0.88569
2.4048,0.90573
2.4121,0.92577
2.4195,0.94581
2.4268,0.96585
2.4343,0.98589
2.4417,1.0059
2.4493,1.026
2.4569,1.046
2.4645,1.0661
2.4722,1.0861
2.4799,1.1061
2.4877,1.1262
2.4956,1.1462
2.5035,1.1663
2.5115,1.1863
2.5195,1.2063
2.5277,1.2264
2.5358,1.2464
2.5441,1.2665
2.5525,1.2865
2.5609,1.3065
2.5694,1.3266
2.578,1.3466
2.5866,1.3667
2.5954,1.3867
2.6042,1.4067
2.6132,1.4268
2.6223,1.4468
NaN,NaN
2.2366,-0.99807
2.24,-0.97803
2.2434,-0.95799
2.2468,-0.93795
2.2502,-0.91791
2.2537,-0.89787
2.2571,-0.87783
2.2606,-0.85779
2.264,-0.83775
2.2675,-0.81771
2.271,-0.79767
2.2745,-0.77763
2.2779,-0.75759
2.2815,-0.73755
2.285,-0.71751
2.2885,-0.69747
2.292,-0.67743
2.2955,-0.65739
2.2991,-0.63735
2.3026,-0.61731
2.3062,-0.59727
2.3098,-0.57723
2.3134,-0.55719
2.317,-0.53715
2.3206,-0.51711
2.3242,-0.49707
2.3278,-0.47703
2.3314,-0.45699
2.3351,-0.43695
2.3387,-0.41691
2.3424,-0.39687
2.346,-0.37683
2.3497,-0.35679
2.3534,-0.33675
2.3571,-0.31671
2.3608,-0.29667
2.3646,-0.27663
2.3683,-0.25659
2.372,-0.23655
2.3758,-0.21651
2.3796,-0.19647
2.3833,-0.17643
2.3871,-0.15639
2.3909,-0.13635
2.3947,-0.11631
2.3986,-0.096269
2.4024,-0.076229
2.4063,-0.056189
2.4101,-0.036149
2.414,-0.016109
2.4179,0.0039309
2.4218,0.023971
2.4257,0.044011
2.4296,0.064051
2.4336,0.084091
2.4375,0.10413
2.4415,0.12417
2.4455,0.14421
2.4495,0.16425
2.4535,0.18429
2.4575,0.20433
2.4616,0.22437
2.4656,0.24441
2.4697,0.26445
2.4738,0.28449
2.4779,0.30453
2.482,0.32457
2.4862,0.34461
2.4903,0.36465
2.4945,0.38469
2.4987,0.40473
2.5029,0.42477
2.5071,0.44481
2.5114,0.46485
2.5156,0.48489
2.5199,0.50493
2.5242,0.52497
2.5285,0.54501
2.5329,0.56505
2.5372,0.58509
2.5416,0.60513
2.546,0.62517
2.5504,0.64521
2.5549,0.66525
2.5593,0.68529
2.5638,0.70533
2.5683,0.72537
2.5729,0.74541
2.5774,0.76545
2.582,0.78549
2.5866,0.80553
2.5913,0.82557
2.5959,0.84561
2.6006,0.86565
2.6053,0.88569
2.6101,0.90573
2.6148,0.92577
2.6196,0.94581
2.6245,0.96585
2.6293,0.98589
2.6342,1.0059
2.6392,1.026
2.6441,1.046
2.6491,1.0661
2.6542,1.0861
2.6593,1.1061
2.6644,1.1262
2.6695,1.1462
2.6747,1.1663
2.6799,1.1863
2.6852,1.2063
2.6905,1.2264
2.6959,1.2464
2.7013,1.2665
2.7068,1.2865
2.7123,1.3065
2.7179,1.3266
2.7235,1.3466
2.7292,1.3667
2.7349,1.3867
2.7407,1.4067
2.7466,1.4268
2.7525,1.4468
2.7585,1.4669
2.7646,1.4869
2.7708,1.5069
2.777,1.527
2.7834,1.547
2.7898,1.5671
2.7964,1.5871
2.803,1.6071
2.8097,1.6272
2.8166,1.6472
2.8236,1.6673
2.8308,1.6873
2.8381,1.7073
2.8456,1.7274
2.8532,1.7474
2.8611,1.7675
2.8692,1.7875
2.8775,1.8075
2.8862,1.8276
2.8952,1.8476
2.9046,1.8677
2.9145,1.8877
2.9249,1.9077
2.9362,1.9278
NaN,NaN
2.6384,-0.99807
2.64,-0.97803
2.6416,-0.95799
2.6432,-0.93795
2.6448,-0.91791
2.6465,-0.89787
2.6481,-0.87783
2.6497,-0.85779
2.6514,-0.83775
2.653,-0.81771
2.6547,-0.79767
2.6563,-0.77763
2.658,-0.75759
2.6596,-0.73755
2.6613,-0.71751
2.663,-0.69747
2.6646,-0.67743
2.6663,-0.65739
2.668,-0.63735
2.6697,-0.61731
2.6714,-0.59727
2.6731,-0.57723
2.6748,-0.55719
2.6765,-0.53715
2.6782,-0.51711
2.6799,-0.49707
2.6816,-0.47703
2.6833,-0.45699
2.685,-0.43695
2.6868,-0.41691
2.6885,-0.39687
2.6902,-0.37683
2.692,-0.35679
2.6937,-0.33675
2.6955,-0.31671
2.6972,-0.29667
2.699,-0.27663
2.7008,-0.25659
2.7025,-0.23655
2.7043,-0.21651
2.7061,-0.19647
2.7079,-0.17643
2.7097,-0.15639
2.7115,-0.13635
2.7133,-0.11631
2.7151,-0.096269
2.7169,-0.076229
2.7188,-0.056189
2.7206,-0.036149
2.7224,-0.016109
2.7243,0.0039309
2.7261,0.023971
2.728,0.044011
2.7298,0.064051
2.7317,0.084091
2.7336,0.10413
2.7355,0.12417
2.7373,0.14421
2.7392,0.16425
2.7411,0.18429
2.743,0.20433
2.745,0.22437
2.7469,0.24441
2.7488,0.26445
2.7507,0.28449
2.7527,0.30453
2.7546,0.32457
2.7566,0.34461
2.7586,0.36465
2.7605,0.38469
2.7625,0.40473
2.7645,0.42477
2.7665,0.44481
2.7685,0.46485
2.7706,0.48489
2.7726,0.50493
2.7746,0.52497
2.7767,0.54501
2.7787,0.56505
2.7808,0.58509
2.7829,0.60513
2.7849,0.62517
2.787,0.64521
2.7891,0.66525
2.7913,0.68529
2.7934,0.70533
2.7955,0.72537
2.7977,0.74541
2.7998,0.76545
2.802,0.78549
2.8042,0.80553
2.8064,0.82557
2.8086,0.84561
2.8108,0.86565
2.813,0.88569
2.8153,0.90573
2.8176,0.92577
2.8198,0.94581
2.8221,0.96585
2.8244,0.98589
2.8267,1.0059
2.8291,1.026
2.8314,1.046
2.8338,1.0661
2.8362,1.0861
2.8386,1.1061
2.841,1.1262
2.8435,1.1462
2.8459,1.1663
2.8484,1.1863
2.8509,1.2063
2.8534,1.2264
2.856,1.2464
2.8585,1.2665
2.8611,1.2865
2.8637,1.3065
2.8664,1.3266
2.869,1.3466
2.8717,1.3667
2.8744,1.3867
2.8772,1.4067
2.88,1.4268
2.8828,1.4468
2.8856,1.4669
2.8885,1.4869
2.8914,1.5069
2.8944,1.527
2.8974,1.547
2.9004,1.5671
2.9035,1.5871
2.9067,1.6071
2.9099,1.6272
NaN,NaN
3.0402,-0.99807
3.04,-0.97803
3.0398,-0.95799
3.0396,-0.93795
3.0395,-0.91791
3.0393,-0.89787
3.0391,-0.87783
3.0389,-0.85779
3.0387,-0.83775
3.0386,-0.81771
3.0384,-0.79767
3.0382,-0.77763
3.038,-0.75759
3.0378,-0.73755
3.0376,-0.71751
3.0374,-0.69747
3.0373,-0.67743
3.0371,-0.65739
3.0369,-0.63735
3.0367,-0.61731
3.0365,-0.59727
3.0363,-0.57723
3.0361,-0.55719
3.0359,-0.53715
3.0358,-0.51711
3.0356,-0.49707
3.0354,-0.47703
3.0352,-0.45699
3.035,-0.43695
3.0348,-0.41691
3.0346,-0.39687
3.0344,-0.37683
3.0342,-0.35679
3.034,-0.33675
3.0338,-0.31671
3.0336,-0.29667
3.0334,-0.27663
3.0332,-0.25659
3.0331,-0.23655
3.0329,-0.21651
3.0327,-0.19647
3.0325,-0.17643
3.0323,-0.15639
3.0321,-0.13635
3.0319,-0.11631
3.0317,-0.096269
3.0315,-0.076229
3.0312,-0.056189
3.031,-0.036149
3.0308,-0.016109
3.0306,0.0039309
3.0304,0.023971
3.0302,0.044011
3.03,0.064051
3.0298,0.084091
3.0296,0.10413
3.0294,0.12417
3.0292,0.14421
3.029,0.16425
3.0288,0.18429
3.0286,0.20433
3.0283,0.22437
3.0281,0.24441
3.0279,0.26445
3.0277,0.28449
3.0275,0.30453
3.0273,0.32457
3.027,0.34461
3.0268,0.36465
3.0266,0.38469
3.0264,0.40473
3.0262,0.42477
3.0259,0.44481
3.0257,0.46485
3.0255,0.48489
3.0253,0.50493
3.025,0.52497
3.0248,0.54501
3.0246,0.56505
3.0244,0.58509
3.0241,0.60513
3.0239,0.62517
3.0237,0.64521
3.0234,0.66525
3.0232,0.68529
3.023,0.70533
3.0227,0.72537
3.0225,0.74541
3.0222,0.76545
3.022,0.78549
3.0218,0.80553
3.0215,0.82557
3.0213,0.84561
3.021,0.86565
3.0208,0.88569
3.0205,0.90573
3.0203,0.92577
3.02,0.94581
3.0198,0.96585
3.0195,0.98589
3.0193,1.0059
3.019,1.026
3.0187,1.046
3.0185,1.0661
3.0182,1.0861
3.0179,1.1061
3.0177,1.1262
3.0174,1.1462
3.0171,1.1663
3.0168,1.1863
3.0166,1.2063
3.0163,1.2264
3.016,1.2464
3.0157,1.2665
3.0154,1.2865
3.0151,1.3065
3.0148,1.3266
3.0146,1.3466
3.0143,1.3667
3.014,1.3867
3.0136,1.4067
3.0133,1.4268
3.013,1.4468
3.0127,1.4669
3.0124,1.4869
3.0121,1.5069
3.0117,1.527
3.0114,1.547
3.0111,1.5671
3.0107,1.5871
3.0104,1.6071
3.01,1.6272
3.0097,1.6472
3.0093,1.6673
3.0089,1.6873
3.0085,1.7073
3.0081,1.7274
3.0077,1.7474
3.0073,1.7675
3.0069,1.7875
3.0064,1.8075
3.006,1.8276
NaN,NaN
3.442,-0.99807
3.44,-0.97803
3.438,-0.95799
3.4361,-0.93795
3.4341,-0.91791
3.4321,-0.89787
3.4301,-0.87783
3.4281,-0.85779
3.4261,-0.83775
3.4241,-0.81771
3.4221,-0.79767
3.4201,-0.77763
3.418,-0.75759
3.416,-0.73755
3.414,-0.71751
3.4119,-0.69747
3.4099,-0.67743
3.4078,-0.65739
3.4058,-0.63735
3.4037,-0.61731
3.4017,-0.59727
3.3996,-0.57723
3.3975,-0.55719
3.3954,-0.53715
3.3934,-0.51711
3.3913,-0.49707
3.3892,-0.47703
3.3871,-0.45699
3.385,-0.43695
3.3829,-0.41691
3.3807,-0.39687
3.3786,-0.37683
3.3765,-0.35679
3.3743,-0.33675
3.3722,-0.31671
3.37,-0.29667
3.3679,-0.27663
3.3657,-0.25659
3.3636,-0.23655
3.3614,-0.21651
3.3592,-0.19647
3.357,-0.17643
3.3548,-0.15639
3.3526,-0.13635
3.3504,-0.11631
3.3482,-0.096269
3.346,-0.076229
3.3437,-0.056189
3.3415,-0.036149
3.3393,-0.016109
3.337,0.0039309
3.3348,0.023971
3.3325,0.044011
3.3302,0.064051
3.3279,0.084091
3.3256,0.10413
3.3233,0.12417
3.321,0.14421
3.3187,0.16425
3.3164,0.18429
3.3141,0.20433
3.3117,0.22437
3.3094,0.24441
3.307,0.26445
3.3046,0.28449
3.3023,0.30453
3.2999,0.32457
3.2975,0.34461
3.2951,0.36465
3.2927,0.38469
3.2902,0.40473
3.2878,0.42477
3.2854,0.44481
3.2829,0.46485
3.2804,0.48489
3.278,0.50493
3.2755,0.52497
3.273,0.54501
3.2705,0.56505
3.2679,0.58509
3.2654,0.60513
3.2628,0.62517
3.2603,0.64521
3.2577,0.66525
3.2551,0.68529
3.2525,0.70533
3.2499,0.72537
3.2473,0.74541
3.2447,0.76545
3.242,0.78549
3.2393,0.80553
3.2366,0.82557
3.2339,0.84561
3.2312,0.86565
3.2285,0.88569
3.2258,0.90573
3.223,0.92577
3.2202,0.94581
3.2174,0.96585
3.2146,0.98589
3.2118,1.0059
3.2089,1.026
3.206,1.046
3.2031,1.0661
3.2002,1.0861
3.1973,1.1061
3.1943,1.1262
3.1913,1.1462
3.1883,1.1663
3.1853,1.1863
3.1822,1.2063
3.1792,1.2264
3.1761,1.2464
3.1729,1.2665
3.1698,1.2865
3.1666,1.3065
3.1633,1.3266
3.1601,1.3466
3.1568,1.3667
3.1535,1.3867
3.1501,1.4067
3.1467,1.4268
3.1433,1.4468
3.1398,1.4669
3.1363,1.4869
3.1327,1.5069
3.1291,1.527
3.1254,1.547
3.1217,1.5671
3.1179,1.5871
3.1141,1.6071
3.1101,1.6272
3.1062,1.6472
3.1021,1.6673
3.098,1.6873
3.0937,1.7073
3.0894,1.7274
3.085,1.7474
3.0804,1.7675
3.0757,1.7875
3.0709,1.8075
3.0659,1.8276
3.0607,1.8476
3.0552,1.8677
3.0495,1.8877
3.0435,1.9077
3.0369,1.9278
3.0297,1.9478
3.0216,1.9679
NaN,NaN
3.8438,-0.99807
3.84,-0.97803
3.8363,-0.95799
3.8325,-0.93795
3.8287,-0.91791
3.8249,-0.89787
3.8211,-0.87783
3.8173,-0.85779
3.8134,-0.83775
3.8096,-0.81771
3.8058,-0.79767
3.8019,-0.77763
3.7981,-0.75759
3.7942,-0.73755
3.7903,-0.71751
3.7864,-0.69747
3.7825,-0.67743
3.7786,-0.65739
3.7747,-0.63735
3.7708,-0.61731
3.7668,-0.59727
3.7629,-0.57723
3.7589,-0.55719
3.7549,-0.53715
3.751,-0.51711
3.747,-0.49707
3.743,-0.47703
3.739,-0.45699
3.7349,-0.43695
3.7309,-0.41691
3.7269,-0.39687
3.7228,-0.37683
3.7187,-0.35679
3.7146,-0.33675
3.7106,-0.31671
3.7065,-0.29667
3.7023,-0.27663
3.6982,-0.25659
3.6941,-0.23655
3.6899,-0.21651
3.6858,-0.19647
3.6816,-0.17643
3.6774,-0.15639
3.6732,-0.13635
3.669,-0.11631
3.6647,-0.096269
3.6605,-0.076229
3.6562,-0.056189
3.652,-0.036149
3.6477,-0.016109
3.6434,0.0039309
3.6391,0.023971
3.6347,0.044011
3.6304,0.064051
3.626,0.084091
3.6217,0.10413
3.6173,0.12417
3.6129,0.14421
3.6085,0.16425
3.604,0.18429
3.5996,0.20433
3.5951,0.22437
3.5906,0.24441
3.5861,0.26445
3.5816,0.28449
3.5771,0.30453
3.5725,0.32457
3.5679,0.34461
3.5633,0.36465
3.5587,0.38469
3.5541,0.40473
3.5494,0.42477
3.5448,0.44481
3.5401,0.46485
3.5354,0.48489
3.5306,0.50493
3.5259,0.52497
3.5211,0.54501
3.5163,0.56505
3.5115,0.58509
3.5067,0.60513
3.5018,0.62517
3.4969,0.64521
3.492,0.66525
3.4871,0.68529
3.4821,0.70533
3.4771,0.72537
3.4721,0.74541
3.4671,0.76545
3.462,0.78549
3.4569,0.80553
3.4518,0.82557
3.4466,0.84561
3.4414,0.86565
3.4362,0.88569
3.431,0.90573
3.4257,0.92577
3.4204,0.94581
3.415,0.96585
3.4097,0.98589
3.4043,1.0059
3.3988,1.026
3.3933,1.046
3.3878,1.0661
3.3822,1.0861
3.3766,1.1061
3.371,1.1262
3.3653,1.1462
3.3595,1.1663
3.3538,1.1863
3.3479,1.2063
3.342,1.2264
3.3361,1.2464
3.3301,1.2665
3.3241,1.2865
3.318,1.3065
3.3118,1.3266
3.3056,1.3466
3.2993,1.3667
3.293,1.3867
3.2866,1.4067
3.2801,1.4268
3.2735,1.4468
3.2669,1.4669
3.2602,1.4869
3.2533,1.5069
3.2464,1.527
3.2394,1.547
3.2323,1.5671
3.2251,1.5871
3.2177,1.6071
NaN,NaN
-0.99807,-0.45229
-0.97803,-0.44926
-0.95799,-0.44622
-0.93795,-0.44317
-0.91791,-0.44011
-0.89787,-0.43703
-0.87783,-0.43395
-0.85779,-0.43086
-0.83775,-0.42775
-0.81771,-0.42464
-0.79767,-0.42151
-0.77763,-0.41837
-0.75759,-0.41522
-0.73755,-0.41206
-0.71751,-0.40889
-0.69747,-0.4057
-0.67743,-0.4025
-0.65739,-0.39929
-0.63735,-0.39607
-0.61731,-0.39283
-0.59727,-0.38958
-0.57723,-0.38631
-0.55719,-0.38303
-0.53715,-0.37974
-0.51711,-0.37643
-0.49707,-0.37311
-0.47703,-0.36977
-0.45699,-0.36642
-0.43695,-0.36305
-0.41691,-0.35967
NaN,NaN
-0.99807,-0.041117
-0.97803,-0.040841
-0.95799,-0.040565
-0.93795,-0.040288
-0.91791,-0.04001
-0.89787,-0.03973
-0.87783,-0.03945
-0.85779,-0.039169
-0.83775,-0.038887
-0.81771,-0.038604
-0.79767,-0.038319
-0.77763,-0.038034
-0.75759,-0.037748
-0.73755,-0.03746
-0.71751,-0.037172
-0.69747,-0.036882
-0.67743,-0.036591
-0.65739,-0.036299
-0.63735,-0.036006
-0.61731,-0.035712
-0.59727,-0.035416
-0.57723,-0.035119
-0.55719,-0.034821
-0.53715,-0.034522
-0.51711,-0.034221
-0.49707,-0.033919
-0.47703,-0.033616
-0.45699,-0.033311
-0.43695,-0.033005
-0.41691,-0.032697
-0.39687,-0.032388
-0.37683,-0.032078
-0.35679,-0.031766
-0.33675,-0.031452
-0.31671,-0.031137
-0.29667,-0.030821
-0.27663,-0.030502
-0.25659,-0.030182
-0.23655,-0.029861
-0.21651,-0.029537
-0.19647,-0.029212
-0.17643,-0.028885
-0.15639,-0.028556
-0.13635,-0.028225
NaN,NaN
-0.99807,0.37005
-0.97803,0.36757
-0.95799,0.36509
-0.93795,0.36259
-0.91791,0.36009
-0.89787,0.35757
-0.87783,0.35505
-0.85779,0.35252
-0.83775,0.34998
-0.81771,0.34743
-0.79767,0.34487
-0.77763,0.34231
-0.75759,0.33973
-0.73755,0.33714
-0.71751,0.33454
-0.69747,0.33194
-0.67743,0.32932
-0.65739,0.32669
-0.63735,0.32405
-0.61731,0.3214
-0.59727,0.31874
-0.57723,0.31607
-0.55719,0.31339
-0.53715,0.3107
-0.51711,0.30799
-0.49707,0.30527
-0.47703,0.30254
-0.45699,0.2998
-0.43695,0.29704
-0.41691,0.29428
-0.39687,0.2915
-0.37683,0.2887
-0.35679,0.28589
-0.33675,0.28307
-0.31671,0.28024
-0.29667,0.27739
-0.27663,0.27452
-0.25659,0.27164
-0.23655,0.26874
-0.21651,0.26583
-0.19647,0.26291
-0.17643,0.25996
-0.15639,0.257
-0.13635,0.25403
-0.11631,0.25103
-0.096269,0.24802
-0.076229,0.24499
-0.056189,0.24194
-0.036149,0.23887
-0.016109,0.23578
0.0039309,0.23267
0.023971,0.22954
0.044011,0.22638
0.064051,0.22321
0.084091,0.22001
0.10413,0.21679
0.12417,0.21355
0.14421,0.21028
0.16425,0.20698
NaN,NaN
3.9996,-0.27709
3.9938,-0.25705
3.9879,-0.23701
3.982,-0.21697
3.976,-0.19693
3.9701,-0.17689
3.9641,-0.15685
3.9581,-0.13681
3.9521,-0.11677
3.9461,-0.096732
3.9401,-0.076692
3.934,-0.056652
3.928,-0.036612
3.9219,-0.016572
3.9157,0.0034685
3.9096,0.023509
3.9034,0.043549
3.8973,0.063589
3.8911,0.083629
3.8848,0.10367
3.8786,0.12371
3.8723,0.14375
3.866,0.16379
3.8597,0.18383
3.8534,0.20387
3.847,0.22391
3.8406,0.24395
3.8342,0.26399
3.8278,0.28403
3.8213,0.30407
3.8149,0.32411
3.8083,0.34415
3.8018,0.36419
3.7952,0.38423
3.7887,0.40427
3.782,0.42431
3.7754,0.44435
3.7687,0.46439
3.762,0.48443
3.7553,0.50447
3.7485,0.52451
3.7417,0.54455
3.7349,0.56459
3.7281,0.58463
3.7212,0.60467
3.7143,0.62471
3.7073,0.64475
3.7003,0.66479
3.6933,0.68483
3.6862,0.70487
3.6791,0.72491
3.672,0.74495
3.6648,0.76499
3.6576,0.78503
3.6504,0.80507
3.6431,0.82511
3.6357,0.84515
3.6284,0.86519
3.6209,0.88523
3.6135,0.90527
3.606,0.92531
3.5984,0.94535
3.5908,0.96539
3.5832,0.98543
3.5755,1.0055
3.5677,1.0255
3.5599,1.0456
3.552,1.0656
3.5441,1.0856
3.5361,1.1057
3.5281,1.1257
3.52,1.1458
3.5118,1.1658
3.5036,1.1858
3.4953,1.2059
3.4869,1.2259
3.4785,1.246
3.47,1.266
3.4614,1.286
3.4527,1.3061
3.444,1.3261
3.4351,1.3462
3.4262,1.3662
3.4172,1.3862
3.408,1.4063
3.3988,1.4263
3.3895,1.4464
3.38,1.4664
3.3704,1.4864
3.3607,1.5065
3.3509,1.5265
3.3409,1.5466
3.3308,1.5666
3.3205,1.5866
NaN,NaN
-0.99807,0.78122
-0.97803,0.77599
-0.95799,0.77074
-0.93795,0.76547
-0.91791,0.76018
-0.89787,0.75488
-0.87783,0.74955
-0.85779,0.74421
-0.83775,0.73885
-0.81771,0.73347
-0.79767,0.72807
-0.77763,0.72265
-0.75759,0.71721
-0.73755,0.71174
-0.71751,0.70626
-0.69747,0.70076
-0.67743,0.69523
-0.65739,0.68968
-0.63735,0.68411
-0.61731,0.67852
-0.59727,0.6729
-0.57723,0.66726
-0.55719,0.6616
-0.53715,0.65591
-0.51711,0.6502
-0.49707,0.64446
-0.47703,0.6387
-0.45699,0.63291
-0.43695,0.62709
-0.41691,0.62125
-0.39687,0.61538
-0.37683,0.60948
-0.35679,0.60355
-0.33675,0.59759
-0.31671,0.59161
-0.29667,0.58559
-0.27663,0.57954
-0.25659,0.57346
-0.23655,0.56735
-0.21651,0.5612
-0.19647,0.55502
-0.17643,0.54881
-0.15639,0.54256
-0.13635,0.53628
-0.11631,0.52995
-0.096269,0.52359
-0.076229,0.51719
-0.056189,0.51075
-0.036149,0.50427
-0.016109,0.49775
0.0039309,0.49119
0.023971,0.48458
0.044011,0.47792
0.064051,0.47122
0.084091,0.46447
0.10413,0.45767
0.12417,0.45082
0.14421,0.44392
0.16425,0.43696
0.18429,0.42995
0.20433,0.42288
0.22437,0.41575
0.24441,0.40856
0.26445,0.40131
0.28449,0.39399
0.30453,0.3866
0.32457,0.37914
NaN,NaN
-0.99854,1.5393
-0.9785,1.529
-0.95846,1.5186
-0.93842,1.5083
-0.91838,1.4978
-0.89834,1.4874
-0.8783,1.4769
-0.85825,1.4664
-0.83821,1.4558
-0.81817,1.4452
-0.79813,1.4346
-0.77809,1.4239
-0.75805,1.4132
-0.73801,1.4024
-0.71797,1.3916
-0.69793,1.3808
-0.67789,1.3699
-0.65785,1.359
-0.63781,1.348
-0.61777,1.337
-0.59773,1.3259
-0.57769,1.3148
-0.55765,1.3036
-0.53761,1.2924
-0.51757,1.2812
-0.49753,1.2699
-0.47749,1.2585
-0.45745,1.2471
-0.43741,1.2356
-0.41737,1.2241
-0.39733,1.2126
-0.37729,1.2009
-0.35725,1.1893
-0.33721,1.1775
-0.31717,1.1657
-0.29713,1.1539
-0.27709,1.142
-0.25705,1.13
-0.23701,1.1179
-0.21697,1.1058
-0.19693,1.0936
-0.17689,1.0814
-0.15685,1.0691
-0.13681,1.0567
-0.11677,1.0442
-0.096732,1.0317
-0.076692,1.0191
-0.056652,1.0064
-0.036612,0.99365
-0.016572,0.9808
0.0034685,0.96787
0.023509,0.95485
0.043549,0.94173
0.063589,0.92853
0.083629,0.91523
0.10367,0.90184
0.12371,0.88834
0.14375,0.87474
0.16379,0.86104
0.18383,0.84722
0.20387,0.8333
0.22391,0.81925
0.24395,0.80508
0.26399,0.79079
0.28403,0.77637
0.30407,0.76181
0.32411,0.74711
0.34415,0.73226
0.36419,0.71727
0.38423,0.70212
0.40427,0.68681
0.42431,0.67132
0.44435,0.65566
0.46439,0.6398
0.48443,0.62375
0.50447,0.60748
0.52451,0.591
0.54455,0.57428
NaN,NaN
-0.99807,1.1924
-0.97803,1.1844
-0.95799,1.1764
-0.93795,1.1683
-0.91791,1.1603
-0.89787,1.1522
-0.87783,1.1441
-0.85779,1.1359
-0.83775,1.1277
-0.81771,1.1195
-0.79767,1.1113
-0.77763,1.103
-0.75759,1.0947
-0.73755,1.0863
-0.71751,1.078
-0.69747,1.0696
-0.67743,1.0611
-0.65739,1.0527
-0.63735,1.0442
-0.61731,1.0356
-0.59727,1.0271
-0.57723,1.0185
-0.55719,1.0098
-0.53715,1.0011
-0.51711,0.99241
-0.49707,0.98365
-0.47703,0.97486
-0.45699,0.96602
-0.43695,0.95714
-0.41691,0.94822
-0.39687,0.93926
-0.37683,0.93026
-0.35679,0.92121
-0.33675,0.91212
-0.31671,0.90298
-0.29667,0.8938
-0.27663,0.88456
-0.25659,0.87528
-0.23655,0.86595
-0.21651,0.85657
-0.19647,0.84714
-0.17643,0.83766
-0.15639,0.82812
-0.13635,0.81853
-0.11631,0.80887
-0.096269,0.79917
-0.076229,0.7894
-0.056189,0.77957
-0.036149,0.76968
-0.016109,0.75972
0.0039309,0.7497
0.023971,0.73962
0.044011,0.72946
0.064051,0.71923
0.084091,0.70893
0.10413,0.69855
0.12417,0.6881
0.14421,0.67756
0.16425,0.66694
0.18429,0.65624
0.20433,0.64545
0.22437,0.63457
0.24441,0.62359
0.26445,0.61252
0.28449,0.60135
0.30453,0.59007
0.32457,0.57868
0.34461,0.56718
0.36465,0.55556
0.38469,0.54382
0.40473,0.53195
0.42477,0.51995
0.44481,0.5078
0.46485,0.49551
NaN,NaN
-0.99818,2.3492
-0.97814,2.3334
-0.9581,2.3176
-0.93806,2.3018
-0.91802,2.2859
-0.89798,2.2699
-0.87794,2.2539
-0.8579,2.2379
-0.83786,2.2217
-0.81782,2.2056
-0.79778,2.1893
-0.77774,2.173
-0.7577,2.1567
-0.73766,2.1402
-0.71762,2.1237
-0.69758,2.1072
-0.67754,2.0906
-0.6575,2.0739
-0.63746,2.0571
-0.61742,2.0403
-0.59738,2.0234
-0.57734,2.0065
-0.5573,1.9894
-0.53726,1.9723
-0.51722,1.9551
-0.49718,1.9379
-0.47714,1.9206
-0.4571,1.9031
-0.43706,1.8857
-0.41702,1.8681
-0.39698,1.8504
-0.37694,1.8327
-0.3569,1.8149
-0.33686,1.7969
-0.31682,1.7789
-0.29678,1.7608
-0.27674,1.7426
-0.2567,1.7244
-0.23666,1.706
-0.21662,1.6875
-0.19657,1.6689
-0.17653,1.6502
-0.15649,1.6314
-0.13645,1.6125
-0.11641,1.5935
-0.096375,1.5744
-0.076334,1.5551
-0.056294,1.5358
-0.036254,1.5163
-0.016214,1.4967
0.0038259,1.4769
0.023866,1.457
0.043899,1.437
0.063826,1.417
0.083612,1.3969
0.10326,1.3769
0.12276,1.3569
0.14212,1.3368
0.16133,1.3168
0.1804,1.2967
0.19932,1.2767
0.2181,1.2567
0.23672,1.2366
0.2552,1.2166
0.27352,1.1965
0.29169,1.1765
0.30971,1.1565
0.32757,1.1364
0.34527,1.1164
0.36283,1.0963
0.38022,1.0763
0.39745,1.0563
0.41452,1.0362
0.43143,1.0162
0.44817,0.99615
0.46474,0.97611
0.48115,0.95607
0.49738,0.93603
0.51344,0.91599
0.52932,0.89595
0.54503,0.87591
0.56056,0.85587
0.57591,0.83583
0.59107,0.81579
0.60605,0.79575
0.62084,0.77571
0.63545,0.75567
0.64986,0.73563
0.66407,0.71559
NaN,NaN
-0.82672,3.9982
-0.813,3.9781
-0.79932,3.9581
-0.78567,3.938
-0.77206,3.918
-0.75848,3.8979
-0.74494,3.8779
-0.73143,3.8579
-0.71796,3.8378
-0.70452,3.8178
-0.69112,3.7977
-0.67775,3.7777
-0.66442,3.7577
-0.65112,3.7376
-0.63786,3.7176
-0.62464,3.6975
-0.61145,3.6775
-0.5983,3.6575
-0.58518,3.6374
-0.5721,3.6174
-0.55905,3.5973
-0.54604,3.5773
-0.53307,3.5573
-0.52014,3.5372
-0.50724,3.5172
-0.49437,3.4971
-0.48155,3.4771
-0.46876,3.4571
-0.45601,3.437
-0.44329,3.417
-0.43062,3.3969
-0.41797,3.3769
-0.40537,3.3569
-0.39281,3.3368
-0.38028,3.3168
-0.36779,3.2967
-0.35534,3.2767
-0.34292,3.2567
-0.33055,3.2366
-0.31821,3.2166
-0.30591,3.1965
-0.29365,3.1765
-0.28143,3.1565
-0.26925,3.1364
-0.2571,3.1164
-0.245,3.0963
-0.23293,3.0763
-0.2209,3.0563
-0.20892,3.0362
-0.19697,3.0162
-0.18506,2.9961
-0.17319,2.9761
-0.16136,2.9561
-0.14957,2.936
-0.13783,2.916
-0.12612,2.8959
-0.11445,2.8759
-0.10282,2.8559
-0.091235,2.8358
-0.079689,2.8158
-0.068184,2.7957
-0.056721,2.7757
-0.045299,2.7557
-0.033918,2.7356
-0.022578,2.7156
-0.011281,2.6955
-2.5458e-05,2.6755
0.011188,2.6555
0.022359,2.6354
0.033488,2.6154
0.044574,2.5953
0.055618,2.5753
0.066619,2.5553
0.077576,2.5352
0.088491,2.5152
0.099362,2.4951
0.11019,2.4751
0.12097,2.4551
0.13171,2.435
0.14241,2.415
0.15306,2.3949
0.16367,2.3749
0.17423,2.3549
0.18475,2.3348
0.19522,2.3148
0.20565,2.2947
0.21603,2.2747
0.22636,2.2547
0.23665,2.2346
0.2469,2.2146
0.2571,2.1945
0.26725,2.1745
0.27735,2.1545
0.28741,2.1344
0.29742,2.1144
0.30739,2.0943
0.3173,2.0743
0.32717,2.0543
0.33699,2.0342
0.34676,2.0142
0.35649,1.9941
0.36616,1.9741
0.37579,1.9541
0.38536,1.934
0.39489,1.914
0.40437,1.8939
0.4138,1.8739
0.42317,1.8539
0.4325,1.8338
0.44178,1.8138
0.451,1.7937
0.46017,1.7737
0.4693,1.7537
0.47836,1.7336
0.48738,1.7136
0.49635,1.6935
0.50526,1.6735
0.51412,1.6535
0.52292,1.6334
0.53167,1.6134
0.54037,1.5933
0.54901,1.5733
0.5576,1.5533
0.56613,1.5332
0.57461,1.5132
0.58303,1.4931
0.5914,1.4731
0.59971,1.4531
0.60796,1.433
0.61615,1.413
0.62429,1.3929
0.63236,1.3729
0.64038,1.3529
0.64834,1.3328
0.65624,1.3128
0.66408,1.2927
0.67186,1.2727
0.67958,1.2527
0.68724,1.2326
0.69483,1.2126
0.70236,1.1925
0.70983,1.1725
0.71724,1.1525
0.72458,1.1324
0.73186,1.1124
0.73907,1.0923
0.74622,1.0723
0.7533,1.0523
0.76032,1.0322
0.76727,1.0122
0.77415,0.99214
0.78096,0.9721
0.7877,0.95206
0.79437,0.93202
0.80096,0.91198
0.80749,0.89194
0.81394,0.8719
NaN,NaN
3.9993,0.78272
3.9883,0.80276
3.9772,0.8228
3.9661,0.84284
3.9549,0.86288
3.9436,0.88292
3.9323,0.90296
3.9209,0.923
3.9095,0.94304
3.8979,0.96308
3.8863,0.98312
3.8746,1.0032
3.8629,1.0232
3.851,1.0432
3.8391,1.0633
3.8271,1.0833
3.815,1.1034
3.8028,1.1234
3.7905,1.1434
3.7782,1.1635
3.7657,1.1835
3.7531,1.2036
3.7404,1.2236
3.7276,1.2436
3.7147,1.2637
3.7017,1.2837
3.6885,1.3038
3.6753,1.3238
3.6619,1.3438
3.6483,1.3639
3.6346,1.3839
3.6208,1.404
3.6068,1.424
3.5927,1.444
3.5783,1.4641
3.5638,1.4841
3.5491,1.5042
3.5342,1.5242
3.5191,1.5442
3.5038,1.5643
3.4883,1.5843
3.4724,1.6044
3.4564,1.6244
3.44,1.6444
3.4233,1.6645
3.4063,1.6845
3.3889,1.7046
3.3711,1.7246
3.3529,1.7446
3.3342,1.7647
3.315,1.7847
3.2951,1.8047
3.2751,1.8243
3.255,1.8432
3.235,1.8613
3.215,1.8787
3.1949,1.8953
3.1749,1.911
3.1548,1.9259
3.1348,1.9398
NaN,NaN
1.502,3.998
1.4982,3.978
1.4945,3.9579
1.4907,3.9379
1.487,3.9178
1.4833,3.8978
1.4795,3.8778
1.4758,3.8577
1.4721,3.8377
1.4684,3.8176
1.4647,3.7976
1.4611,3.7776
1.4574,3.7575
1.4537,3.7375
1.4501,3.7174
1.4465,3.6974
1.4428,3.6774
1.4392,3.6573
1.4356,3.6373
1.432,3.6172
1.4284,3.5972
1.4249,3.5772
1.4213,3.5571
1.4177,3.5371
1.4142,3.517
1.4107,3.497
1.4071,3.477
1.4036,3.4569
1.4001,3.4369
1.3966,3.4168
1.3931,3.3968
1.3897,3.3768
1.3862,3.3567
1.3828,3.3367
1.3793,3.3166
1.3759,3.2966
1.3725,3.2766
1.369,3.2565
1.3656,3.2365
1.3623,3.2164
1.3589,3.1964
1.3555,3.1764
1.3521,3.1563
1.3488,3.1363
1.3455,3.1162
1.3421,3.0962
1.3388,3.0762
1.3355,3.0561
1.3322,3.0361
1.3289,3.016
1.3257,2.996
1.3224,2.976
1.3191,2.9559
1.3159,2.9359
1.3127,2.9158
1.3095,2.8958
1.3063,2.8758
1.3031,2.8557
1.2999,2.8357
1.2967,2.8156
1.2935,2.7956
1.2904,2.7756
1.2873,2.7555
1.2841,2.7355
1.281,2.7154
1.2779,2.6954
1.2748,2.6754
1.2717,2.6553
1.2687,2.6353
1.2656,2.6152
1.2626,2.5952
1.2595,2.5752
1.2565,2.5551
1.2535,2.5351
1.2505,2.515
1.2475,2.495
1.2445,2.4749
1.2416,2.4549
1.2386,2.4349
1.2357,2.4148
1.2327,2.3948
1.2298,2.3747
1.2269,2.3547
1.224,2.3347
1.2212,2.3146
1.2183,2.2946
1.2154,2.2745
1.2126,2.2545
1.2098,2.2345
1.207,2.2144
1.2041,2.1944
1.2014,2.1743
1.1986,2.1543
1.1958,2.1343
1.1931,2.1142
1.1903,2.0942
1.1876,2.0741
1.1849,2.0541
1.1822,2.0341
1.1795,2.014
1.1768,1.994
1.1742,1.9739
1.1715,1.9539
1.1689,1.9339
1.1663,1.9138
1.1637,1.8938
1.1611,1.8737
1.1585,1.8537
1.1559,1.8337
1.1534,1.8136
1.1509,1.7936
1.1483,1.7735
1.1458,1.7535
1.1433,1.7335
1.1409,1.7134
1.1384,1.6934
1.1359,1.6733
1.1335,1.6533
1.1311,1.6333
1.1287,1.6132
1.1263,1.5932
1.1239,1.5731
1.1216,1.5531
1.1192,1.5331
1.1169,1.513
1.1146,1.493
1.1123,1.4729
1.11,1.4529
1.1077,1.4329
1.1055,1.4128
1.1032,1.3928
1.101,1.3727
1.0988,1.3527
1.0966,1.3327
1.0945,1.3126
1.0923,1.2926
1.0902,1.2725
1.088,1.2525
1.0859,1.2325
1.0838,1.2124
1.0818,1.1924
1.0797,1.1723
1.0777,1.1523
1.0757,1.1323
1.0737,1.1122
1.0717,1.0922
1.0698,1.0721
1.0883,1.0764
1.1083,1.0904
1.1284,1.1048
1.1484,1.1192
NaN,NaN
0.16796,3.9988
0.1742,3.9788
0.18043,3.9588
0.18665,3.9387
0.19285,3.9187
0.19903,3.8986
0.2052,3.8786
0.21135,3.8586
0.21748,3.8385
0.2236,3.8185
0.22971,3.7984
0.2358,3.7784
0.24187,3.7584
0.24792,3.7383
0.25396,3.7183
0.25998,3.6982
0.26599,3.6782
0.27198,3.6582
0.27795,3.6381
0.28391,3.6181
0.28985,3.598
0.29578,3.578
0.30168,3.558
0.30758,3.5379
0.31345,3.5179
0.31931,3.4978
0.32515,3.4778
0.33097,3.4578
0.33678,3.4377
0.34257,3.4177
0.34834,3.3976
0.3541,3.3776
0.35984,3.3576
0.36556,3.3375
0.37127,3.3175
0.37696,3.2974
0.38263,3.2774
0.38828,3.2574
0.39392,3.2373
0.39953,3.2173
0.40514,3.1972
0.41072,3.1772
0.41629,3.1572
0.42183,3.1371
0.42736,3.1171
0.43288,3.097
0.43837,3.077
0.44385,3.057
0.44931,3.0369
0.45475,3.0169
0.46017,2.9968
0.46558,2.9768
0.47097,2.9568
0.47634,2.9367
0.48169,2.9167
0.48702,2.8966
0.49233,2.8766
0.49763,2.8566
0.5029,2.8365
0.50816,2.8165
0.5134,2.7964
0.51862,2.7764
0.52382,2.7564
0.52901,2.7363
0.53417,2.7163
0.53932,2.6962
0.54444,2.6762
0.54955,2.6562
0.55464,2.6361
0.55971,2.6161
0.56476,2.596
0.56978,2.576
0.57479,2.556
0.57979,2.5359
0.58476,2.5159
0.58971,2.4958
0.59464,2.4758
0.59955,2.4558
0.60444,2.4357
0.60931,2.4157
0.61416,2.3956
0.61899,2.3756
0.6238,2.3556
0.62859,2.3355
0.63336,2.3155
0.63811,2.2954
0.64284,2.2754
0.64755,2.2554
0.65224,2.2353
0.6569,2.2153
0.66155,2.1952
0.66617,2.1752
0.67077,2.1552
0.67535,2.1351
0.67991,2.1151
0.68445,2.095
0.68897,2.075
0.69346,2.055
0.69793,2.0349
0.70238,2.0149
0.70681,1.9948
0.71122,1.9748
0.7156,1.9548
0.71996,1.9347
0.7243,1.9147
0.72862,1.8946
0.73291,1.8746
0.73719,1.8546
0.74143,1.8345
0.74566,1.8145
0.74986,1.7944
0.75404,1.7744
0.7582,1.7544
0.76233,1.7343
0.76644,1.7143
0.77052,1.6942
0.77458,1.6742
0.77862,1.6542
0.78263,1.6341
0.78662,1.6141
0.79058,1.594
0.79452,1.574
0.79843,1.554
0.80232,1.5339
0.80618,1.5139
0.81001,1.4938
0.81382,1.4738
0.81761,1.4538
0.82137,1.4337
0.8251,1.4137
0.82881,1.3936
0.83249,1.3736
0.83614,1.3536
0.83977,1.3335
0.84337,1.3135
0.84694,1.2934
0.85048,1.2734
0.854,1.2534
0.85749,1.2333
0.86095,1.2133
0.86438,1.1932
0.86778,1.1732
0.87116,1.1532
0.8745,1.1331
0.87782,1.1131
0.8811,1.093
0.88436,1.073
0.88758,1.053
0.89078,1.0329
0.89394,1.0129
0.89707,0.99283
0.90018,0.97279
NaN,NaN
2.5452,3.9988
2.5336,3.9788
2.5221,3.9588
2.5105,3.9387
2.499,3.9187
2.4875,3.8986
2.4761,3.8786
2.4646,3.8586
2.4532,3.8385
2.4419,3.8185
2.4305,3.7984
2.4192,3.7784
2.408,3.7584
2.3967,3.7383
2.3855,3.7183
2.3743,3.6982
2.3632,3.6782
2.352,3.6582
2.3409,3.6381
2.3299,3.6181
2.3188,3.598
2.3078,3.578
2.2969,3.558
2.2859,3.5379
2.275,3.5179
2.2641,3.4978
2.2533,3.4778
2.2425,3.4578
2.2317,3.4377
2.2209,3.4177
2.2102,3.3976
2.1995,3.3776
2.1889,3.3576
2.1782,3.3375
2.1676,3.3175
2.1571,3.2974
2.1466,3.2774
2.1361,3.2574
2.1256,3.2373
2.1152,3.2173
2.1047,3.1972
2.0944,3.1772
2.084,3.1572
2.0737,3.1371
2.0635,3.1171
2.0532,3.097
2.043,3.077
2.0329,3.057
2.0227,3.0369
2.0126,3.0169
2.0025,2.9968
1.9925,2.9768
1.9825,2.9568
1.9725,2.9367
1.9626,2.9167
1.9527,2.8966
1.9428,2.8766
1.933,2.8566
1.9232,2.8365
1.9134,2.8165
1.9037,2.7964
1.894,2.7764
1.8843,2.7564
1.8747,2.7363
1.8651,2.7163
1.8556,2.6962
1.846,2.6762
1.8365,2.6562
1.8271,2.6361
1.8177,2.6161
1.8083,2.596
1.799,2.576
1.7897,2.556
1.7804,2.5359
1.7712,2.5159
1.762,2.4958
1.7528,2.4758
1.7437,2.4558
1.7346,2.4357
1.7256,2.4157
1.7166,2.3956
1.7076,2.3756
1.6986,2.3556
1.6898,2.3355
1.6809,2.3155
1.6721,2.2954
1.6633,2.2754
1.6546,2.2554
1.6458,2.2353
1.6372,2.2153
1.6286,2.1952
1.62,2.1752
1.6114,2.1552
1.6029,2.1351
1.5945,2.1151
1.586,2.095
1.5776,2.075
1.5693,2.055
1.561,2.0349
1.5527,2.0149
1.5445,1.9948
1.5363,1.9748
1.5282,1.9548
1.5201,1.9347
1.512,1.9147
1.504,1.8946
1.496,1.8746
1.4881,1.8546
1.4802,1.8345
1.4723,1.8145
1.4645,1.7944
1.4568,1.7744
1.4491,1.7544
1.4414,1.7343
1.4338,1.7143
1.4262,1.6942
1.4186,1.6742
1.4111,1.6542
1.4037,1.6341
1.3963,1.6141
1.3889,1.594
1.3816,1.574
1.3743,1.554
1.3671,1.5339
1.36,1.5139
1.3528,1.4938
1.3458,1.4738
1.3387,1.4538
1.3317,1.4337
1.3248,1.4137
1.3179,1.3936
1.3111,1.3736
1.3043,1.3536
1.2976,1.3335
1.2909,1.3135
1.2843,1.2934
1.2863,1.2784
1.3063,1.2893
1.3263,1.3019
1.3464,1.3144
1.3664,1.3268
1.3865,1.3392
1.4065,1.3514
1.4265,1.3636
1.4466,1.3758
1.4666,1.3878
1.4867,1.3998
1.5067,1.4116
1.5267,1.4235
1.5468,1.4352
NaN,NaN
3.7314,3.9985
3.7114,3.9789
3.6913,3.9593
3.6713,3.9396
3.6513,3.9199
3.6312,3.9001
3.6112,3.8803
3.5911,3.8604
3.5711,3.8405
3.5511,3.8205
3.531,3.8004
3.511,3.7804
3.4911,3.7604
3.4712,3.7403
3.4514,3.7203
3.4316,3.7002
3.4119,3.6802
3.3922,3.6602
3.3726,3.6401
3.353,3.6201
3.3335,3.6
3.314,3.58
3.2946,3.56
3.2753,3.5399
3.256,3.5199
3.2368,3.4998
3.2176,3.4798
3.1985,3.4598
3.1794,3.4397
3.1604,3.4197
3.1414,3.3996
3.1225,3.3796
3.1037,3.3596
3.0849,3.3395
3.0661,3.3195
3.0474,3.2994
3.0288,3.2794
3.0103,3.2594
2.9917,3.2393
2.9733,3.2193
2.9549,3.1992
2.9366,3.1792
2.9183,3.1592
2.9001,3.1391
2.8819,3.1191
2.8638,3.099
2.8457,3.079
2.8277,3.059
2.8098,3.0389
2.7919,3.0189
2.7741,2.9988
2.7564,2.9788
2.7387,2.9588
2.7211,2.9387
2.7035,2.9187
2.686,2.8986
2.6685,2.8786
2.6511,2.8586
2.6338,2.8385
2.6165,2.8185
2.5993,2.7984
2.5822,2.7784
2.5651,2.7584
2.5481,2.7383
2.5311,2.7183
2.5142,2.6982
2.4974,2.6782
2.4806,2.6582
2.4639,2.6381
2.4472,2.6181
2.4307,2.598
2.4141,2.578
2.3977,2.558
2.3813,2.5379
2.365,2.5179
2.3487,2.4978
2.3325,2.4778
2.3164,2.4578
2.3003,2.4377
2.2843,2.4177
2.2684,2.3976
2.2525,2.3776
2.2367,2.3576
2.221,2.3375
2.2053,2.3175
2.1897,2.2974
2.1742,2.2774
2.1587,2.2574
2.1433,2.2373
2.128,2.2173
2.1127,2.1972
2.0975,2.1772
2.0824,2.1572
2.0674,2.1371
2.0524,2.1171
2.0375,2.097
2.0227,2.077
2.0079,2.057
1.9932,2.0369
1.9786,2.0169
1.964,1.9968
1.9496,1.9768
1.9352,1.9568
1.9208,1.9367
1.9066,1.9167
1.8925,1.8966
1.8811,1.8766
1.8971,1.8731
1.9172,1.8765
1.9372,1.8799
1.9572,1.8833
1.9773,1.8867
1.9973,1.89
2.0174,1.8933
2.0374,1.8965
2.0574,1.8997
2.0775,1.9029
2.0975,1.906
2.1176,1.9092
2.1376,1.9122
2.1576,1.9153
2.1777,1.9183
2.1977,1.9213
2.2178,1.9242
2.2378,1.9271
2.2578,1.9299
2.2779,1.9328
2.2979,1.9355
2.318,1.9383
2.338,1.941
2.358,1.9436
2.3781,1.9463
2.3981,1.9488
2.4182,1.9514
2.4382,1.9539
2.4582,1.9563
2.4783,1.9587
2.4983,1.9611
2.5184,1.9634
2.5384,1.9656
2.5584,1.9679
2.5785,1.97
2.5985,1.9721
2.6186,1.9742
NaN,NaN
3.9981,1.8415
3.978,1.8463
3.958,1.851
3.938,1.8556
3.9179,1.8602
3.8979,1.8648
3.8778,1.8693
3.8578,1.8737
3.8378,1.8781
3.8177,1.8825
3.7977,1.8868
3.7776,1.891
3.7576,1.8952
3.7376,1.8993
3.7175,1.9034
3.6975,1.9074
3.6774,1.9114
3.6574,1.9153
3.6374,1.9191
3.6173,1.9229
3.5973,1.9266
3.5772,1.9303
3.5572,1.9339
3.5372,1.9374
3.5171,1.9409
3.4971,1.9443
3.477,1.9476
3.457,1.9509
3.437,1.9541
3.4169,1.9572
3.3969,1.9603
3.3768,1.9632
3.3568,1.9661
3.3368,1.969
3.3167,1.9717
3.2967,1.9743
3.2766,1.9769
3.2566,1.9794
3.2366,1.9817
3.2165,1.984
NaN,NaN
-0.99854,2.8458
-0.9785,2.8268
-0.95846,2.8077
-0.93842,2.7885
-0.91838,2.7692
-0.89834,2.7499
-0.8783,2.7305
-0.85826,2.7111
-0.83822,2.6915
-0.81818,2.6719
-0.79814,2.6523
-0.7781,2.6325
-0.75806,2.6127
-0.73802,2.5928
-0.71798,2.5728
-0.69796,2.5528
-0.67801,2.5328
-0.65813,2.5127
-0.63834,2.4927
-0.61862,2.4726
-0.59899,2.4526
-0.57943,2.4326
-0.55995,2.4125
-0.54056,2.3925
-0.52125,2.3724
-0.50201,2.3524
-0.48286,2.3324
-0.46379,2.3123
-0.44481,2.2923
-0.42591,2.2722
-0.40708,2.2522
-0.38834,2.2322
-0.36968,2.2121
-0.35111,2.1921
-0.33262,2.172
-0.31422,2.152
-0.29591,2.132
-0.27767,2.1119
-0.25953,2.0919
-0.24147,2.0718
-0.2235,2.0518
-0.20562,2.0318
-0.18782,2.0117
-0.17011,1.9917
-0.1525,1.9716
-0.13497,1.9516
-0.11753,1.9316
-0.10018,1.9115
-0.082922,1.8915
-0.065755,1.8714
-0.04868,1.8514
-0.031697,1.8314
-0.014806,1.8113
0.0019908,1.7913
0.018694,1.7712
0.035303,1.7512
0.051818,1.7312
0.068237,1.7111
0.08456,1.6911
0.10079,1.671
0.11692,1.651
0.13295,1.631
0.14888,1.6109
0.16472,1.5909
0.18045,1.5708
0.19609,1.5508
0.21162,1.5308
0.22706,1.5107
0.24239,1.4907
0.25762,1.4706
0.27274,1.4506
0.28776,1.4306
0.30268,1.4105
0.31749,1.3905
0.33219,1.3704
0.34679,1.3504
0.36128,1.3304
0.37566,1.3103
0.38993,1.2903
0.40409,1.2702
0.41814,1.2502
0.43208,1.2302
0.4459,1.2101
0.45961,1.1901
0.47321,1.17
0.48669,1.15
0.50005,1.13
0.51329,1.1099
0.52642,1.0899
0.53942,1.0698
NaN,NaN
2.5253,2.5287
2.5083,2.5087
2.4939,2.4887
2.499,2.4686
2.5134,2.4486
2.528,2.4285
2.5429,2.4085
2.5579,2.3885
2.5733,2.3684
2.5889,2.3484
2.6048,2.3283
2.6211,2.3083
2.6377,2.2883
2.6547,2.2682
2.6721,2.2482
2.69,2.2281
2.7084,2.2081
2.7274,2.1881
2.7471,2.168
2.7672,2.1484
2.7872,2.1297
2.8073,2.1118
2.8273,2.0948
2.8473,2.0787
2.8674,2.0637
2.8874,2.0498
NaN,NaN
3.9992,2.9767
3.9854,2.9567
3.9716,2.9366
3.9577,2.9166
3.9437,2.8965
3.9296,2.8765
3.9154,2.8565
3.901,2.8364
3.8866,2.8164
3.872,2.7963
3.8573,2.7763
3.8425,2.7563
3.8275,2.7362
3.8124,2.7162
3.7972,2.6961
3.7818,2.6761
3.7663,2.6561
3.7506,2.636
3.7348,2.616
3.7187,2.5959
3.7025,2.5759
3.6861,2.5559
3.6695,2.5358
3.6527,2.5158
3.6357,2.4957
3.6184,2.4757
3.6009,2.4557
3.5832,2.4356
3.5651,2.4156
3.5468,2.3955
3.5282,2.3755
3.5092,2.3555
3.4899,2.3354
3.4702,2.3154
3.4501,2.2954
3.4301,2.2759
3.4101,2.2569
3.39,2.2383
3.37,2.2201
3.3499,2.2025
3.3299,2.1853
3.3099,2.1687
3.2898,2.1526
3.2698,2.137
3.2497,2.122
3.2297,2.1076
3.2097,2.0938
3.1896,2.0807
3.1696,2.0682
3.1495,2.0565
3.1295,2.0455
NaN,NaN
3.9981,2.3698
3.978,2.3587
3.958,2.3478
3.938,2.3369
3.9179,2.3262
3.8979,2.3155
3.8778,2.305
3.8578,2.2947
3.8378,2.2844
3.8177,2.2743
3.7977,2.2642
3.7776,2.2543
3.7576,2.2446
3.7376,2.2349
3.7175,2.2254
3.6975,2.216
3.6774,2.2068
3.6574,2.1977
3.6374,2.1887
3.6173,2.1799
3.5973,2.1712
3.5772,2.1626
3.5572,2.1542
3.5372,2.146
3.5171,2.1379
3.4971,2.1299
3.477,2.1222
3.457,2.1145
3.437,2.1071
3.4169,2.0998
3.3969,2.0927
3.3768,2.0858
3.3568,2.079
3.3368,2.0724
3.3167,2.0661
NaN,NaN
1.9247,3.9985
1.9177,3.9785
1.9108,3.9585
1.9039,3.9384
1.897,3.9184
1.8901,3.8983
1.8833,3.8783
1.8764,3.8583
1.8696,3.8382
1.8628,3.8182
1.856,3.7981
1.8493,3.7781
1.8425,3.7581
1.8358,3.738
1.8291,3.718
1.8224,3.6979
1.8157,3.6779
1.8091,3.6579
1.8024,3.6378
1.7958,3.6178
1.7892,3.5977
1.7826,3.5777
1.776,3.5577
1.7695,3.5376
1.763,3.5176
1.7565,3.4975
1.75,3.4775
1.7435,3.4575
1.737,3.4374
1.7306,3.4174
1.7242,3.3973
1.7178,3.3773
1.7114,3.3573
1.705,3.3372
1.6987,3.3172
1.6924,3.2971
1.6861,3.2771
1.6798,3.2571
1.6735,3.237
1.6673,3.217
1.6611,3.1969
1.6549,3.1769
1.6487,3.1569
1.6425,3.1368
1.6364,3.1168
1.6302,3.0967
1.6241,3.0767
1.618,3.0567
1.612,3.0366
1.6059,3.0166
1.5999,2.9965
1.5939,2.9765
1.5879,2.9565
1.5819,2.9364
1.576,2.9164
1.5701,2.8963
1.5642,2.8763
1.5583,2.8563
1.5524,2.8362
1.5466,2.8162
1.5407,2.7961
1.5349,2.7761
1.5292,2.7561
1.5234,2.736
1.5177,2.716
1.5119,2.6959
1.5062,2.6759
1.5006,2.6559
1.4949,2.6358
1.4893,2.6158
1.4837,2.5957
1.4781,2.5757
1.4725,2.5556
1.467,2.5356
1.4614,2.5156
1.4559,2.4955
1.4504,2.4755
1.445,2.4554
1.4396,2.4354
1.4341,2.4154
1.4287,2.3953
1.4234,2.3753
1.418,2.3552
1.4127,2.3352
1.4074,2.3152
1.4021,2.2951
1.3969,2.2751
1.3916,2.255
1.3864,2.235
1.3812,2.215
1.3761,2.1949
1.3709,2.1749
1.3658,2.1548
1.3607,2.1348
1.3557,2.1148
1.3506,2.0947
1.3456,2.0747
1.3406,2.0546
1.3356,2.0346
1.3307,2.0146
1.3258,1.9945
1.3209,1.9745
1.316,1.9544
1.3111,1.9344
1.3063,1.9144
1.3015,1.8943
1.2967,1.8743
1.292,1.8542
1.2873,1.8342
1.2826,1.8142
1.2779,1.7941
1.2733,1.7741
1.2686,1.754
1.2641,1.734
1.2595,1.714
1.255,1.6939
1.2504,1.6739
1.246,1.6538
1.2415,1.6338
1.2371,1.6138
1.2327,1.5937
1.2283,1.5737
1.2239,1.5536
1.2196,1.5336
1.2153,1.5136
1.2111,1.4935
1.2068,1.4735
1.2026,1.4534
1.1985,1.4334
1.1943,1.4134
1.1902,1.3933
1.1861,1.3733
1.182,1.3532
1.178,1.3332
1.174,1.3132
1.17,1.2931
1.1661,1.2731
1.1622,1.253
1.1583,1.233
NaN,NaN
3.9985,3.9981
3.9789,3.9785
3.9592,3.9589
3.9396,3.9393
3.9199,3.9196
3.9002,3.9
3.8806,3.8803
3.8609,3.8607
3.8413,3.8411
3.8216,3.8214
3.8019,3.8018
3.7822,3.7822
3.7626,3.7626
3.7429,3.743
3.7232,3.7234
3.7035,3.7038
3.6838,3.6842
3.6641,3.6645
3.6444,3.6449
3.6246,3.6253
3.6049,3.6057
3.5852,3.5861
3.5655,3.5664
3.5457,3.5468
3.526,3.5272
3.5062,3.5075
3.4865,3.4879
3.4667,3.4683
3.447,3.4486
3.4272,3.429
3.4074,3.4093
3.3876,3.3896
3.3678,3.3699
3.348,3.3502
3.3281,3.3305
3.3083,3.3108
3.2885,3.2911
3.2686,3.2714
3.2488,3.2517
3.229,3.2319
3.2092,3.2121
3.1894,3.1923
3.1697,3.1725
3.1501,3.1526
3.1305,3.1327
3.1112,3.1127
3.0922,3.0927
3.0738,3.0727
3.0579,3.0526
3.0522,3.0326
3.0515,3.0126
3.0508,2.9925
3.0501,2.9725
3.0494,2.9524
3.0487,2.9324
3.048,2.9124
3.0473,2.8923
3.0466,2.8723
3.0459,2.8522
3.0452,2.8322
3.0444,2.8122
3.0437,2.7921
3.043,2.7721
3.0422,2.752
3.0415,2.732
3.0407,2.712
3.0399,2.6919
3.0392,2.6719
3.0384,2.6518
3.0376,2.6318
3.0368,2.6118
3.036,2.5917
3.0352,2.5717
3.0343,2.5516
3.0335,2.5316
3.0327,2.5116
3.0318,2.4915
3.0309,2.4715
3.03,2.4514
3.0292,2.4314
3.0282,2.4114
3.0273,2.3913
3.0264,2.3713
3.0254,2.3512
3.0244,2.3312
3.0234,2.3112
3.0224,2.2911
3.0214,2.2711
3.0203,2.251
3.0192,2.231
3.0181,2.211
3.0169,2.1909
3.0157,2.1709
3.0145,2.1508
3.0132,2.1308
3.0118,2.1108
3.0103,2.0907
3.0087,2.0707
3.007,2.0506
NaN,NaN
0.5936,3.9984
0.59665,3.9783
0.59969,3.9583
0.60273,3.9383
0.60576,3.9182
0.60878,3.8982
0.61179,3.8781
0.61479,3.8581
0.61779,3.8381
0.62078,3.818
0.62376,3.798
0.62674,3.7779
0.6297,3.7579
0.63266,3.7379
0.63561,3.7178
0.63855,3.6978
0.64149,3.6777
0.64441,3.6577
0.64733,3.6377
0.65024,3.6176
0.65314,3.5976
0.65604,3.5775
0.65892,3.5575
0.6618,3.5375
0.66467,3.5174
0.66753,3.4974
0.67038,3.4773
0.67323,3.4573
0.67607,3.4373
0.67889,3.4172
0.68172,3.3972
0.68453,3.3771
0.68733,3.3571
0.69013,3.3371
0.69291,3.317
0.69569,3.297
0.69846,3.2769
0.70122,3.2569
0.70398,3.2369
0.70672,3.2168
0.70946,3.1968
0.71218,3.1767
0.7149,3.1567
0.71761,3.1367
0.72032,3.1166
0.72301,3.0966
0.72569,3.0765
0.72837,3.0565
0.73104,3.0365
0.73369,3.0164
0.73634,2.9964
0.73898,2.9763
0.74162,2.9563
0.74424,2.9363
0.74685,2.9162
0.74946,2.8962
0.75205,2.8761
0.75464,2.8561
0.75722,2.8361
0.75979,2.816
0.76235,2.796
0.7649,2.7759
0.76744,2.7559
0.76997,2.7359
0.7725,2.7158
0.77501,2.6958
0.77751,2.6757
0.78001,2.6557
0.7825,2.6357
0.78497,2.6156
0.78744,2.5956
0.7899,2.5755
0.79234,2.5555
0.79478,2.5355
0.79721,2.5154
0.79963,2.4954
0.80204,2.4753
0.80444,2.4553
0.80683,2.4353
0.80921,2.4152
0.81158,2.3952
0.81394,2.3751
0.81629,2.3551
0.81863,2.3351
0.82096,2.315
0.82328,2.295
0.82559,2.2749
0.82789,2.2549
0.83018,2.2349
0.83246,2.2148
0.83472,2.1948
0.83698,2.1747
0.83923,2.1547
0.84147,2.1347
0.8437,2.1146
0.84591,2.0946
0.84812,2.0745
0.85032,2.0545
0.8525,2.0345
0.85468,2.0144
0.85684,1.9944
0.85899,1.9743
0.86113,1.9543
0.86326,1.9343
0.86538,1.9142
0.86749,1.8942
0.86959,1.8741
0.87168,1.8541
0.87375,1.8341
0.87582,1.814
0.87787,1.794
0.87991,1.7739
0.88194,1.7539
0.88396,1.7339
0.88596,1.7138
0.88796,1.6938
0.88994,1.6737
0.89191,1.6537
0.89387,1.6337
0.89582,1.6136
0.89775,1.5936
0.89968,1.5735
0.90159,1.5535
0.90348,1.5335
0.90537,1.5134
0.90724,1.4934
0.90911,1.4733
0.91095,1.4533
0.91279,1.4333
0.91461,1.4132
0.91642,1.3932
0.91822,1.3731
0.92,1.3531
0.92178,1.3331
0.92353,1.313
0.92528,1.293
0.92701,1.2729
NaN,NaN
3.5429,3.5094
3.5381,3.4894
3.5332,3.4693
3.5284,3.4493
3.5235,3.4292
3.5186,3.4092
3.5137,3.3892
3.5087,3.3691
3.5037,3.3491
3.4987,3.329
3.4937,3.309
3.4886,3.289
3.4836,3.2689
3.4785,3.2489
3.4733,3.2288
3.4682,3.2088
3.463,3.1888
3.4578,3.1687
3.4525,3.1487
3.4472,3.1286
3.4419,3.1086
3.4366,3.0886
3.4312,3.0685
3.4258,3.0485
3.4204,3.0284
3.4149,3.0084
3.4094,2.9884
3.4038,2.9683
3.3982,2.9483
3.3926,2.9282
3.3869,2.9082
3.3812,2.8882
3.3755,2.8681
3.3697,2.8481
3.3638,2.828
3.3579,2.808
3.352,2.788
3.346,2.7679
3.3399,2.7479
3.3338,2.7278
3.3277,2.7078
3.3215,2.6878
3.3152,2.6677
3.3089,2.6477
3.3025,2.6276
3.296,2.6076
3.2894,2.5876
3.2828,2.5675
3.2761,2.5475
3.2694,2.5274
3.2625,2.5074
3.2555,2.4874
3.2485,2.4673
3.2413,2.4473
3.2341,2.4272
3.2267,2.4072
3.2192,2.3872
3.2116,2.3671
3.2038,2.3471
3.1959,2.327
3.1878,2.307
3.1795,2.287
3.1711,2.2669
3.1624,2.2469
3.1535,2.2268
3.1443,2.2068
3.1349,2.1868
3.125,2.1667
3.1148,2.1467
NaN,NaN
-0.99902,3.6606
-0.98262,3.6405
-0.96628,3.6205
-0.94997,3.6004
-0.93372,3.5804
-0.91751,3.5604
-0.90134,3.5403
-0.88522,3.5203
-0.86915,3.5002
-0.85312,3.4802
-0.83714,3.4602
-0.8212,3.4401
-0.80531,3.4201
-0.78947,3.4
-0.77367,3.38
-0.75792,3.36
-0.74221,3.3399
-0.72655,3.3199
-0.71094,3.2998
-0.69538,3.2798
-0.67986,3.2598
-0.66439,3.2397
-0.64897,3.2197
-0.6336,3.1996
-0.61828,3.1796
-0.603,3.1595
-0.58777,3.1395
-0.57259,3.1195
-0.55746,3.0994
-0.54238,3.0794
-0.52735,3.0593
-0.51236,3.0393
-0.49743,3.0193
-0.48254,2.9992
-0.46771,2.9792
-0.45292,2.9591
-0.43819,2.9391
-0.4235,2.9191
-0.40887,2.899
-0.39428,2.879
-0.37975,2.8589
-0.36526,2.8389
-0.35083,2.8189
-0.33645,2.7988
-0.32212,2.7788
-0.30784,2.7587
-0.29362,2.7387
-0.27944,2.7187
-0.26532,2.6986
-0.25125,2.6786
-0.23724,2.6585
-0.22327,2.6385
-0.20936,2.6185
-0.1955,2.5984
-0.1817,2.5784
-0.16795,2.5583
-0.15425,2.5383
-0.1406,2.5183
-0.12702,2.4982
-0.11348,2.4782
-0.1,2.4581
-0.086574,2.4381
-0.073204,2.4181
-0.059889,2.398
-0.046629,2.378
-0.033425,2.3579
-0.020277,2.3379
-0.0071854,2.3179
0.0058498,2.2978
0.018828,2.2778
0.03175,2.2577
0.044614,2.2377
0.057421,2.2177
0.07017,2.1976
0.082861,2.1776
0.095494,2.1575
0.10807,2.1375
0.12058,2.1175
0.13304,2.0974
0.14544,2.0774
0.15777,2.0573
0.17005,2.0373
0.18227,2.0173
0.19442,1.9972
0.20652,1.9772
0.21856,1.9571
0.23053,1.9371
0.24244,1.9171
0.25429,1.897
0.26608,1.877
0.2778,1.8569
0.28946,1.8369
0.30106,1.8169
0.31259,1.7968
0.32406,1.7768
0.33547,1.7567
0.34681,1.7367
0.35808,1.7167
0.36929,1.6966
0.38043,1.6766
0.39151,1.6565
0.40252,1.6365
0.41346,1.6165
0.42434,1.5964
0.43515,1.5764
0.44588,1.5563
0.45655,1.5363
0.46715,1.5163
NaN,NaN
-0.31087,3.9982
-0.30103,3.9782
-0.29121,3.9581
-0.28142,3.9381
-0.27165,3.9181
-0.26191,3.898
-0.25219,3.878
-0.24249,3.8579
-0.23283,3.8379
-0.22318,3.8179
-0.21357,3.7978
-0.20397,3.7778
-0.19441,3.7577
-0.18487,3.7377
-0.17535,3.7177
-0.16586,3.6976
-0.1564,3.6776
-0.14696,3.6575
-0.13754,3.6375
-0.12816,3.6175
-0.1188,3.5974
-0.10946,3.5774
-0.10015,3.5573
-0.090869,3.5373
-0.081613,3.5173
-0.072383,3.4972
-0.063179,3.4772
-0.054002,3.4571
-0.044851,3.4371
-0.035727,3.4171
-0.026628,3.397
-0.017556,3.377
-0.0085113,3.3569
0.00050672,3.3369
0.0094977,3.3169
0.018462,3.2968
0.027398,3.2768
0.036308,3.2567
0.045189,3.2367
0.054044,3.2167
0.062871,3.1966
0.07167,3.1766
0.080442,3.1565
0.089186,3.1365
0.097902,3.1165
0.10659,3.0964
0.11525,3.0764
0.12388,3.0563
0.13248,3.0363
0.14106,3.0163
0.14961,2.9962
0.15812,2.9762
0.16661,2.9561
0.17508,2.9361
0.18351,2.9161
0.19191,2.896
0.20028,2.876
0.20863,2.8559
0.21694,2.8359
0.22523,2.8159
0.23349,2.7958
0.24172,2.7758
0.24991,2.7557
0.25808,2.7357
0.26622,2.7157
0.27433,2.6956
0.2824,2.6756
0.29045,2.6555
0.29847,2.6355
0.30646,2.6155
0.31441,2.5954
0.32234,2.5754
0.33023,2.5553
0.3381,2.5353
0.34593,2.5153
0.35373,2.4952
0.3615,2.4752
0.36924,2.4551
0.37695,2.4351
0.38463,2.4151
0.39227,2.395
0.39988,2.375
0.40747,2.3549
0.41501,2.3349
0.42253,2.3149
0.43001,2.2948
0.43746,2.2748
0.44488,2.2547
0.45227,2.2347
0.45962,2.2147
0.46694,2.1946
0.47422,2.1746
0.48148,2.1545
0.48869,2.1345
0.49588,2.1145
0.50303,2.0944
0.51015,2.0744
0.51723,2.0543
0.52428,2.0343
0.53129,2.0143
0.53827,1.9942
0.54521,1.9742
0.55212,1.9541
0.55899,1.9341
0.56583,1.9141
0.57263,1.894
0.5794,1.874
0.58613,1.8539
0.59282,1.8339
0.59948,1.8139
0.6061,1.7938
0.61268,1.7738
0.61923,1.7537
0.62574,1.7337
0.63221,1.7137
0.63864,1.6936
0.64504,1.6736
0.65139,1.6535
0.65771,1.6335
0.66399,1.6135
0.67023,1.5934
0.67644,1.5734
0.6826,1.5533
0.68872,1.5333
0.69481,1.5133
0.70085,1.4932
0.70685,1.4732
0.71282,1.4531
0.71874,1.4331
0.72462,1.4131
0.73046,1.393
0.73625,1.373
NaN,NaN
1.1457,3.9982
1.1446,3.9782
1.1435,3.9581
1.1424,3.9381
1.1413,3.9181
1.1402,3.898
1.1391,3.878
1.1381,3.8579
1.137,3.8379
1.1359,3.8179
1.1348,3.7978
1.1338,3.7778
1.1327,3.7577
1.1317,3.7377
1.1306,3.7177
1.1295,3.6976
1.1285,3.6776
1.1274,3.6575
1.1264,3.6375
1.1254,3.6175
1.1243,3.5974
1.1233,3.5774
1.1222,3.5573
1.1212,3.5373
1.1202,3.5173
1.1192,3.4972
1.1181,3.4772
1.1171,3.4571
1.1161,3.4371
1.1151,3.4171
1.1141,3.397
1.1131,3.377
1.1121,3.3569
1.1111,3.3369
1.1101,3.3169
1.1091,3.2968
1.1081,3.2768
1.1071,3.2567
1.1061,3.2367
1.1051,3.2167
1.1041,3.1966
1.1031,3.1766
1.1022,3.1565
1.1012,3.1365
1.1002,3.1165
1.0993,3.0964
1.0983,3.0764
1.0973,3.0563
1.0964,3.0363
1.0954,3.0163
1.0945,2.9962
1.0935,2.9762
1.0926,2.9561
1.0917,2.9361
1.0907,2.9161
1.0898,2.896
1.0889,2.876
1.0879,2.8559
1.087,2.8359
1.0861,2.8159
1.0852,2.7958
1.0843,2.7758
1.0833,2.7557
1.0824,2.7357
1.0815,2.7157
1.0806,2.6956
1.0797,2.6756
1.0788,2.6555
1.0779,2.6355
1.0771,2.6155
1.0762,2.5954
1.0753,2.5754
1.0744,2.5553
1.0735,2.5353
1.0727,2.5153
1.0718,2.4952
1.0709,2.4752
1.0701,2.4551
1.0692,2.4351
1.0684,2.4151
1.0675,2.395
1.0667,2.375
1.0658,2.3549
1.065,2.3349
1.0642,2.3149
1.0633,2.2948
1.0625,2.2748
1.0617,2.2547
1.0609,2.2347
1.06,2.2147
1.0592,2.1946
1.0584,2.1746
1.0576,2.1545
1.0568,2.1345
1.056,2.1145
1.0552,2.0944
1.0544,2.0744
1.0536,2.0543
1.0529,2.0343
1.0521,2.0143
1.0513,1.9942
1.0505,1.9742
1.0498,1.9541
1.049,1.9341
1.0482,1.9141
1.0475,1.894
1.0467,1.874
1.046,1.8539
1.0452,1.8339
1.0445,1.8139
1.0438,1.7938
1.043,1.7738
1.0423,1.7537
1.0416,1.7337
1.0409,1.7137
1.0402,1.6936
1.0394,1.6736
1.0387,1.6535
1.038,1.6335
1.0373,1.6135
1.0366,1.5934
1.036,1.5734
1.0353,1.5533
1.0346,1.5333
1.0339,1.5133
1.0332,1.4932
1.0326,1.4732
1.0319,1.4531
1.0313,1.4331
1.0306,1.4131
1.0299,1.393
1.0293,1.373
1.0287,1.3529
1.028,1.3329
1.0274,1.3129
1.0268,1.2928
1.0262,1.2728
1.0255,1.2527
1.0249,1.2327
1.0243,1.2127
1.0237,1.1926
1.0231,1.1726
1.0225,1.1525
1.022,1.1325
1.0214,1.1125
1.0208,1.0924
1.0202,1.0724
1.0197,1.0523
1.0191,1.0323
1.0272,1.0199
1.0473,1.0329
NaN,NaN
3.0877,3.9982
3.072,3.9782
3.0564,3.9581
3.0408,3.9381
3.0252,3.9181
3.0097,3.898
2.9942,3.878
2.9788,3.8579
2.9634,3.8379
2.948,3.8179
2.9327,3.7978
2.9174,3.7778
2.9022,3.7577
2.887,3.7377
2.8719,3.7177
2.8567,3.6976
2.8417,3.6776
2.8266,3.6575
2.8116,3.6375
2.7967,3.6175
2.7818,3.5974
2.7669,3.5774
2.7521,3.5573
2.7373,3.5373
2.7226,3.5173
2.7079,3.4972
2.6932,3.4772
2.6786,3.4571
2.664,3.4371
2.6495,3.4171
2.635,3.397
2.6206,3.377
2.6061,3.3569
2.5918,3.3369
2.5775,3.3169
2.5632,3.2968
2.549,3.2768
2.5348,3.2567
2.5206,3.2367
2.5065,3.2167
2.4925,3.1966
2.4785,3.1766
2.4645,3.1565
2.4506,3.1365
2.4367,3.1165
2.4228,3.0964
2.409,3.0764
2.3953,3.0563
2.3816,3.0363
2.3679,3.0163
2.3543,2.9962
2.3408,2.9762
2.3272,2.9561
2.3138,2.9361
2.3003,2.9161
2.287,2.896
2.2736,2.876
2.2603,2.8559
2.2471,2.8359
2.2339,2.8159
2.2207,2.7958
2.2076,2.7758
2.1946,2.7557
2.1816,2.7357
2.1686,2.7157
2.1557,2.6956
2.1428,2.6756
2.13,2.6555
2.1173,2.6355
2.1045,2.6155
2.0919,2.5954
2.0792,2.5754
2.0667,2.5553
2.0541,2.5353
2.0417,2.5153
2.0292,2.4952
2.0169,2.4752
2.0045,2.4551
1.9923,2.4351
1.98,2.4151
1.9679,2.395
1.9557,2.375
1.9437,2.3549
1.9316,2.3349
1.9197,2.3149
1.9078,2.2948
1.8959,2.2748
1.8841,2.2547
1.8723,2.2347
1.8606,2.2147
1.849,2.1946
1.8373,2.1746
1.8258,2.1545
1.8143,2.1345
1.8029,2.1145
1.7915,2.0944
1.7801,2.0744
1.7689,2.0543
1.7576,2.0343
1.7465,2.0143
1.7354,1.9942
1.7243,1.9742
1.7133,1.9541
1.7023,1.9341
1.6915,1.9141
1.6806,1.894
1.6699,1.874
1.6591,1.8539
1.6485,1.8339
1.6379,1.8139
1.6273,1.7938
1.6168,1.7738
1.6064,1.7537
1.5961,1.7337
1.5857,1.7137
1.5755,1.6936
1.5653,1.6736
1.5552,1.6535
1.5451,1.6335
1.5351,1.6135
1.5252,1.5934
1.5153,1.5734
1.5055,1.5533
1.4957,1.5333
1.486,1.5133
1.4764,1.4932
1.4669,1.4732
1.4668,1.4577
1.4868,1.4671
1.5069,1.4776
1.5269,1.4881
1.547,1.4985
1.567,1.5088
1.587,1.5191
1.6071,1.5293
1.6271,1.5394
1.6472,1.5495
1.6672,1.5595
1.6872,1.5694
1.7073,1.5792
1.7273,1.5889
1.7474,1.5986
1.7674,1.6082
1.7874,1.6177
1.8075,1.6272
1.8275,1.6365
NaN,NaN
3.946,3.8038
3.939,3.7838
3.932,3.7638
3.9249,3.7437
3.9178,3.7237
3.9106,3.7036
3.9035,3.6836
3.8963,3.6636
3.8891,3.6435
3.8819,3.6235
3.8746,3.6034
3.8673,3.5834
3.8599,3.5634
3.8526,3.5433
3.8452,3.5233
3.8377,3.5032
3.8303,3.4832
3.8228,3.4632
3.8153,3.4431
3.8077,3.4231
3.8001,3.403
3.7925,3.383
3.7848,3.363
3.7771,3.3429
3.7693,3.3229
3.7615,3.3028
3.7537,3.2828
3.7458,3.2628
3.7379,3.2427
3.73,3.2227
3.722,3.2026
3.7139,3.1826
3.7058,3.1626
3.6977,3.1425
3.6895,3.1225
3.6813,3.1024
3.673,3.0824
3.6647,3.0624
3.6563,3.0423
3.6479,3.0223
3.6394,3.0022
3.6308,2.9822
3.6222,2.9622
3.6135,2.9421
3.6048,2.9221
3.596,2.902
3.5872,2.882
3.5782,2.862
3.5692,2.8419
3.5602,2.8219
3.551,2.8018
3.5418,2.7818
3.5325,2.7618
3.5231,2.7417
3.5137,2.7217
3.5041,2.7016
3.4945,2.6816
3.4847,2.6616
3.4749,2.6415
3.465,2.6215
3.4549,2.6014
3.4448,2.5814
3.4345,2.5614
3.4241,2.5413
3.4136,2.5213
3.4029,2.5012
3.3921,2.4812
3.3811,2.4612
3.37,2.4411
3.3587,2.4211
3.3472,2.401
3.3356,2.381
3.3237,2.361
NaN,NaN
-0.65298,-0.79307
-0.60483,-0.61508
-0.78454,-0.65635
NaN,NaN
0.52612,0.36276
0.57965,0.53921
0.39877,0.50341
NaN,NaN
2.7132,1.849
2.8462,1.9766
2.6709,2.0339
NaN,NaN
0.53193,-0.69134
0.53911,-0.50709
0.37316,-0.58746
NaN,NaN
1.6786,0.58862
1.6928,0.77247
1.5239,0.69844
NaN,NaN
1.7249,-0.46619
1.6926,-0.28465
1.5476,-0.39857
NaN,NaN
3.133,-0.77253
3.0367,-0.61531
2.9433,-0.7743
NaN,NaN
3.1215,0.38197
3.0249,0.539
2.9318,0.37982
NaN,NaN
-0.79313,0.6292
-0.61531,0.67796
-0.74202,0.81192
NaN,NaN
-0.41221,1.7387
-0.23165,1.7014
-0.28366,1.8783
NaN,NaN
-0.39387,3.16
-0.23112,3.0733
-0.23123,3.2577
NaN,NaN
0.60509,2.0183
0.73098,1.8836
0.79062,2.0581
NaN,NaN
1.9123,3.0303
1.9281,2.8465
2.0828,2.9469
NaN,NaN
1.8898,2.0679
1.884,1.8836
2.0493,1.9652
NaN,NaN
2.8818,3.261
2.8466,3.08
3.0229,3.1341
NaN,NaN
0.61603,3.1817
0.7309,3.0375
0.80411,3.2067
NaN,NaN
