-0.99807,-0.81713
-0.97803,-0.81622
-0.95799,-0.8153
-0.93795,-0.81437
-0.91791,-0.81342
-0.89787,-0.81248
-0.87783,-0.81152
-0.85779,-0.81055
-0.83775,-0.80957
-0.81771,-0.80859
-0.79767,-0.80121
-0.779,-0.78265
-0.76048,-0.764
-0.74179,-0.74548
-0.72299,-0.72695
-0.70421,-0.70843
-0.68567,-0.68988
-0.66716,-0.67112
-0.64867,-0.65227
-0.63017,-0.63362
-0.61152,-0.61512
-0.59272,-0.59661
-0.57395,-0.57811
-0.55543,-0.55957
-0.53694,-0.54083
-0.51847,-0.52199
-0.49999,-0.50336
-0.48135,-0.48488
-0.46257,-0.4664
-0.44382,-0.44792
-0.42535,-0.4294
-0.40688,-0.41065
-0.38843,-0.39182
-0.36998,-0.37326
-0.35131,-0.35479
-0.33256,-0.33635
-0.31387,-0.31789
-0.29543,-0.29936
-0.27702,-0.28061
-0.25859,-0.26182
-0.24014,-0.24335
-0.22148,-0.22494
-0.20271,-0.20649
-0.18416,-0.1881
-0.16577,-0.1695
-0.14738,-0.15073
-0.12901,-0.13207
-0.11052,-0.11369
-0.091803,-0.09529
-0.073134,-0.076925
-0.054747,-0.058517
-0.0364,-0.039832
-0.01806,-0.021067
0.00028288,-0.0026691
0.018872,0.015653
0.037572,0.034004
0.056036,0.052321
0.074299,0.070856
0.092559,0.089603
0.11083,0.10806
0.12936,0.12637
0.14797,0.14461
0.16643,0.16283
0.18462,0.18128
0.20283,0.20001
0.22103,0.21844
0.23949,0.23667
0.25805,0.25484
0.27642,0.27298
0.29451,0.29138
0.31258,0.31004
0.33067,0.32824
0.34907,0.3463
0.36754,0.36434
0.38563,0.38244
0.40358,0.40097
0.42151,0.41935
0.43971,0.43731
0.45813,0.45526
0.47628,0.47319
0.49417,0.49158
0.51202,0.5101
0.53,0.52791
0.54828,0.54566
0.5663,0.5634
0.58397,0.58172
0.60152,0.59992
0.61948,0.61752
0.63764,0.63505
0.6552,0.65272
0.67253,0.67115
0.69007,0.68861
0.70804,0.70583
0.72548,0.72311
0.74245,0.74145
0.7597,0.75849
0.77747,0.77531
0.79433,0.79264
0.81081,0.81031
0.82826,0.82676
0.84513,0.8432
0.86103,0.86104
0.87809,0.87689
0.89441,0.89293
0.9098,0.91012
0.92674,0.92515
0.94146,0.94242
0.9575,0.95688
0.97219,0.97267
0.98727,0.98728
0.99982,1.0023
1.0112,1.0118
1.0209,1.0221
1.0226,1.0221
1.0237,1.0221
1.0268,1.0302
1.0266,1.0302
1.0266,1.0302
1.0266,1.0302
1.0266,1.0302
NaN,NaN
-0.060695,-0.99807
-0.058415,-0.97803
-0.056121,-0.95799
-0.053813,-0.93795
-0.051491,-0.91791
-0.049155,-0.89787
-0.046805,-0.87783
-0.044439,-0.85779
-0.04206,-0.83775
-0.039665,-0.81771
-0.037255,-0.79767
-0.03483,-0.77763
-0.03239,-0.75759
-0.029934,-0.73755
-0.027462,-0.71751
-0.024973,-0.69747
-0.022468,-0.67743
-0.019947,-0.65739
-0.017408,-0.63735
-0.014852,-0.61731
-0.012279,-0.59727
-0.0096884,-0.57723
-0.0070795,-0.55719
-0.0044523,-0.53715
-0.0018067,-0.51711
0.0008577,-0.49707
0.0035412,-0.47703
0.006244,-0.45699
0.0089666,-0.43695
0.011709,-0.41691
0.014472,-0.39687
0.017255,-0.37683
0.020059,-0.35679
0.022885,-0.33675
0.025732,-0.31671
0.028601,-0.29667
0.031493,-0.27663
0.034407,-0.25659
0.037345,-0.23655
0.040305,-0.21651
0.04329,-0.19647
0.046299,-0.17643
0.049333,-0.15639
0.052392,-0.13635
NaN,NaN
0.32673,-0.99807
0.32873,-0.97803
0.33073,-0.95799
0.33275,-0.93795
0.33477,-0.91791
0.33681,-0.89787
0.33887,-0.87783
0.34093,-0.85779
0.34301,-0.83775
0.3451,-0.81771
0.34721,-0.79767
0.34933,-0.77763
0.35146,-0.75759
0.3536,-0.73755
0.35576,-0.71751
0.35793,-0.69747
0.36012,-0.67743
0.36232,-0.65739
0.36454,-0.63735
0.36677,-0.61731
0.36902,-0.59727
0.37128,-0.57723
0.37356,-0.55719
0.37586,-0.53715
0.37817,-0.51711
0.3805,-0.49707
0.38284,-0.47703
0.3852,-0.45699
0.38758,-0.43695
0.38997,-0.41691
0.39239,-0.39687
0.39482,-0.37683
0.39727,-0.35679
0.39974,-0.33675
0.40222,-0.31671
0.40473,-0.29667
0.40725,-0.27663
0.4098,-0.25659
0.41236,-0.23655
0.41495,-0.21651
0.41756,-0.19647
0.42019,-0.17643
0.42283,-0.15639
0.42551,-0.13635
0.4282,-0.11631
0.43092,-0.096269
0.43366,-0.076229
0.43642,-0.056189
0.43921,-0.036149
0.44202,-0.016109
0.44486,0.0039309
0.44772,0.023971
0.45061,0.044011
0.45352,0.064051
0.45647,0.084091
0.45943,0.10413
0.46243,0.12417
0.46546,0.14421
0.46851,0.16425
0.4716,0.18429
0.47471,0.20433
0.47786,0.22437
0.48104,0.24441
0.48425,0.26445
0.48749,0.28449
0.49077,0.30453
0.49408,0.32457
0.49743,0.34461
0.50081,0.36465
NaN,NaN
0.71416,-0.99807
0.71587,-0.97803
0.71758,-0.95799
0.7193,-0.93795
0.72104,-0.91791
0.72278,-0.89787
0.72454,-0.87783
0.7263,-0.85779
0.72808,-0.83775
0.72987,-0.81771
0.73167,-0.79767
0.73348,-0.77763
0.7353,-0.75759
0.73714,-0.73755
0.73898,-0.71751
0.74084,-0.69747
0.74271,-0.67743
0.7446,-0.65739
0.74649,-0.63735
0.7484,-0.61731
0.75032,-0.59727
0.75226,-0.57723
0.75421,-0.55719
0.75617,-0.53715
0.75814,-0.51711
0.76013,-0.49707
0.76214,-0.47703
0.76416,-0.45699
0.76619,-0.43695
0.76824,-0.41691
0.7703,-0.39687
0.77238,-0.37683
0.77447,-0.35679
0.77659,-0.33675
0.77871,-0.31671
0.78085,-0.29667
0.78301,-0.27663
0.78519,-0.25659
0.78738,-0.23655
0.7896,-0.21651
0.79182,-0.19647
0.79407,-0.17643
0.79634,-0.15639
0.79862,-0.13635
0.80093,-0.11631
0.80325,-0.096269
0.80559,-0.076229
0.80795,-0.056189
0.81034,-0.036149
0.81274,-0.016109
0.81517,0.0039309
0.81762,0.023971
0.82009,0.044011
0.82258,0.064051
0.82509,0.084091
0.82763,0.10413
0.8302,0.12417
0.83278,0.14421
0.83539,0.16425
0.83803,0.18429
0.8407,0.20433
0.84339,0.22437
0.8461,0.24441
0.84885,0.26445
0.85162,0.28449
0.85443,0.30453
0.85726,0.32457
0.86012,0.34461
0.86301,0.36465
0.86594,0.38469
0.86889,0.40473
0.87189,0.42477
0.87491,0.44481
0.87797,0.46485
0.88106,0.48489
0.8842,0.50493
0.88736,0.52497
0.89057,0.54501
0.89382,0.56505
0.89711,0.58509
0.90044,0.60513
0.90381,0.62517
0.90722,0.64521
0.91069,0.66525
0.91419,0.68529
0.91775,0.70533
0.92135,0.72537
0.92501,0.74541
NaN,NaN
1.1016,-0.99807
1.103,-0.97803
1.1044,-0.95799
1.1059,-0.93795
1.1073,-0.91791
1.1088,-0.89787
1.1102,-0.87783
1.1117,-0.85779
1.1132,-0.83775
1.1146,-0.81771
1.1161,-0.79767
1.1176,-0.77763
1.1192,-0.75759
1.1207,-0.73755
1.1222,-0.71751
1.1238,-0.69747
1.1253,-0.67743
1.1269,-0.65739
1.1284,-0.63735
1.13,-0.61731
1.1316,-0.59727
1.1332,-0.57723
1.1348,-0.55719
1.1365,-0.53715
1.1381,-0.51711
1.1398,-0.49707
1.1414,-0.47703
1.1431,-0.45699
1.1448,-0.43695
1.1465,-0.41691
1.1482,-0.39687
1.1499,-0.37683
1.1517,-0.35679
1.1534,-0.33675
1.1552,-0.31671
1.157,-0.29667
1.1588,-0.27663
1.1606,-0.25659
1.1624,-0.23655
1.1642,-0.21651
1.1661,-0.19647
1.168,-0.17643
1.1698,-0.15639
1.1717,-0.13635
1.1736,-0.11631
1.1756,-0.096269
1.1775,-0.076229
1.1795,-0.056189
1.1815,-0.036149
1.1835,-0.016109
1.1855,0.0039309
1.1875,0.023971
1.1896,0.044011
1.1916,0.064051
1.1937,0.084091
1.1958,0.10413
1.198,0.12417
1.2001,0.14421
1.2023,0.16425
1.2045,0.18429
1.2067,0.20433
1.2089,0.22437
1.2112,0.24441
1.2135,0.26445
1.2158,0.28449
1.2181,0.30453
1.2204,0.32457
1.2228,0.34461
1.2252,0.36465
1.2276,0.38469
1.2301,0.40473
1.2326,0.42477
1.2351,0.44481
1.2376,0.46485
1.2402,0.48489
1.2428,0.50493
1.2454,0.52497
1.2481,0.54501
1.2508,0.56505
1.2535,0.58509
1.2563,0.60513
1.2591,0.62517
1.2619,0.64521
1.2648,0.66525
1.2677,0.68529
1.2707,0.70533
1.2737,0.72537
1.2767,0.74541
1.2798,0.76545
1.2829,0.78549
1.2861,0.80553
1.2893,0.82557
1.2926,0.84561
1.2959,0.86565
1.2993,0.88569
1.3027,0.90573
1.3062,0.92577
1.3097,0.94581
1.3133,0.96585
1.317,0.98589
1.3207,1.0059
1.3245,1.026
1.3283,1.046
1.3323,1.0661
1.3363,1.0861
1.3404,1.1061
1.3446,1.1262
1.3488,1.1462
1.3532,1.1663
1.3576,1.1863
1.3622,1.2063
1.3668,1.2264
1.3715,1.2464
1.3764,1.2665
1.3814,1.2865
1.3865,1.3065
1.3918,1.3266
1.3971,1.3466
1.4027,1.3667
1.4084,1.3867
1.4129,1.4067
1.3948,1.4058
1.3748,1.3977
1.3548,1.3892
1.3347,1.3803
1.3147,1.3708
1.2946,1.3609
1.2746,1.3503
1.2546,1.339
1.2345,1.3269
1.2145,1.3138
1.1944,1.2996
1.1744,1.284
1.1544,1.2667
1.1344,1.2474
1.1161,1.2274
1.1001,1.2074
1.086,1.1873
1.0738,1.1673
1.0631,1.1472
1.0538,1.1272
1.0458,1.1072
1.0388,1.0871
1.0328,1.0671
NaN,NaN
1.489,-0.99807
1.4901,-0.97803
1.4913,-0.95799
1.4924,-0.93795
1.4936,-0.91791
1.4947,-0.89787
1.4959,-0.87783
1.497,-0.85779
1.4982,-0.83775
1.4994,-0.81771
1.5006,-0.79767
1.5018,-0.77763
1.503,-0.75759
1.5042,-0.73755
1.5054,-0.71751
1.5067,-0.69747
1.5079,-0.67743
1.5091,-0.65739
1.5104,-0.63735
1.5117,-0.61731
1.5129,-0.59727
1.5142,-0.57723
1.5155,-0.55719
1.5168,-0.53715
1.5181,-0.51711
1.5194,-0.49707
1.5207,-0.47703
1.5221,-0.45699
1.5234,-0.43695
1.5248,-0.41691
1.5261,-0.39687
1.5275,-0.37683
1.5289,-0.35679
1.5303,-0.33675
1.5317,-0.31671
1.5331,-0.29667
1.5345,-0.27663
1.536,-0.25659
1.5374,-0.23655
1.5389,-0.21651
1.5404,-0.19647
1.5418,-0.17643
1.5433,-0.15639
1.5449,-0.13635
1.5464,-0.11631
1.5479,-0.096269
1.5495,-0.076229
1.551,-0.056189
1.5526,-0.036149
1.5542,-0.016109
1.5558,0.0039309
1.5574,0.023971
1.559,0.044011
1.5607,0.064051
1.5623,0.084091
1.564,0.10413
1.5657,0.12417
1.5674,0.14421
1.5692,0.16425
1.5709,0.18429
1.5727,0.20433
1.5744,0.22437
1.5762,0.24441
1.5781,0.26445
1.5799,0.28449
1.5817,0.30453
1.5836,0.32457
1.5855,0.34461
1.5874,0.36465
1.5893,0.38469
1.5913,0.40473
1.5933,0.42477
1.5953,0.44481
1.5973,0.46485
1.5993,0.48489
1.6014,0.50493
1.6035,0.52497
1.6056,0.54501
1.6078,0.56505
1.61,0.58509
1.6122,0.60513
1.6144,0.62517
1.6166,0.64521
1.6189,0.66525
1.6212,0.68529
1.6236,0.70533
1.626,0.72537
1.6284,0.74541
1.6308,0.76545
1.6333,0.78549
1.6359,0.80553
1.6384,0.82557
1.641,0.84561
1.6437,0.86565
1.6463,0.88569
1.6491,0.90573
1.6518,0.92577
1.6547,0.94581
1.6575,0.96585
1.6604,0.98589
1.6634,1.0059
1.6664,1.026
1.6695,1.046
1.6726,1.0661
1.6758,1.0861
1.6791,1.1061
1.6824,1.1262
1.6858,1.1462
1.6893,1.1663
1.6928,1.1863
1.6964,1.2063
1.7001,1.2264
1.7039,1.2464
1.7078,1.2665
1.7117,1.2865
1.7158,1.3065
1.72,1.3266
1.7243,1.3466
1.7287,1.3667
1.7332,1.3867
1.7379,1.4067
1.7427,1.4268
1.7476,1.4468
1.7527,1.4669
1.758,1.4869
1.7635,1.5069
1.7692,1.527
1.7751,1.547
1.7812,1.5671
1.7876,1.5871
1.7943,1.6071
1.8013,1.6272
1.8086,1.6472
1.8163,1.6673
1.8245,1.6873
1.8331,1.7073
1.8422,1.7274
1.852,1.7474
1.8624,1.7675
1.8738,1.7875
1.8861,1.8075
1.8996,1.8276
1.9145,1.8476
1.9313,1.8677
1.9505,1.8876
1.9706,1.9056
1.9906,1.921
2.0106,1.9341
2.0307,1.9452
2.0507,1.9546
2.0708,1.9626
2.0908,1.9693
2.1108,1.9749
2.1309,1.9796
2.1509,1.9834
2.171,1.9867
2.191,1.9893
2.211,1.9915
2.2311,1.9932
2.2511,1.9947
2.2712,1.9958
2.2912,1.9968
2.3112,1.9975
2.3313,1.9981
2.3513,1.9986
2.3714,1.9989
2.3914,1.9992
2.4114,1.9994
2.4315,1.9996
2.4515,1.9997
2.4716,1.9998
2.4916,1.9998
2.5116,1.9999
2.5317,1.9999
2.5517,1.9999
2.5718,2
2.5918,2
2.6118,2
2.6319,2
2.6519,2
2.672,2
2.692,2
2.712,2
2.7321,2
2.7521,2
2.7722,2
2.7922,2
2.8122,2
2.8323,2
2.8523,2
2.8724,2
2.8924,2
2.9124,2
2.9325,2
2.9525,2
2.9726,2
2.9926,2
3,2.0009
NaN,NaN
1.8765,-0.99807
1.8773,-0.97803
1.8781,-0.95799
1.879,-0.93795
1.8798,-0.91791
1.8807,-0.89787
1.8816,-0.87783
1.8824,-0.85779
1.8833,-0.83775
1.8842,-0.81771
1.8851,-0.79767
1.8859,-0.77763
1.8868,-0.75759
1.8877,-0.73755
1.8887,-0.71751
1.8896,-0.69747
1.8905,-0.67743
1.8914,-0.65739
1.8923,-0.63735
1.8933,-0.61731
1.8942,-0.59727
1.8952,-0.57723
1.8961,-0.55719
1.8971,-0.53715
1.8981,-0.51711
1.899,-0.49707
1.9,-0.47703
1.901,-0.45699
1.902,-0.43695
1.903,-0.41691
1.904,-0.39687
1.9051,-0.37683
1.9061,-0.35679
1.9071,-0.33675
1.9082,-0.31671
1.9092,-0.29667
1.9103,-0.27663
1.9114,-0.25659
1.9124,-0.23655
1.9135,-0.21651
1.9146,-0.19647
1.9157,-0.17643
1.9168,-0.15639
1.918,-0.13635
1.9191,-0.11631
1.9202,-0.096269
1.9214,-0.076229
1.9226,-0.056189
1.9237,-0.036149
1.9249,-0.016109
1.9261,0.0039309
1.9273,0.023971
1.9285,0.044011
1.9297,0.064051
1.931,0.084091
1.9322,0.10413
1.9335,0.12417
1.9348,0.14421
1.936,0.16425
1.9373,0.18429
1.9386,0.20433
1.94,0.22437
1.9413,0.24441
1.9427,0.26445
1.944,0.28449
1.9454,0.30453
1.9468,0.32457
1.9482,0.34461
1.9496,0.36465
1.9511,0.38469
1.9525,0.40473
1.954,0.42477
1.9555,0.44481
1.957,0.46485
1.9585,0.48489
1.96,0.50493
1.9616,0.52497
1.9632,0.54501
1.9648,0.56505
1.9664,0.58509
1.968,0.60513
1.9697,0.62517
1.9713,0.64521
1.973,0.66525
1.9748,0.68529
1.9765,0.70533
1.9783,0.72537
1.9801,0.74541
1.9819,0.76545
1.9838,0.78549
1.9856,0.80553
1.9875,0.82557
1.9895,0.84561
1.9914,0.86565
1.9934,0.88569
1.9955,0.90573
1.9975,0.92577
1.9996,0.94581
2.0017,0.96585
2.0039,0.98589
2.0061,1.0059
2.0084,1.026
2.0107,1.046
2.013,1.0661
2.0154,1.0861
2.0178,1.1061
2.0202,1.1262
2.0228,1.1462
2.0253,1.1663
2.028,1.1863
2.0307,1.2063
2.0334,1.2264
2.0362,1.2464
2.0391,1.2665
2.0421,1.2865
2.0451,1.3065
2.0482,1.3266
2.0514,1.3466
2.0546,1.3667
2.058,1.3867
2.0615,1.4067
2.0651,1.4268
2.0687,1.4468
2.0726,1.4669
2.0765,1.4869
2.0806,1.5069
2.0848,1.527
2.0892,1.547
2.0937,1.5671
2.0985,1.5871
2.1035,1.6071
2.1087,1.6272
2.1141,1.6472
2.1198,1.6673
2.1259,1.6873
2.1323,1.7073
2.1391,1.7274
2.1463,1.7474
2.1541,1.7675
2.1625,1.7875
2.1717,1.8075
2.1817,1.8276
2.1928,1.8476
2.2054,1.8677
2.2197,1.8877
2.2365,1.9077
2.2561,1.9271
NaN,NaN
2.2639,-0.99807
2.2644,-0.97803
2.265,-0.95799
2.2655,-0.93795
2.2661,-0.91791
2.2667,-0.89787
2.2672,-0.87783
2.2678,-0.85779
2.2684,-0.83775
2.2689,-0.81771
2.2695,-0.79767
2.2701,-0.77763
2.2707,-0.75759
2.2713,-0.73755
2.2719,-0.71751
2.2725,-0.69747
2.2731,-0.67743
2.2737,-0.65739
2.2743,-0.63735
2.2749,-0.61731
2.2755,-0.59727
2.2762,-0.57723
2.2768,-0.55719
2.2774,-0.53715
2.278,-0.51711
2.2787,-0.49707
2.2793,-0.47703
2.28,-0.45699
2.2806,-0.43695
2.2813,-0.41691
2.282,-0.39687
2.2826,-0.37683
2.2833,-0.35679
2.284,-0.33675
2.2847,-0.31671
2.2854,-0.29667
2.2861,-0.27663
2.2868,-0.25659
2.2875,-0.23655
2.2882,-0.21651
2.2889,-0.19647
2.2896,-0.17643
2.2903,-0.15639
2.2911,-0.13635
2.2918,-0.11631
2.2926,-0.096269
2.2933,-0.076229
2.2941,-0.056189
2.2949,-0.036149
2.2956,-0.016109
2.2964,0.0039309
2.2972,0.023971
2.298,0.044011
2.2988,0.064051
2.2996,0.084091
2.3004,0.10413
2.3012,0.12417
2.3021,0.14421
2.3029,0.16425
2.3038,0.18429
2.3046,0.20433
2.3055,0.22437
2.3064,0.24441
2.3073,0.26445
2.3081,0.28449
2.3091,0.30453
2.31,0.32457
2.3109,0.34461
2.3118,0.36465
2.3128,0.38469
2.3137,0.40473
2.3147,0.42477
2.3156,0.44481
2.3166,0.46485
2.3176,0.48489
2.3186,0.50493
2.3197,0.52497
2.3207,0.54501
2.3217,0.56505
2.3228,0.58509
2.3239,0.60513
2.325,0.62517
2.3261,0.64521
2.3272,0.66525
2.3283,0.68529
2.3294,0.70533
2.3306,0.72537
2.3318,0.74541
2.333,0.76545
2.3342,0.78549
2.3354,0.80553
2.3367,0.82557
2.3379,0.84561
2.3392,0.86565
2.3405,0.88569
2.3419,0.90573
2.3432,0.92577
2.3446,0.94581
2.346,0.96585
2.3474,0.98589
2.3488,1.0059
2.3503,1.026
2.3518,1.046
2.3533,1.0661
2.3549,1.0861
2.3565,1.1061
2.3581,1.1262
2.3597,1.1462
2.3614,1.1663
2.3632,1.1863
2.3649,1.2063
2.3667,1.2264
2.3686,1.2464
2.3704,1.2665
2.3724,1.2865
2.3744,1.3065
2.3764,1.3266
2.3785,1.3466
2.3806,1.3667
2.3828,1.3867
2.3851,1.4067
2.3875,1.4268
2.3899,1.4468
2.3924,1.4669
2.3949,1.4869
2.3976,1.5069
2.4004,1.527
2.4033,1.547
2.4062,1.5671
2.4094,1.5871
2.4126,1.6071
2.416,1.6272
2.4196,1.6472
2.4233,1.6673
2.4273,1.6873
2.4315,1.7073
2.4359,1.7274
2.4407,1.7474
2.4458,1.7675
2.4513,1.7875
2.4573,1.8075
2.4639,1.8276
2.4712,1.8476
2.4794,1.8677
2.4887,1.8877
2.4997,1.9077
2.5131,1.9278
NaN,NaN
2.6513,-0.99807
2.6516,-0.97803
2.6518,-0.95799
2.6521,-0.93795
2.6524,-0.91791
2.6526,-0.89787
2.6529,-0.87783
2.6532,-0.85779
2.6534,-0.83775
2.6537,-0.81771
2.654,-0.79767
2.6543,-0.77763
2.6545,-0.75759
2.6548,-0.73755
2.6551,-0.71751
2.6554,-0.69747
2.6557,-0.67743
2.656,-0.65739
2.6562,-0.63735
2.6565,-0.61731
2.6568,-0.59727
2.6571,-0.57723
2.6574,-0.55719
2.6577,-0.53715
2.658,-0.51711
2.6583,-0.49707
2.6586,-0.47703
2.6589,-0.45699
2.6592,-0.43695
2.6596,-0.41691
2.6599,-0.39687
2.6602,-0.37683
2.6605,-0.35679
2.6608,-0.33675
2.6612,-0.31671
2.6615,-0.29667
2.6618,-0.27663
2.6621,-0.25659
2.6625,-0.23655
2.6628,-0.21651
2.6632,-0.19647
2.6635,-0.17643
2.6638,-0.15639
2.6642,-0.13635
2.6645,-0.11631
2.6649,-0.096269
2.6653,-0.076229
2.6656,-0.056189
2.666,-0.036149
2.6664,-0.016109
2.6667,0.0039309
2.6671,0.023971
2.6675,0.044011
2.6679,0.064051
2.6682,0.084091
2.6686,0.10413
2.669,0.12417
2.6694,0.14421
2.6698,0.16425
2.6702,0.18429
2.6706,0.20433
2.671,0.22437
2.6714,0.24441
2.6719,0.26445
2.6723,0.28449
2.6727,0.30453
2.6731,0.32457
2.6736,0.34461
2.674,0.36465
2.6745,0.38469
2.6749,0.40473
2.6754,0.42477
2.6758,0.44481
2.6763,0.46485
2.6768,0.48489
2.6773,0.50493
2.6777,0.52497
2.6782,0.54501
2.6787,0.56505
2.6792,0.58509
2.6797,0.60513
2.6802,0.62517
2.6808,0.64521
2.6813,0.66525
2.6818,0.68529
2.6824,0.70533
2.6829,0.72537
2.6835,0.74541
2.684,0.76545
2.6846,0.78549
2.6852,0.80553
2.6858,0.82557
2.6864,0.84561
2.687,0.86565
2.6876,0.88569
2.6882,0.90573
2.6889,0.92577
2.6895,0.94581
2.6902,0.96585
2.6909,0.98589
2.6916,1.0059
2.6923,1.026
2.693,1.046
2.6937,1.0661
2.6944,1.0861
2.6952,1.1061
2.6959,1.1262
2.6967,1.1462
2.6975,1.1663
2.6983,1.1863
2.6992,1.2063
2.7,1.2264
2.7009,1.2464
2.7018,1.2665
2.7027,1.2865
2.7036,1.3065
2.7046,1.3266
2.7056,1.3466
2.7066,1.3667
2.7077,1.3867
2.7087,1.4067
2.7098,1.4268
2.711,1.4468
2.7122,1.4669
2.7134,1.4869
2.7147,1.5069
2.716,1.527
2.7173,1.547
2.7187,1.5671
2.7202,1.5871
2.7218,1.6071
2.7234,1.6272
2.7251,1.6472
2.7268,1.6673
2.7287,1.6873
2.7307,1.7073
2.7328,1.7274
2.7351,1.7474
2.7375,1.7675
2.7401,1.7875
2.7429,1.8075
2.7461,1.8276
2.7495,1.8476
2.7534,1.8677
2.7578,1.8877
2.763,1.9077
2.7694,1.9278
NaN,NaN
3.0387,-0.99807
3.0387,-0.97803
3.0387,-0.95799
3.0387,-0.93795
3.0386,-0.91791
3.0386,-0.89787
3.0386,-0.87783
3.0385,-0.85779
3.0385,-0.83775
3.0385,-0.81771
3.0384,-0.79767
3.0384,-0.77763
3.0384,-0.75759
3.0384,-0.73755
3.0383,-0.71751
3.0383,-0.69747
3.0383,-0.67743
3.0382,-0.65739
3.0382,-0.63735
3.0382,-0.61731
3.0381,-0.59727
3.0381,-0.57723
3.0381,-0.55719
3.038,-0.53715
3.038,-0.51711
3.038,-0.49707
3.0379,-0.47703
3.0379,-0.45699
3.0379,-0.43695
3.0378,-0.41691
3.0378,-0.39687
3.0378,-0.37683
3.0377,-0.35679
3.0377,-0.33675
3.0376,-0.31671
3.0376,-0.29667
3.0376,-0.27663
3.0375,-0.25659
3.0375,-0.23655
3.0375,-0.21651
3.0374,-0.19647
3.0374,-0.17643
3.0374,-0.15639
3.0373,-0.13635
3.0373,-0.11631
3.0372,-0.096269
3.0372,-0.076229
3.0372,-0.056189
3.0371,-0.036149
3.0371,-0.016109
3.037,0.0039309
3.037,0.023971
3.0369,0.044011
3.0369,0.064051
3.0369,0.084091
3.0368,0.10413
3.0368,0.12417
3.0367,0.14421
3.0367,0.16425
3.0366,0.18429
3.0366,0.20433
3.0366,0.22437
3.0365,0.24441
3.0365,0.26445
3.0364,0.28449
3.0364,0.30453
3.0363,0.32457
3.0363,0.34461
3.0362,0.36465
3.0362,0.38469
3.0361,0.40473
3.0361,0.42477
3.036,0.44481
3.036,0.46485
3.0359,0.48489
3.0359,0.50493
3.0358,0.52497
3.0358,0.54501
3.0357,0.56505
3.0356,0.58509
3.0356,0.60513
3.0355,0.62517
3.0355,0.64521
3.0354,0.66525
3.0354,0.68529
3.0353,0.70533
3.0352,0.72537
3.0352,0.74541
3.0351,0.76545
3.035,0.78549
3.035,0.80553
3.0349,0.82557
3.0348,0.84561
3.0348,0.86565
3.0347,0.88569
3.0346,0.90573
3.0346,0.92577
3.0345,0.94581
3.0344,0.96585
3.0343,0.98589
3.0343,1.0059
3.0342,1.026
3.0341,1.046
3.034,1.0661
3.034,1.0861
3.0339,1.1061
3.0338,1.1262
3.0337,1.1462
3.0336,1.1663
3.0335,1.1863
3.0334,1.2063
3.0333,1.2264
3.0332,1.2464
3.0331,1.2665
3.033,1.2865
3.0329,1.3065
3.0328,1.3266
3.0327,1.3466
3.0326,1.3667
3.0325,1.3867
3.0324,1.4067
3.0322,1.4268
3.0321,1.4468
3.032,1.4669
3.0318,1.4869
3.0317,1.5069
3.0316,1.527
3.0314,1.547
3.0313,1.5671
3.0311,1.5871
3.0309,1.6071
3.0307,1.6272
3.0305,1.6472
3.0304,1.6673
3.0301,1.6873
3.0299,1.7073
3.0297,1.7274
3.0294,1.7474
3.0292,1.7675
3.0289,1.7875
3.0286,1.8075
3.0282,1.8276
3.0278,1.8476
3.0274,1.8677
3.0269,1.8877
3.0263,1.9077
3.0256,1.9278
3.0247,1.9478
3.0234,1.9679
3.0211,1.9879
NaN,NaN
3.4262,-0.99807
3.4259,-0.97803
3.4255,-0.95799
3.4252,-0.93795
3.4249,-0.91791
3.4246,-0.89787
3.4242,-0.87783
3.4239,-0.85779
3.4236,-0.83775
3.4232,-0.81771
3.4229,-0.79767
3.4226,-0.77763
3.4222,-0.75759
3.4219,-0.73755
3.4215,-0.71751
3.4212,-0.69747
3.4209,-0.67743
3.4205,-0.65739
3.4201,-0.63735
3.4198,-0.61731
3.4194,-0.59727
3.4191,-0.57723
3.4187,-0.55719
3.4183,-0.53715
3.418,-0.51711
3.4176,-0.49707
3.4172,-0.47703
3.4169,-0.45699
3.4165,-0.43695
3.4161,-0.41691
3.4157,-0.39687
3.4153,-0.37683
3.4149,-0.35679
3.4145,-0.33675
3.4141,-0.31671
3.4137,-0.29667
3.4133,-0.27663
3.4129,-0.25659
3.4125,-0.23655
3.4121,-0.21651
3.4117,-0.19647
3.4113,-0.17643
3.4109,-0.15639
3.4104,-0.13635
3.41,-0.11631
3.4096,-0.096269
3.4091,-0.076229
3.4087,-0.056189
3.4082,-0.036149
3.4078,-0.016109
3.4073,0.0039309
3.4069,0.023971
3.4064,0.044011
3.406,0.064051
3.4055,0.084091
3.405,0.10413
3.4045,0.12417
3.4041,0.14421
3.4036,0.16425
3.4031,0.18429
3.4026,0.20433
3.4021,0.22437
3.4016,0.24441
3.4011,0.26445
3.4005,0.28449
3.4,0.30453
3.3995,0.32457
3.399,0.34461
3.3984,0.36465
3.3979,0.38469
3.3973,0.40473
3.3968,0.42477
3.3962,0.44481
3.3956,0.46485
3.3951,0.48489
3.3945,0.50493
3.3939,0.52497
3.3933,0.54501
3.3927,0.56505
3.3921,0.58509
3.3914,0.60513
3.3908,0.62517
3.3902,0.64521
3.3895,0.66525
3.3889,0.68529
3.3882,0.70533
3.3875,0.72537
3.3869,0.74541
3.3862,0.76545
3.3855,0.78549
3.3848,0.80553
3.384,0.82557
3.3833,0.84561
3.3826,0.86565
3.3818,0.88569
3.381,0.90573
3.3803,0.92577
3.3795,0.94581
3.3786,0.96585
3.3778,0.98589
3.377,1.0059
3.3761,1.026
3.3753,1.046
3.3744,1.0661
3.3735,1.0861
3.3726,1.1061
3.3716,1.1262
3.3707,1.1462
3.3697,1.1663
3.3687,1.1863
3.3677,1.2063
3.3666,1.2264
3.3656,1.2464
3.3645,1.2665
3.3634,1.2865
3.3622,1.3065
3.361,1.3266
3.3598,1.3466
3.3586,1.3667
3.3573,1.3867
3.356,1.4067
3.3546,1.4268
3.3532,1.4468
3.3518,1.4669
3.3503,1.4869
3.3488,1.5069
3.3471,1.527
3.3455,1.547
3.3438,1.5671
3.342,1.5871
3.3401,1.6071
3.3381,1.6272
3.336,1.6472
3.3339,1.6673
3.3316,1.6873
3.3291,1.7073
3.3266,1.7274
3.3238,1.7474
3.3208,1.7675
3.3177,1.7875
3.3142,1.8075
3.3104,1.8276
3.3062,1.8476
3.3014,1.8677
3.296,1.8877
3.2896,1.9077
3.2819,1.9278
3.272,1.9478
3.2579,1.9679
3.2381,1.9845
3.2181,1.9931
3.198,1.9971
3.178,1.9989
3.1579,1.9996
3.1379,1.9999
3.1179,2
NaN,NaN
3.8136,-0.99807
3.813,-0.97803
3.8124,-0.95799
3.8118,-0.93795
3.8112,-0.91791
3.8105,-0.89787
3.8099,-0.87783
3.8093,-0.85779
3.8086,-0.83775
3.808,-0.81771
3.8074,-0.79767
3.8067,-0.77763
3.8061,-0.75759
3.8054,-0.73755
3.8048,-0.71751
3.8041,-0.69747
3.8034,-0.67743
3.8028,-0.65739
3.8021,-0.63735
3.8014,-0.61731
3.8007,-0.59727
3.8,-0.57723
3.7994,-0.55719
3.7987,-0.53715
3.7979,-0.51711
3.7972,-0.49707
3.7965,-0.47703
3.7958,-0.45699
3.7951,-0.43695
3.7944,-0.41691
3.7936,-0.39687
3.7929,-0.37683
3.7921,-0.35679
3.7914,-0.33675
3.7906,-0.31671
3.7899,-0.29667
3.7891,-0.27663
3.7883,-0.25659
3.7875,-0.23655
3.7868,-0.21651
3.786,-0.19647
3.7852,-0.17643
3.7844,-0.15639
3.7835,-0.13635
3.7827,-0.11631
3.7819,-0.096269
3.7811,-0.076229
3.7802,-0.056189
3.7794,-0.036149
3.7785,-0.016109
3.7777,0.0039309
3.7768,0.023971
3.7759,0.044011
3.775,0.064051
3.7741,0.084091
3.7732,0.10413
3.7723,0.12417
3.7714,0.14421
3.7705,0.16425
3.7695,0.18429
3.7686,0.20433
3.7676,0.22437
3.7666,0.24441
3.7657,0.26445
3.7647,0.28449
3.7637,0.30453
3.7627,0.32457
3.7617,0.34461
3.7606,0.36465
3.7596,0.38469
3.7585,0.40473
3.7575,0.42477
3.7564,0.44481
3.7553,0.46485
3.7542,0.48489
3.7531,0.50493
3.752,0.52497
3.7508,0.54501
3.7497,0.56505
3.7485,0.58509
3.7473,0.60513
3.7461,0.62517
3.7449,0.64521
3.7437,0.66525
3.7424,0.68529
3.7411,0.70533
3.7399,0.72537
3.7386,0.74541
3.7372,0.76545
3.7359,0.78549
3.7345,0.80553
3.7332,0.82557
3.7318,0.84561
3.7303,0.86565
3.7289,0.88569
3.7274,0.90573
3.7259,0.92577
3.7244,0.94581
3.7229,0.96585
3.7213,0.98589
3.7197,1.0059
3.7181,1.026
3.7164,1.046
3.7147,1.0661
3.713,1.0861
3.7113,1.1061
3.7095,1.1262
3.7077,1.1462
3.7058,1.1663
3.7039,1.1863
3.7019,1.2063
3.6999,1.2264
3.6979,1.2464
3.6958,1.2665
3.6937,1.2865
3.6915,1.3065
3.6892,1.3266
3.6869,1.3466
3.6846,1.3667
3.6821,1.3867
3.6796,1.4067
3.677,1.4268
3.6744,1.4468
3.6716,1.4669
3.6688,1.4869
3.6658,1.5069
3.6627,1.527
3.6596,1.547
3.6563,1.5671
3.6528,1.5871
3.6492,1.6071
3.6455,1.6272
3.6415,1.6472
3.6374,1.6673
3.633,1.6873
3.6284,1.7073
3.6234,1.7274
3.6182,1.7474
3.6125,1.7675
3.6064,1.7875
3.5998,1.8075
3.5925,1.8276
3.5845,1.8476
3.5754,1.8677
3.5651,1.8877
3.5529,1.9077
3.5382,1.9278
3.5195,1.9476
3.4994,1.9633
3.4794,1.9747
3.4593,1.9828
3.4393,1.9885
3.4193,1.9925
3.3992,1.9952
3.3792,1.997
3.3591,1.9982
3.3391,1.9989
3.3191,1.9994
NaN,NaN
-0.99807,-0.42781
-0.97803,-0.42733
-0.95799,-0.42685
-0.93795,-0.42636
-0.91791,-0.42587
-0.89787,-0.42537
-0.87783,-0.42487
-0.85779,-0.42436
-0.83775,-0.42385
-0.81771,-0.42334
-0.79767,-0.42282
-0.77763,-0.42229
-0.75759,-0.42176
-0.73755,-0.42122
-0.71751,-0.42068
-0.69747,-0.42013
-0.67743,-0.41958
-0.65739,-0.41902
-0.63735,-0.41845
-0.61731,-0.41788
-0.59727,-0.4173
-0.57723,-0.41672
-0.55719,-0.41612
-0.53715,-0.41553
-0.51711,-0.41492
NaN,NaN
-0.99807,-0.038892
-0.97803,-0.038848
-0.95799,-0.038804
-0.93795,-0.03876
-0.91791,-0.038715
-0.89787,-0.03867
-0.87783,-0.038625
-0.85779,-0.038579
-0.83775,-0.038532
-0.81771,-0.038485
-0.79767,-0.038438
-0.77763,-0.03839
-0.75759,-0.038342
-0.73755,-0.038293
-0.71751,-0.038244
-0.69747,-0.038194
-0.67743,-0.038143
-0.65739,-0.038092
-0.63735,-0.038041
-0.61731,-0.037989
-0.59727,-0.037936
-0.57723,-0.037883
-0.55719,-0.037829
-0.53715,-0.037775
-0.51711,-0.03772
-0.49707,-0.037664
-0.47703,-0.037608
-0.45699,-0.037551
-0.43695,-0.037493
-0.41691,-0.037435
-0.39687,-0.037376
-0.37683,-0.037316
-0.35679,-0.037255
-0.33675,-0.037193
-0.31671,-0.037131
-0.29667,-0.037068
-0.27663,-0.037004
-0.25659,-0.036939
-0.23655,-0.036873
-0.21651,-0.036806
-0.19647,-0.036738
-0.17643,-0.036669
-0.15639,-0.0366
-0.13635,-0.036529
NaN,NaN
-0.99807,0.35003
-0.97803,0.34964
-0.95799,0.34924
-0.93795,0.34884
-0.91791,0.34844
-0.89787,0.34803
-0.87783,0.34762
-0.85779,0.34721
-0.83775,0.34679
-0.81771,0.34637
-0.79767,0.34594
-0.77763,0.34551
-0.75759,0.34507
-0.73755,0.34464
-0.71751,0.34419
-0.69747,0.34374
-0.67743,0.34329
-0.65739,0.34283
-0.63735,0.34237
-0.61731,0.3419
-0.59727,0.34143
-0.57723,0.34095
-0.55719,0.34047
-0.53715,0.33998
-0.51711,0.33948
-0.49707,0.33898
-0.47703,0.33847
-0.45699,0.33796
-0.43695,0.33744
-0.41691,0.33691
-0.39687,0.33638
-0.37683,0.33584
-0.35679,0.3353
-0.33675,0.33474
-0.31671,0.33418
-0.29667,0.33361
-0.27663,0.33303
-0.25659,0.33245
-0.23655,0.33186
-0.21651,0.33126
-0.19647,0.33064
-0.17643,0.33002
-0.15639,0.3294
-0.13635,0.32876
-0.11631,0.32811
-0.096269,0.32745
-0.076229,0.32678
-0.056189,0.3261
-0.036149,0.3254
-0.016109,0.3247
0.0039309,0.32398
0.023971,0.32325
0.044011,0.32251
0.064051,0.32175
0.084091,0.32098
0.10413,0.32019
0.12417,0.31939
0.14421,0.31857
0.16425,0.31773
0.18429,0.31687
0.20433,0.316
0.22437,0.3151
0.24441,0.31419
0.26445,0.31325
NaN,NaN
-0.99807,0.73895
-0.97803,0.73812
-0.95799,0.73728
-0.93795,0.73644
-0.91791,0.73559
-0.89787,0.73473
-0.87783,0.73387
-0.85779,0.73299
-0.83775,0.73211
-0.81771,0.73122
-0.79767,0.73032
-0.77763,0.72941
-0.75759,0.72849
-0.73755,0.72756
-0.71751,0.72663
-0.69747,0.72568
-0.67743,0.72472
-0.65739,0.72376
-0.63735,0.72278
-0.61731,0.72179
-0.59727,0.72079
-0.57723,0.71978
-0.55719,0.71876
-0.53715,0.71773
-0.51711,0.71668
-0.49707,0.71562
-0.47703,0.71455
-0.45699,0.71347
-0.43695,0.71237
-0.41691,0.71126
-0.39687,0.71014
-0.37683,0.709
-0.35679,0.70785
-0.33675,0.70668
-0.31671,0.70549
-0.29667,0.70429
-0.27663,0.70307
-0.25659,0.70184
-0.23655,0.70059
-0.21651,0.69932
-0.19647,0.69803
-0.17643,0.69672
-0.15639,0.69539
-0.13635,0.69404
-0.11631,0.69267
-0.096269,0.69128
-0.076229,0.68986
-0.056189,0.68843
-0.036149,0.68696
-0.016109,0.68547
0.0039309,0.68396
0.023971,0.68242
0.044011,0.68085
0.064051,0.67925
0.084091,0.67762
0.10413,0.67595
0.12417,0.67426
0.14421,0.67253
0.16425,0.67076
0.18429,0.66895
0.20433,0.66711
0.22437,0.66522
0.24441,0.66329
0.26445,0.66131
0.28449,0.65929
0.30453,0.65721
0.32457,0.65508
0.34461,0.65289
0.36465,0.65065
0.38469,0.64834
0.40473,0.64596
0.42477,0.6435
0.44481,0.64098
0.46485,0.63837
0.48489,0.63567
0.50493,0.63287
0.52497,0.62998
0.54501,0.62697
0.56505,0.62384
NaN,NaN
-0.99807,1.1279
-0.97803,1.1266
-0.95799,1.1253
-0.93795,1.124
-0.91791,1.1227
-0.89787,1.1214
-0.87783,1.1201
-0.85779,1.1188
-0.83775,1.1174
-0.81771,1.1161
-0.79767,1.1147
-0.77763,1.1133
-0.75759,1.1119
-0.73755,1.1105
-0.71751,1.1091
-0.69747,1.1076
-0.67743,1.1062
-0.65739,1.1047
-0.63735,1.1032
-0.61731,1.1017
-0.59727,1.1002
-0.57723,1.0986
-0.55719,1.0971
-0.53715,1.0955
-0.51711,1.0939
-0.49707,1.0923
-0.47703,1.0906
-0.45699,1.089
-0.43695,1.0873
-0.41691,1.0856
-0.39687,1.0839
-0.37683,1.0822
-0.35679,1.0804
-0.33675,1.0786
-0.31671,1.0768
-0.29667,1.075
-0.27663,1.0731
-0.25659,1.0712
-0.23655,1.0693
-0.21651,1.0674
-0.19647,1.0654
-0.17643,1.0634
-0.15639,1.0614
-0.13635,1.0593
-0.11631,1.0572
-0.096269,1.0551
-0.076229,1.053
-0.056189,1.0508
-0.036149,1.0485
-0.016109,1.0463
0.0039309,1.0439
0.023971,1.0416
0.044011,1.0392
0.064051,1.0367
0.084091,1.0343
0.10413,1.0317
0.12417,1.0291
0.14421,1.0265
0.16425,1.0238
0.18429,1.021
0.20433,1.0182
0.22437,1.0153
0.24441,1.0124
0.26445,1.0094
0.28449,1.0063
0.30453,1.0031
0.32457,0.99986
0.34461,0.99652
0.36465,0.99309
0.38469,0.98956
0.40473,0.98593
0.42477,0.98219
0.44481,0.97833
0.46485,0.97435
0.48489,0.97023
0.50493,0.96596
0.52497,0.96154
0.54501,0.95695
0.56505,0.95218
0.58509,0.94721
0.60513,0.94202
0.62517,0.93659
0.64521,0.93089
0.66525,0.92491
0.68529,0.91859
0.70533,0.91191
0.72537,0.90481
0.74541,0.89724
0.76545,0.88912
0.78549,0.88036
0.80553,0.87084
NaN,NaN
-0.99807,1.5168
-0.97803,1.5151
-0.95799,1.5134
-0.93795,1.5116
-0.91791,1.5099
-0.89787,1.5081
-0.87783,1.5064
-0.85779,1.5046
-0.83775,1.5028
-0.81771,1.5009
-0.79767,1.4991
-0.77763,1.4972
-0.75759,1.4953
-0.73755,1.4934
-0.71751,1.4915
-0.69747,1.4896
-0.67743,1.4876
-0.65739,1.4856
-0.63735,1.4836
-0.61731,1.4816
-0.59727,1.4795
-0.57723,1.4774
-0.55719,1.4754
-0.53715,1.4732
-0.51711,1.4711
-0.49707,1.4689
-0.47703,1.4667
-0.45699,1.4645
-0.43695,1.4622
-0.41691,1.46
-0.39687,1.4577
-0.37683,1.4553
-0.35679,1.4529
-0.33675,1.4505
-0.31671,1.4481
-0.29667,1.4457
-0.27663,1.4432
-0.25659,1.4406
-0.23655,1.438
-0.21651,1.4354
-0.19647,1.4328
-0.17643,1.4301
-0.15639,1.4274
-0.13635,1.4246
-0.11631,1.4218
-0.096269,1.4189
-0.076229,1.416
-0.056189,1.4131
-0.036149,1.4101
-0.016109,1.407
0.0039309,1.4039
0.023971,1.4008
0.044011,1.3975
0.064051,1.3942
0.084091,1.3909
0.10413,1.3875
0.12417,1.384
0.14421,1.3804
0.16425,1.3768
0.18429,1.3731
0.20433,1.3693
0.22437,1.3655
0.24441,1.3615
0.26445,1.3574
0.28449,1.3533
0.30453,1.349
0.32457,1.3446
0.34461,1.3402
0.36465,1.3355
0.38469,1.3308
0.40473,1.3259
0.42477,1.3209
0.44481,1.3157
0.46485,1.3103
0.48489,1.3048
0.50493,1.2991
0.52497,1.2931
0.54501,1.2869
0.56505,1.2805
0.58509,1.2738
0.60513,1.2669
0.62517,1.2595
0.64521,1.2519
0.66525,1.2438
0.68529,1.2353
0.70533,1.2264
0.72537,1.2168
0.74541,1.2066
0.76545,1.1957
0.78549,1.1839
0.80553,1.1711
0.82557,1.1571
0.84561,1.1415
0.86565,1.1241
0.88541,1.1045
0.90288,1.0844
0.91794,1.0644
NaN,NaN
-0.99869,1.8745
-0.97865,1.8724
-0.95861,1.8703
-0.93857,1.8682
-0.91853,1.866
-0.89849,1.8639
-0.87845,1.8617
-0.85841,1.8594
-0.83837,1.8572
-0.81833,1.8549
-0.79829,1.8527
-0.77825,1.8504
-0.75821,1.848
-0.73817,1.8457
-0.71813,1.8433
-0.69809,1.8409
-0.67805,1.8385
-0.65801,1.836
-0.63797,1.8335
-0.61793,1.831
-0.59789,1.8285
-0.57785,1.8259
-0.55781,1.8233
-0.53777,1.8207
-0.51773,1.8181
-0.49769,1.8154
-0.47765,1.8127
-0.45761,1.8099
-0.43757,1.8071
-0.41753,1.8043
-0.39749,1.8015
-0.37745,1.7986
-0.35741,1.7956
-0.33737,1.7927
-0.31733,1.7897
-0.29729,1.7866
-0.27725,1.7835
-0.25721,1.7804
-0.23717,1.7772
-0.21713,1.774
-0.19709,1.7707
-0.17705,1.7674
-0.15701,1.764
-0.13697,1.7606
-0.11693,1.7571
-0.096886,1.7536
-0.076846,1.75
-0.056806,1.7464
-0.036766,1.7427
-0.016726,1.7389
0.0033143,1.735
0.023354,1.7311
0.043394,1.7271
0.063435,1.7231
0.083475,1.7189
0.10351,1.7147
0.12355,1.7104
0.14359,1.706
0.16363,1.7015
0.18368,1.697
0.20372,1.6923
0.22376,1.6875
0.2438,1.6826
0.26384,1.6776
0.28388,1.6724
0.30392,1.6672
0.32396,1.6618
0.344,1.6562
0.36404,1.6505
0.38408,1.6446
0.40412,1.6386
0.42416,1.6324
0.4442,1.626
0.46424,1.6193
0.48428,1.6125
0.50432,1.6054
0.52436,1.598
0.5444,1.5904
0.56444,1.5825
0.58448,1.5742
0.60452,1.5656
0.62456,1.5565
0.6446,1.5471
0.66464,1.5371
0.68468,1.5266
0.70472,1.5155
0.72476,1.5037
0.7448,1.4911
0.76484,1.4777
0.78488,1.4631
0.80492,1.4474
0.82496,1.4301
0.84499,1.4109
0.86377,1.3909
0.88049,1.3709
0.89537,1.3508
0.90858,1.3308
0.92028,1.3107
0.93063,1.2907
0.93977,1.2707
0.94782,1.2506
0.9549,1.2306
0.96112,1.2105
0.96656,1.1905
0.97131,1.1705
NaN,NaN
-0.99869,2.3552
-0.97865,2.3526
-0.95861,2.3499
-0.93857,2.3472
-0.91853,2.3445
-0.89849,2.3418
-0.87845,2.339
-0.85841,2.3362
-0.83837,2.3334
-0.81833,2.3306
-0.79829,2.3277
-0.77825,2.3248
-0.75821,2.3219
-0.73817,2.3189
-0.71813,2.3159
-0.69809,2.3129
-0.67805,2.3099
-0.65801,2.3068
-0.63797,2.3037
-0.61793,2.3005
-0.59789,2.2973
-0.57785,2.2941
-0.55781,2.2909
-0.53777,2.2876
-0.51773,2.2842
-0.49769,2.2809
-0.47765,2.2774
-0.45761,2.274
-0.43757,2.2705
-0.41753,2.267
-0.39749,2.2634
-0.37745,2.2597
-0.35741,2.2561
-0.33737,2.2523
-0.31733,2.2486
-0.29729,2.2447
-0.27725,2.2409
-0.25721,2.2369
-0.23717,2.2329
-0.21713,2.2289
-0.19709,2.2248
-0.17705,2.2206
-0.15701,2.2164
-0.13697,2.2121
-0.11693,2.2077
-0.096886,2.2033
-0.076846,2.1987
-0.056806,2.1942
-0.036766,2.1895
-0.016726,2.1847
0.0033143,2.1799
0.023354,2.175
0.043394,2.17
0.063435,2.1649
0.083475,2.1597
0.10351,2.1544
0.12355,2.149
0.14359,2.1435
0.16363,2.1378
0.18368,2.1321
0.20372,2.1262
0.22376,2.1202
0.2438,2.114
0.26384,2.1077
0.28388,2.1013
0.30392,2.0946
0.32396,2.0878
0.344,2.0809
0.36404,2.0737
0.38408,2.0663
0.40412,2.0588
0.42416,2.0509
0.4442,2.0429
0.46424,2.0345
0.48428,2.0259
0.50432,2.017
0.52436,2.0078
0.5444,1.9982
0.56444,1.9882
0.58448,1.9778
0.60452,1.967
0.62456,1.9557
0.6446,1.9438
0.66464,1.9312
0.68468,1.9181
0.70472,1.9041
0.72476,1.8893
0.7448,1.8735
0.76484,1.8565
0.78488,1.8383
0.8048,1.8186
0.82337,1.7986
0.84035,1.7785
0.85586,1.7585
0.87002,1.7384
0.88293,1.7184
0.89468,1.6984
0.90538,1.6783
0.9151,1.6583
0.92392,1.6382
0.93191,1.6182
0.93915,1.5982
0.9457,1.5781
0.95162,1.5581
0.95695,1.538
0.96175,1.518
0.96608,1.498
0.96996,1.4779
0.97344,1.4579
0.97656,1.4378
0.97935,1.4178
0.98184,1.3978
0.98406,1.3777
0.98603,1.3577
0.98779,1.3376
0.98934,1.3176
0.99072,1.2976
0.99194,1.2775
0.99301,1.2575
NaN,NaN
3.9986,3.9928
3.9799,3.9743
3.9614,3.9556
3.9429,3.9368
3.9243,3.918
3.9058,3.8993
3.887,3.8808
3.8682,3.8623
3.8495,3.8437
3.8309,3.8251
3.8124,3.8063
3.7939,3.7875
3.7754,3.7689
3.7567,3.7504
3.7378,3.7318
3.7191,3.7133
3.7006,3.6947
3.6821,3.676
3.6636,3.6571
3.6451,3.6385
3.6264,3.62
3.6076,3.6015
3.5889,3.583
3.5704,3.5645
3.5519,3.5457
3.5334,3.5269
3.5149,3.5083
3.4963,3.4898
3.4774,3.4713
3.4588,3.4528
3.4403,3.4343
3.4218,3.4155
3.4034,3.3968
3.3849,3.3782
3.3662,3.3598
3.3475,3.3413
3.3288,3.3229
3.3104,3.3043
3.292,3.2855
3.2736,3.2668
3.2551,3.2483
3.2364,3.2299
3.2177,3.2115
3.1992,3.1931
3.1808,3.1744
3.1624,3.1557
3.144,3.1371
3.1255,3.1187
3.1067,3.1003
3.0881,3.0819
3.0698,3.0635
3.0514,3.0447
3.0331,3.0261
3.0148,3.0077
2.9961,2.9894
2.9774,2.9711
2.9591,2.9527
2.9408,2.9341
2.9225,2.9154
2.9043,2.897
2.8857,2.8787
2.867,2.8605
2.8487,2.8422
2.8305,2.8236
2.8123,2.805
2.7941,2.7867
2.7756,2.7685
2.757,2.7504
2.7388,2.7322
2.7207,2.7136
2.7026,2.6951
2.6845,2.6769
2.6659,2.6588
2.6475,2.6407
2.6294,2.6224
2.6114,2.6039
2.5934,2.5856
2.5752,2.5676
2.5567,2.5496
2.5387,2.5317
2.5204,2.5138
2.5004,2.507
2.4803,2.5032
2.4603,2.4995
2.4402,2.4956
2.4202,2.4917
2.4002,2.4878
2.3801,2.4838
2.3601,2.4798
2.34,2.4757
2.32,2.4716
2.3,2.4674
2.2799,2.4631
2.2599,2.4588
2.2398,2.4544
2.2198,2.45
2.1998,2.4455
2.1797,2.4409
2.1597,2.4362
2.1396,2.4315
2.1196,2.4267
2.0996,2.4219
2.0795,2.4169
2.0595,2.4119
2.0394,2.4068
2.0194,2.4016
1.9994,2.3963
1.9793,2.3909
1.9593,2.3854
1.9392,2.3798
1.9192,2.3741
1.8992,2.3683
1.8791,2.3624
1.8591,2.3563
1.839,2.3502
1.819,2.3438
1.799,2.3374
1.7789,2.3308
1.7589,2.3241
1.7388,2.3172
1.7188,2.3101
1.6988,2.3028
1.6787,2.2954
1.6587,2.2878
1.6386,2.2799
1.6186,2.2718
1.5986,2.2635
1.5785,2.255
1.5585,2.2462
1.5384,2.2371
1.5184,2.2276
1.4984,2.2179
1.4783,2.2078
1.4583,2.1973
1.4382,2.1864
1.4182,2.1751
1.3982,2.1632
1.3781,2.1508
1.3581,2.1378
1.338,2.1242
1.318,2.1098
1.298,2.0946
1.2779,2.0784
1.2579,2.0611
1.2378,2.0427
1.2179,2.0229
1.1993,2.0029
1.1821,1.9828
1.1662,1.9628
1.1516,1.9427
1.1381,1.9227
1.1257,1.9027
1.1143,1.8826
1.1038,1.8626
1.0941,1.8425
1.0853,1.8225
1.0772,1.8025
1.0698,1.7824
1.063,1.7624
1.0568,1.7423
1.0512,1.7223
1.0461,1.7023
1.0414,1.6822
1.0372,1.6622
1.0333,1.6421
1.0298,1.6221
1.0267,1.6021
1.0238,1.582
1.0212,1.562
NaN,NaN
1.9409,2.0219
1.9208,2.017
1.9008,2.0121
1.8808,2.0071
1.8607,2.0019
1.8407,1.9967
1.8206,1.9914
1.8006,1.9859
1.7806,1.9803
1.7605,1.9746
1.7405,1.9687
1.7204,1.9627
1.7004,1.9566
1.6804,1.9503
1.6603,1.9438
1.6403,1.9372
1.6202,1.9303
1.6002,1.9233
1.5802,1.916
1.5601,1.9086
1.5401,1.9008
1.52,1.8929
1.5,1.8846
1.48,1.8761
1.4599,1.8672
1.4399,1.858
1.4198,1.8484
1.3998,1.8384
1.3798,1.8279
1.3597,1.817
1.3397,1.8055
1.3196,1.7933
1.2996,1.7805
1.2796,1.7669
1.2595,1.7523
1.2395,1.7368
1.2194,1.72
1.1994,1.7019
1.1795,1.6822
1.1611,1.6621
1.1444,1.6421
1.1293,1.622
1.1156,1.602
1.1031,1.582
1.0919,1.5619
1.0818,1.5419
1.0727,1.5218
1.0645,1.5018
NaN,NaN
-0.99869,2.8359
-0.97865,2.8327
-0.95861,2.8295
-0.93857,2.8262
-0.91853,2.823
-0.89849,2.8197
-0.87845,2.8164
-0.85841,2.813
-0.83837,2.8096
-0.81833,2.8062
-0.79829,2.8027
-0.77825,2.7993
-0.75821,2.7957
-0.73817,2.7922
-0.71813,2.7886
-0.69809,2.7849
-0.67805,2.7813
-0.65801,2.7776
-0.63797,2.7738
-0.61793,2.77
-0.59789,2.7662
-0.57785,2.7623
-0.55781,2.7584
-0.53777,2.7544
-0.51773,2.7504
-0.49769,2.7463
-0.47765,2.7422
-0.45761,2.7381
-0.43757,2.7339
-0.41753,2.7296
-0.39749,2.7253
-0.37745,2.7209
-0.35741,2.7165
-0.33737,2.712
-0.31733,2.7075
-0.29729,2.7028
-0.27725,2.6982
-0.25721,2.6934
-0.23717,2.6886
-0.21713,2.6838
-0.19709,2.6788
-0.17705,2.6738
-0.15701,2.6687
-0.13697,2.6635
-0.11693,2.6582
-0.096886,2.6529
-0.076846,2.6475
-0.056806,2.6419
-0.036766,2.6363
-0.016726,2.6306
0.0033143,2.6248
0.023354,2.6189
0.043394,2.6129
0.063435,2.6067
0.083475,2.6004
0.10351,2.5941
0.12355,2.5876
0.14359,2.5809
0.16363,2.5741
0.18368,2.5672
0.20372,2.5601
0.22376,2.5529
0.2438,2.5455
0.26384,2.5379
0.28388,2.5301
0.30392,2.5221
0.32396,2.5139
0.344,2.5055
0.36404,2.4969
0.38408,2.488
0.40412,2.4789
0.42416,2.4695
0.4442,2.4598
0.46424,2.4498
0.48428,2.4394
0.50432,2.4287
0.52436,2.4175
0.5444,2.406
0.56444,2.394
0.58448,2.3815
0.60452,2.3684
0.62456,2.3548
0.6446,2.3404
0.66464,2.3254
0.68468,2.3095
0.70472,2.2927
0.72476,2.2748
0.7448,2.2558
0.76447,2.2358
0.78284,2.2158
0.79992,2.1957
0.81579,2.1757
0.83054,2.1557
0.84423,2.1356
0.85692,2.1156
0.86869,2.0955
0.87959,2.0755
0.88968,2.0555
0.899,2.0354
0.90763,2.0154
0.91559,1.9953
0.92293,1.9753
0.9297,1.9553
0.93594,1.9352
0.94168,1.9152
0.94696,1.8951
0.95181,1.8751
0.95626,1.8551
NaN,NaN
2.6275,2.5207
2.6291,2.5007
2.6308,2.4807
2.6325,2.4606
2.6343,2.4406
2.6362,2.4205
2.6382,2.4005
2.6403,2.3805
2.6424,2.3604
2.6447,2.3404
2.6471,2.3203
2.6496,2.3003
2.6523,2.2803
2.6552,2.2602
2.6582,2.2402
2.6615,2.2201
2.6651,2.2001
2.6689,2.1801
2.6732,2.16
2.6781,2.14
2.6835,2.1199
2.6899,2.0999
2.6974,2.0799
2.7069,2.0598
2.7198,2.0398
NaN,NaN
3.0441,2.9215
3.044,2.9015
3.0439,2.8815
3.0438,2.8614
3.0437,2.8414
3.0435,2.8213
3.0434,2.8013
3.0433,2.7813
3.0432,2.7612
3.043,2.7412
3.0429,2.7211
3.0428,2.7011
3.0426,2.6811
3.0425,2.661
3.0424,2.641
3.0422,2.6209
3.0421,2.6009
3.0419,2.5809
3.0417,2.5608
3.0416,2.5408
3.0414,2.5207
3.0412,2.5007
3.041,2.4807
3.0408,2.4606
3.0406,2.4406
3.0404,2.4205
3.0402,2.4005
3.04,2.3805
3.0397,2.3604
3.0395,2.3404
3.0392,2.3203
3.0389,2.3003
3.0386,2.2803
3.0383,2.2602
3.038,2.2402
3.0376,2.2201
3.0372,2.2001
3.0368,2.1801
3.0363,2.16
3.0358,2.14
3.0352,2.1199
3.0345,2.0999
3.0336,2.0799
3.0326,2.0598
3.0311,2.0398
NaN,NaN
3.5046,3.3133
3.5037,3.2933
3.5029,3.2732
3.502,3.2532
3.5011,3.2332
3.5002,3.2131
3.4993,3.1931
3.4983,3.173
3.4974,3.153
3.4964,3.133
3.4954,3.1129
3.4944,3.0929
3.4934,3.0728
3.4924,3.0528
3.4913,3.0328
3.4902,3.0127
3.4892,2.9927
3.488,2.9726
3.4869,2.9526
3.4858,2.9326
3.4846,2.9125
3.4834,2.8925
3.4822,2.8724
3.4809,2.8524
3.4797,2.8324
3.4784,2.8123
3.477,2.7923
3.4757,2.7722
3.4743,2.7522
3.4729,2.7322
3.4714,2.7121
3.4699,2.6921
3.4684,2.672
3.4668,2.652
3.4652,2.632
3.4635,2.6119
3.4618,2.5919
3.4601,2.5718
3.4582,2.5518
3.4564,2.5318
3.4544,2.5117
3.4524,2.4917
3.4503,2.4716
3.4481,2.4516
3.4459,2.4316
3.4435,2.4115
3.4411,2.3915
3.4385,2.3714
3.4358,2.3514
3.433,2.3314
3.43,2.3113
3.4268,2.2913
3.4234,2.2712
3.4198,2.2512
3.416,2.2312
3.4118,2.2111
3.4073,2.1911
3.4023,2.171
3.3968,2.151
3.3906,2.131
3.3835,2.1109
3.3751,2.0909
3.3649,2.0708
3.3518,2.0508
NaN,NaN
3.9979,3.8033
3.9967,3.7833
3.9954,3.7632
3.9941,3.7432
3.9929,3.7231
3.9916,3.7031
3.9903,3.6831
3.989,3.663
3.9876,3.643
3.9863,3.6229
3.9849,3.6029
3.9835,3.5829
3.9821,3.5628
3.9807,3.5428
3.9793,3.5227
3.9779,3.5027
3.9764,3.4827
3.9749,3.4626
3.9734,3.4426
3.9719,3.4225
3.9704,3.4025
3.9689,3.3825
3.9673,3.3624
3.9657,3.3424
3.9641,3.3223
3.9624,3.3023
3.9608,3.2823
3.9591,3.2622
3.9574,3.2422
3.9557,3.2221
3.9539,3.2021
3.9521,3.1821
3.9503,3.162
3.9485,3.142
3.9466,3.1219
3.9447,3.1019
3.9428,3.0819
3.9408,3.0618
3.9389,3.0418
3.9368,3.0217
3.9348,3.0017
3.9327,2.9817
3.9305,2.9616
3.9284,2.9416
3.9261,2.9215
3.9239,2.9015
3.9216,2.8815
3.9192,2.8614
3.9168,2.8414
3.9144,2.8213
3.9119,2.8013
3.9093,2.7813
3.9067,2.7612
3.904,2.7412
3.9012,2.7211
3.8984,2.7011
3.8955,2.6811
3.8926,2.661
3.8895,2.641
3.8864,2.6209
3.8831,2.6009
3.8798,2.5809
3.8764,2.5608
3.8729,2.5408
3.8692,2.5207
3.8654,2.5007
3.8615,2.4807
3.8574,2.4606
3.8532,2.4406
3.8488,2.4205
3.8442,2.4005
3.8394,2.3805
3.8343,2.3604
3.829,2.3404
3.8235,2.3203
3.8176,2.3003
3.8113,2.2803
3.8046,2.2602
3.7975,2.2402
3.7899,2.2201
3.7815,2.2001
3.7725,2.1801
3.7624,2.16
3.7512,2.14
3.7385,2.1199
3.7237,2.0999
3.706,2.0799
3.686,2.0615
3.6659,2.0471
3.6459,2.0357
3.6258,2.0268
NaN,NaN
-0.99831,3.3164
-0.97827,3.3127
-0.95823,3.309
-0.93819,3.3052
-0.91815,3.3014
-0.89811,3.2975
-0.87807,3.2936
-0.85803,3.2897
-0.83799,3.2857
-0.81795,3.2817
-0.79791,3.2777
-0.77787,3.2736
-0.75783,3.2695
-0.73779,3.2653
-0.71775,3.2611
-0.69771,3.2569
-0.67767,3.2526
-0.65763,3.2482
-0.63759,3.2439
-0.61755,3.2394
-0.59751,3.2349
-0.57747,3.2304
-0.55743,3.2258
-0.53739,3.2212
-0.51735,3.2165
-0.49731,3.2117
-0.47727,3.2069
-0.45723,3.2021
-0.43719,3.1971
-0.41715,3.1922
-0.39711,3.1871
-0.37707,3.182
-0.35703,3.1768
-0.33699,3.1716
-0.31695,3.1662
-0.29691,3.1608
-0.27687,3.1554
-0.25683,3.1498
-0.23679,3.1442
-0.21675,3.1385
-0.19671,3.1327
-0.17667,3.1268
-0.15663,3.1209
-0.13659,3.1148
-0.11654,3.1087
-0.096505,3.1024
-0.076465,3.0961
-0.056425,3.0896
-0.036385,3.083
-0.016345,3.0764
0.0036956,3.0695
0.023736,3.0626
0.043776,3.0556
0.063816,3.0484
0.083856,3.0411
0.1039,3.0336
0.12394,3.026
0.14398,3.0182
0.16402,3.0103
0.18406,3.0022
0.2041,2.9939
0.22414,2.9854
0.24418,2.9767
0.26422,2.9678
0.28426,2.9587
0.3043,2.9494
0.32434,2.9398
0.34438,2.93
0.36442,2.9199
0.38446,2.9095
0.4045,2.8988
0.42454,2.8878
0.44458,2.8765
0.46462,2.8647
0.48466,2.8526
0.5047,2.8401
0.52474,2.827
0.54478,2.8135
0.56482,2.7995
0.58486,2.7848
0.6049,2.7696
0.62494,2.7536
0.64498,2.7368
0.66502,2.7192
0.68506,2.7006
0.70508,2.6809
0.72431,2.6609
0.74245,2.6408
0.75954,2.6208
0.77561,2.6007
0.79073,2.5807
0.80493,2.5607
0.81827,2.5406
0.83079,2.5206
0.84254,2.5005
0.85355,2.4805
0.86388,2.4605
0.87355,2.4404
0.88261,2.4204
0.89109,2.4003
0.89902,2.3803
0.90643,2.3603
0.91335,2.3402
0.91982,2.3202
0.92585,2.3001
0.93147,2.2801
0.93672,2.2601
0.9416,2.24
0.94615,2.22
0.95037,2.1999
0.9543,2.1799
0.95795,2.1599
0.96134,2.1398
0.96449,2.1198
0.9674,2.0997
0.9701,2.0797
0.9726,2.0597
0.97492,2.0396
0.97705,2.0196
0.97903,1.9995
0.98085,1.9795
0.98253,1.9595
0.98407,1.9394
0.9855,1.9194
0.98681,1.8993
0.98801,1.8793
0.98912,1.8593
NaN,NaN
3.7052,3.7691
3.6852,3.766
3.6652,3.7628
3.6451,3.7597
3.6251,3.7565
3.605,3.7533
3.585,3.7501
3.565,3.7468
3.5449,3.7436
3.5249,3.7403
3.5048,3.737
3.4848,3.7336
3.4648,3.7303
3.4447,3.7269
3.4247,3.7235
3.4046,3.72
3.3846,3.7166
3.3646,3.7131
3.3445,3.7096
3.3245,3.7061
3.3044,3.7025
3.2844,3.6989
3.2644,3.6953
3.2443,3.6916
3.2243,3.688
3.2042,3.6842
3.1842,3.6805
3.1642,3.6767
3.1441,3.6729
3.1241,3.6691
3.104,3.6652
3.084,3.6614
3.064,3.6574
3.0439,3.6535
3.0239,3.6495
3.0038,3.6454
2.9838,3.6414
2.9638,3.6372
2.9437,3.6331
2.9237,3.6289
2.9036,3.6247
2.8836,3.6204
2.8636,3.6161
2.8435,3.6118
2.8235,3.6074
2.8034,3.603
2.7834,3.5985
2.7634,3.594
2.7433,3.5894
2.7233,3.5848
2.7032,3.5802
2.6832,3.5755
2.6632,3.5707
2.6431,3.5659
2.6231,3.561
2.603,3.5561
2.583,3.5512
2.563,3.5461
2.5429,3.541
2.5229,3.5359
2.5028,3.5307
2.4828,3.5254
2.4627,3.5201
2.4427,3.5147
2.4227,3.5093
2.4026,3.5037
2.3826,3.4981
2.3625,3.4925
2.3425,3.4867
2.3225,3.4809
2.3024,3.475
2.2824,3.469
2.2623,3.4629
2.2423,3.4568
2.2223,3.4505
2.2022,3.4442
2.1822,3.4378
2.1621,3.4312
2.1421,3.4246
2.1221,3.4179
2.102,3.411
2.082,3.4041
2.0619,3.397
2.0419,3.3898
2.0219,3.3825
2.0018,3.3751
1.9818,3.3675
1.9617,3.3598
1.9417,3.352
1.9217,3.3439
1.9016,3.3358
1.8816,3.3275
1.8615,3.319
1.8415,3.3103
1.8215,3.3014
1.8014,3.2924
1.7814,3.2831
1.7613,3.2737
1.7413,3.264
1.7213,3.254
1.7012,3.2439
1.6812,3.2334
1.6611,3.2227
1.6411,3.2117
1.6211,3.2004
1.601,3.1887
1.581,3.1767
1.5609,3.1643
1.5409,3.1516
1.5209,3.1384
1.5008,3.1247
1.4808,3.1105
1.4607,3.0958
1.4407,3.0806
1.4207,3.0647
1.4006,3.0481
1.3806,3.0307
1.3605,3.0125
1.3405,2.9934
1.3206,2.9735
1.3017,2.9534
1.2838,2.9334
1.2669,2.9134
1.2508,2.8933
1.2356,2.8733
1.2213,2.8532
1.2077,2.8332
1.1948,2.8132
1.1827,2.7931
1.1713,2.7731
1.1605,2.753
1.1503,2.733
1.1406,2.713
1.1316,2.6929
1.123,2.6729
1.115,2.6528
1.1074,2.6328
1.1002,2.6128
1.0935,2.5927
1.0872,2.5727
1.0813,2.5526
1.0757,2.5326
1.0705,2.5126
1.0656,2.4925
1.061,2.4725
1.0566,2.4524
1.0526,2.4324
1.0488,2.4124
1.0453,2.3923
1.042,2.3723
1.0389,2.3522
1.036,2.3322
1.0333,2.3122
1.0308,2.2921
1.0285,2.2721
1.0263,2.252
NaN,NaN
3.019,3.0993
2.999,3.0958
2.979,3.0924
2.9589,3.0889
2.9389,3.0854
2.9188,3.0818
2.8988,3.0782
2.8788,3.0746
2.8587,3.0709
2.8387,3.0672
2.8186,3.0635
2.7986,3.0597
2.7786,3.0559
2.7585,3.0521
2.7385,3.0482
2.7184,3.0442
2.6984,3.0403
2.6784,3.0363
2.6583,3.0322
2.6383,3.0281
2.6182,3.024
2.5982,3.0198
2.5782,3.0156
2.5581,3.0113
2.5381,3.007
2.518,3.0026
2.498,2.9981
2.478,2.9937
2.4579,2.9891
2.4379,2.9845
2.4178,2.9799
2.3978,2.9752
2.3778,2.9704
2.3577,2.9656
2.3377,2.9607
2.3176,2.9557
2.2976,2.9507
2.2776,2.9456
2.2575,2.9404
2.2375,2.9352
2.2174,2.9298
2.1974,2.9244
2.1774,2.919
2.1573,2.9134
2.1373,2.9077
2.1172,2.902
2.0972,2.8962
2.0772,2.8902
2.0571,2.8842
2.0371,2.8781
2.017,2.8718
1.997,2.8655
1.977,2.859
1.9569,2.8525
1.9369,2.8458
1.9168,2.8389
1.8968,2.832
1.8768,2.8248
1.8567,2.8176
1.8367,2.8102
1.8166,2.8026
1.7966,2.7949
1.7766,2.787
1.7565,2.7789
1.7365,2.7706
1.7164,2.7621
1.6964,2.7534
1.6764,2.7445
1.6563,2.7353
1.6363,2.7259
1.6162,2.7163
1.5962,2.7063
1.5762,2.696
1.5561,2.6854
1.5361,2.6745
1.516,2.6632
1.496,2.6515
1.476,2.6394
1.4559,2.6268
1.4359,2.6137
1.4158,2.6001
1.3958,2.5859
1.3758,2.571
1.3557,2.5554
1.3357,2.539
1.3156,2.5217
1.2956,2.5035
1.2756,2.484
1.2561,2.464
1.238,2.444
1.2209,2.4239
1.205,2.4039
1.1901,2.3838
1.1762,2.3638
1.1632,2.3438
1.151,2.3237
1.1397,2.3037
1.1291,2.2836
1.1192,2.2636
1.11,2.2436
1.1015,2.2235
1.0935,2.2035
1.0861,2.1834
1.0793,2.1634
1.0729,2.1434
1.067,2.1233
1.0615,2.1033
NaN,NaN
-0.99807,3.0725
-0.97803,3.069
-0.95799,3.0656
-0.93795,3.062
-0.91791,3.0585
-0.89787,3.0549
-0.87783,3.0513
-0.85779,3.0477
-0.83775,3.044
-0.81771,3.0403
-0.79767,3.0366
-0.77763,3.0328
-0.75759,3.029
-0.73755,3.0251
-0.71751,3.0212
-0.69747,3.0173
-0.67743,3.0133
-0.65739,3.0093
-0.63735,3.0052
-0.61731,3.0011
-0.59727,2.997
-0.57723,2.9928
-0.55719,2.9885
-0.53715,2.9842
-0.51711,2.9799
-0.49707,2.9755
-0.47703,2.971
-0.45699,2.9665
-0.43695,2.962
-0.41691,2.9574
-0.39687,2.9527
-0.37683,2.9479
-0.35679,2.9431
-0.33675,2.9383
-0.31671,2.9334
-0.29667,2.9284
-0.27663,2.9233
-0.25659,2.9182
-0.23655,2.913
-0.21651,2.9077
-0.19647,2.9023
-0.17643,2.8969
-0.15639,2.8914
-0.13635,2.8858
-0.11631,2.8801
-0.096269,2.8743
-0.076229,2.8684
-0.056189,2.8624
-0.036149,2.8563
-0.016109,2.8501
0.0039309,2.8438
0.023971,2.8374
0.044011,2.8309
0.064051,2.8242
0.084091,2.8175
0.10413,2.8105
0.12417,2.8035
0.14421,2.7963
0.16425,2.7889
0.18429,2.7814
0.20433,2.7738
0.22437,2.7659
0.24441,2.7579
0.26445,2.7497
0.28449,2.7412
0.30453,2.7326
0.32457,2.7238
0.34461,2.7147
0.36465,2.7053
0.38469,2.6957
0.40473,2.6858
0.42477,2.6756
0.44481,2.6651
0.46485,2.6543
0.48489,2.643
0.50493,2.6314
0.52497,2.6194
0.54501,2.6069
0.56505,2.5939
0.58509,2.5803
0.60513,2.5662
0.62517,2.5514
0.64521,2.5359
0.66525,2.5196
0.68529,2.5024
0.70533,2.4842
0.72537,2.4648
0.74486,2.4448
0.7631,2.4248
0.78018,2.4047
0.79615,2.3847
0.81109,2.3646
0.82504,2.3446
0.83807,2.3246
0.85023,2.3045
0.86157,2.2845
NaN,NaN
-0.99847,3.7971
-0.97843,3.7928
-0.95839,3.7886
-0.93835,3.7842
-0.91831,3.7799
-0.89827,3.7754
-0.87823,3.771
-0.85819,3.7665
-0.83815,3.762
-0.81811,3.7574
-0.79807,3.7528
-0.77803,3.7481
-0.75799,3.7434
-0.73795,3.7386
-0.71791,3.7338
-0.69787,3.7289
-0.67783,3.724
-0.65779,3.719
-0.63775,3.714
-0.61771,3.7089
-0.59767,3.7038
-0.57763,3.6986
-0.55759,3.6934
-0.53755,3.688
-0.51751,3.6827
-0.49747,3.6772
-0.47743,3.6717
-0.45739,3.6662
-0.43735,3.6605
-0.41731,3.6548
-0.39727,3.649
-0.37723,3.6432
-0.35719,3.6372
-0.33715,3.6312
-0.31711,3.6252
-0.29707,3.619
-0.27703,3.6127
-0.25699,3.6064
-0.23695,3.5999
-0.21691,3.5934
-0.19687,3.5868
-0.17683,3.5801
-0.15679,3.5732
-0.13675,3.5663
-0.11671,3.5593
-0.096669,3.5521
-0.076629,3.5448
-0.056589,3.5374
-0.036549,3.5299
-0.016509,3.5222
0.0035312,3.5145
0.023571,3.5065
0.043611,3.4985
0.063651,3.4902
0.083691,3.4818
0.10373,3.4733
0.12377,3.4646
0.14381,3.4557
0.16385,3.4466
0.18389,3.4373
0.20393,3.4278
0.22397,3.4181
0.24401,3.4082
0.26405,3.398
0.28409,3.3876
0.30413,3.3769
0.32417,3.366
0.34421,3.3547
0.36425,3.3432
0.38429,3.3313
0.40433,3.3191
0.42437,3.3065
0.44441,3.2935
0.46445,3.28
0.48449,3.2661
0.50453,3.2518
0.52457,3.2369
0.54461,3.2214
0.56465,3.2053
0.58469,3.1886
0.60473,3.1711
0.62477,3.1528
0.64481,3.1336
0.66465,3.1136
0.68356,3.0936
0.70152,3.0735
0.71856,3.0535
0.73474,3.0335
0.75012,3.0134
0.76471,2.9934
0.77853,2.9733
0.79162,2.9533
0.80403,2.9333
0.81577,2.9132
0.82688,2.8932
0.83739,2.8731
0.84733,2.8531
0.85673,2.8331
0.86561,2.813
0.874,2.793
0.88191,2.7729
0.88939,2.7529
0.89644,2.7329
0.90308,2.7128
0.90935,2.6928
0.91525,2.6727
0.92081,2.6527
0.92604,2.6326
0.93096,2.6126
0.93559,2.5926
0.93995,2.5725
0.94403,2.5525
0.94787,2.5324
NaN,NaN
-0.090567,3.9992
-0.070527,3.991
-0.050487,3.9826
-0.030446,3.9741
-0.010406,3.9654
0.0096337,3.9566
0.029674,3.9476
0.049714,3.9385
0.069754,3.9292
0.089794,3.9197
0.10983,3.91
0.12987,3.9001
0.14991,3.89
0.16995,3.8797
0.18999,3.8692
0.21003,3.8584
0.23007,3.8474
0.25011,3.8361
0.27015,3.8246
0.29019,3.8128
0.31023,3.8007
0.33027,3.7882
0.35032,3.7754
0.37036,3.7623
0.3904,3.7488
0.41044,3.7349
0.43048,3.7206
0.45052,3.7058
0.47056,3.6905
0.4906,3.6747
0.51064,3.6583
0.53068,3.6414
0.55072,3.6237
0.57076,3.6054
0.5908,3.5863
0.61076,3.5664
0.62998,3.5463
0.64836,3.5263
0.66592,3.5062
0.6827,3.4862
0.69873,3.4662
0.71403,3.4461
0.72864,3.4261
0.7426,3.406
0.75593,3.386
0.76864,3.366
0.78076,3.3459
0.79232,3.3259
0.80332,3.3058
0.81381,3.2858
0.8238,3.2658
0.8333,3.2457
0.84235,3.2257
0.85096,3.2056
0.85915,3.1856
0.86694,3.1656
0.87434,3.1455
0.88137,3.1255
0.88805,3.1054
0.8944,3.0854
0.90042,3.0654
0.90613,3.0453
0.91156,3.0253
0.9167,3.0052
0.92157,2.9852
0.92619,2.9652
0.93057,2.9451
0.93471,2.9251
0.93863,2.905
0.94235,2.885
0.94586,2.865
0.94918,2.8449
0.95231,2.8249
NaN,NaN
1.4666,3.9986
1.4466,3.9792
1.4268,3.9591
1.4077,3.9391
1.3895,3.9191
1.3719,3.899
1.3551,3.879
1.3389,3.8589
1.3234,3.8389
1.3086,3.8189
1.2943,3.7988
1.2806,3.7788
1.2675,3.7587
1.255,3.7387
1.243,3.7187
1.2314,3.6986
1.2204,3.6786
1.2098,3.6585
1.1997,3.6385
1.1901,3.6185
1.1808,3.5984
1.1719,3.5784
1.1635,3.5583
1.1554,3.5383
1.1477,3.5183
1.1403,3.4982
1.1332,3.4782
1.1265,3.4581
1.12,3.4381
1.1139,3.4181
1.108,3.398
1.1024,3.378
1.097,3.3579
1.0919,3.3379
1.0871,3.3179
1.0825,3.2978
1.0781,3.2778
1.0739,3.2577
1.0699,3.2377
1.0661,3.2177
1.0624,3.1976
1.059,3.1776
1.0557,3.1575
1.0526,3.1375
1.0497,3.1175
1.0469,3.0974
1.0442,3.0774
1.0417,3.0573
1.0393,3.0373
1.037,3.0173
1.0349,2.9972
1.0328,2.9772
1.0309,2.9571
1.029,2.9371
1.0273,2.9171
1.0257,2.897
1.0241,2.877
1.0226,2.8569
1.0212,2.8369
1.0199,2.8169
1.0187,2.7968
1.0175,2.7768
1.0164,2.7567
1.0154,2.7367
1.0144,2.7167
1.0134,2.6966
1.0126,2.6766
1.0117,2.6565
1.011,2.6365
1.0102,2.6165
1.0096,2.5964
1.0089,2.5764
1.0083,2.5563
1.0077,2.5363
NaN,NaN
2.3766,3.9995
2.3566,3.993
2.3365,3.9864
2.3165,3.9797
2.2964,3.973
2.2764,3.9661
2.2564,3.9591
2.2363,3.952
2.2163,3.9449
2.1962,3.9376
2.1762,3.9302
2.1562,3.9227
2.1361,3.9151
2.1161,3.9074
2.096,3.8995
2.076,3.8915
2.056,3.8834
2.0359,3.8751
2.0159,3.8667
1.9958,3.8582
1.9758,3.8494
1.9558,3.8406
1.9357,3.8315
1.9157,3.8223
1.8956,3.8129
1.8756,3.8034
1.8556,3.7936
1.8355,3.7836
1.8155,3.7734
1.7954,3.763
1.7754,3.7524
1.7554,3.7415
1.7353,3.7303
1.7153,3.7189
1.6952,3.7072
1.6752,3.6952
1.6552,3.6828
1.6351,3.6701
1.6151,3.6571
1.595,3.6437
1.575,3.6298
1.555,3.6156
1.5349,3.6008
1.5149,3.5856
1.4948,3.5698
1.4748,3.5535
1.4548,3.5365
1.4347,3.5189
1.4147,3.5005
1.3946,3.4813
1.3747,3.4614
1.3556,3.4413
1.3374,3.4213
1.32,3.4012
1.3034,3.3812
1.2876,3.3612
1.2725,3.3411
1.2581,3.3211
1.2444,3.301
1.2314,3.281
1.2189,3.261
1.2071,3.2409
1.1959,3.2209
1.1851,3.2008
1.175,3.1808
1.1653,3.1608
NaN,NaN
3.5747,3.9997
3.5546,3.9962
3.5346,3.9927
3.5146,3.9892
3.4945,3.9856
3.4745,3.9821
3.4544,3.9785
3.4344,3.9749
3.4144,3.9712
3.3943,3.9675
3.3743,3.9638
3.3542,3.9601
3.3342,3.9563
3.3142,3.9525
3.2941,3.9487
3.2741,3.9449
3.254,3.941
3.234,3.9371
3.214,3.9331
3.1939,3.9292
3.1739,3.9252
3.1538,3.9211
3.1338,3.9171
3.1138,3.913
3.0937,3.9088
3.0737,3.9046
3.0536,3.9004
3.0336,3.8962
3.0136,3.8919
2.9935,3.8876
2.9735,3.8832
2.9534,3.8788
2.9334,3.8744
2.9134,3.8699
2.8933,3.8654
2.8733,3.8608
2.8532,3.8562
2.8332,3.8515
2.8132,3.8468
2.7931,3.8421
2.7731,3.8373
2.753,3.8324
2.733,3.8275
2.713,3.8226
2.6929,3.8176
2.6729,3.8125
2.6528,3.8074
2.6328,3.8023
2.6128,3.7971
2.5927,3.7918
2.5727,3.7865
2.5526,3.7811
2.5326,3.7756
2.5126,3.7701
2.4925,3.7645
2.4725,3.7589
2.4524,3.7532
2.4324,3.7474
2.4124,3.7415
2.3923,3.7356
2.3723,3.7296
2.3522,3.7235
2.3322,3.7173
2.3122,3.7111
2.2921,3.7047
2.2721,3.6983
2.252,3.6918
2.232,3.6852
2.212,3.6785
2.1919,3.6717
2.1719,3.6647
2.1518,3.6577
2.1318,3.6506
2.1118,3.6434
2.0917,3.636
2.0717,3.6285
2.0516,3.6209
2.0316,3.6132
2.0116,3.6054
1.9915,3.5973
1.9715,3.5892
1.9514,3.5809
1.9314,3.5724
1.9114,3.5638
1.8913,3.555
1.8713,3.5461
1.8512,3.5369
1.8312,3.5276
1.8112,3.518
1.7911,3.5083
1.7711,3.4983
1.751,3.4881
1.731,3.4776
1.711,3.4669
1.6909,3.4559
1.6709,3.4446
1.6508,3.433
1.6308,3.4211
1.6108,3.4089
1.5907,3.3963
1.5707,3.3833
1.5506,3.3699
1.5306,3.3561
1.5106,3.3418
1.4905,3.3269
1.4705,3.3116
1.4504,3.2956
1.4304,3.279
1.4104,3.2617
1.3903,3.2436
1.3703,3.2247
1.3503,3.2049
1.331,3.1848
1.3127,3.1648
1.2953,3.1448
1.2788,3.1247
1.2631,3.1047
1.2482,3.0846
1.234,3.0646
1.2206,3.0446
1.2078,3.0245
1.1958,3.0045
1.1843,2.9844
1.1734,2.9644
1.1632,2.9444
1.1534,2.9243
1.1442,2.9043
1.1355,2.8842
1.1272,2.8642
1.1194,2.8442
1.112,2.8241
NaN,NaN
-0.63749,-0.79767
-0.61152,-0.61512
-0.78481,-0.67811
NaN,NaN
0.51535,0.35615
0.54069,0.53879
0.36761,0.4752
NaN,NaN
0.82798,-0.78173
0.74859,-0.61531
0.63911,-0.76367
NaN,NaN
1.8526,1.5107
1.827,1.6933
1.6779,1.5847
NaN,NaN
2.6882,1.9051
2.8463,2
2.6882,2.0949
NaN,NaN
1.9807,-0.7777
1.8934,-0.61531
1.7912,-0.76879
NaN,NaN
2.0448,0.37392
1.9627,0.539
1.8557,0.38883
NaN,NaN
3.1333,-0.77327
3.0382,-0.61531
2.9435,-0.77357
NaN,NaN
3.1311,0.38115
3.0358,0.539
2.9413,0.38063
NaN,NaN
-0.77793,0.63478
-0.61531,0.72169
-0.76853,0.82428
NaN,NaN
-0.4023,1.7076
-0.23115,1.7763
-0.37225,1.895
NaN,NaN
0.54872,1.906
0.73177,1.8838
0.66521,2.0558
NaN,NaN
2.9076,3.0227
2.8537,2.8464
3.0347,2.8818
NaN,NaN
-0.40879,3.0944
-0.23077,3.1425
-0.35697,3.277
NaN,NaN
2.0584,2.9868
1.9389,2.8464
2.119,2.8071
NaN,NaN
0.55882,3.1019
0.73157,3.0375
0.70716,3.2202
NaN,NaN
