0.00077077,0.070981
0.0087868,0.071559
0.016803,0.072142
0.024819,0.072731
0.032835,0.073325
0.040851,0.073925
0.048867,0.07453
0.056883,0.075142
0.064899,0.075759
0.072915,0.076383
0.080931,0.079761
0.088612,0.087237
0.096192,0.094874
0.10377,0.10246
0.11139,0.11004
0.11902,0.11762
0.12665,0.12519
0.13427,0.13277
0.14184,0.14034
0.14941,0.14796
0.15697,0.1556
0.16453,0.16324
0.17209,0.17083
0.17967,0.1784
0.18728,0.18595
0.19489,0.19351
0.2025,0.20106
0.21008,0.20862
0.21762,0.2162
0.22516,0.22382
0.23269,0.23145
0.24023,0.23903
0.24779,0.24658
0.25537,0.25411
0.26297,0.26164
0.27056,0.26917
0.2781,0.27669
0.28561,0.28426
0.29312,0.29187
0.30062,0.29948
0.30812,0.307
0.31567,0.31451
0.32325,0.32201
0.33081,0.32951
0.33834,0.33699
0.34582,0.34452
0.35329,0.35209
0.36076,0.35969
0.36822,0.36718
0.37573,0.37464
0.38327,0.3821
0.3908,0.38954
0.39828,0.397
0.40569,0.40449
0.41312,0.41206
0.42051,0.41956
0.42796,0.42698
0.43545,0.43438
0.44294,0.44177
0.45038,0.44916
0.45772,0.45659
0.46507,0.46414
0.47241,0.47156
0.47981,0.47889
0.48724,0.4862
0.49466,0.49351
0.50195,0.50085
0.50921,0.50834
0.51644,0.5157
0.52377,0.52293
0.53113,0.53014
0.53842,0.53732
0.54557,0.54463
0.55268,0.55205
0.55988,0.55916
0.56715,0.56623
0.57432,0.57327
0.5813,0.58058
0.58826,0.58774
0.59541,0.59466
0.60254,0.60152
0.60933,0.60863
0.61612,0.61572
0.62316,0.62241
0.63002,0.62905
0.63654,0.63634
0.64337,0.64285
0.6501,0.64914
0.65623,0.6562
0.66283,0.6622
0.66849,0.66856
0.67318,0.67241
0.67725,0.67663
0.68062,0.68064
0.68112,0.68064
0.68353,0.68382
0.68361,0.68382
0.68367,0.68382
0.68369,0.68382
0.68369,0.68382
0.68369,0.68382
0.68369,0.68382
0.68369,0.68382
0.68369,0.68382
NaN,NaN
0.35796,0.00077077
0.36072,0.0087868
0.36349,0.016803
0.36627,0.024819
0.36906,0.032835
0.37187,0.040851
0.37468,0.048867
0.3775,0.056883
0.38034,0.064899
0.38319,0.072915
0.38605,0.080931
0.38892,0.088947
0.3918,0.096963
0.39469,0.10498
0.3976,0.113
0.40051,0.12101
0.40344,0.12903
0.40638,0.13704
0.40934,0.14506
0.41231,0.15308
0.41529,0.16109
0.41828,0.16911
0.42128,0.17712
0.4243,0.18514
0.42733,0.19316
0.43038,0.20117
0.43344,0.20919
0.43651,0.2172
0.4396,0.22522
0.4427,0.23324
0.44582,0.24125
0.44894,0.24927
0.45209,0.25728
0.45525,0.2653
0.45842,0.27332
0.46161,0.28133
0.46481,0.28935
0.46803,0.29736
0.47127,0.30538
0.47452,0.3134
0.47779,0.32141
0.48107,0.32943
0.48437,0.33744
0.48769,0.34546
0.49102,0.35348
0.49437,0.36149
0.49774,0.36951
0.50112,0.37752
0.50453,0.38554
0.50795,0.39356
0.51139,0.40157
0.51484,0.40959
0.51832,0.4176
0.52181,0.42562
0.52533,0.43364
0.52886,0.44165
0.53242,0.44967
0.53599,0.45768
0.53958,0.4657
NaN,NaN
0.51471,0.00077077
0.51717,0.0087868
0.51963,0.016803
0.52211,0.024819
0.5246,0.032835
0.5271,0.040851
0.52961,0.048867
0.53212,0.056883
0.53465,0.064899
0.53719,0.072915
0.53974,0.080931
0.54229,0.088947
0.54486,0.096963
0.54744,0.10498
0.55003,0.113
0.55263,0.12101
0.55524,0.12903
0.55786,0.13704
0.5605,0.14506
0.56314,0.15308
0.5658,0.16109
0.56847,0.16911
0.57114,0.17712
0.57384,0.18514
0.57654,0.19316
0.57925,0.20117
0.58198,0.20919
0.58472,0.2172
0.58747,0.22522
0.59023,0.23324
0.59301,0.24125
0.5958,0.24927
0.5986,0.25728
0.60142,0.2653
0.60425,0.27332
0.60709,0.28133
0.60994,0.28935
0.61281,0.29736
0.6157,0.30538
0.61859,0.3134
0.62151,0.32141
0.62443,0.32943
0.62737,0.33744
0.63033,0.34546
0.6333,0.35348
0.63629,0.36149
0.63929,0.36951
0.64231,0.37752
0.64534,0.38554
0.64839,0.39356
0.65145,0.40157
0.65453,0.40959
0.65763,0.4176
0.66075,0.42562
0.66388,0.43364
0.66703,0.44165
0.6702,0.44967
0.67338,0.45768
0.67658,0.4657
0.67981,0.47372
0.68305,0.48173
0.68631,0.48975
0.68958,0.49776
0.69288,0.50578
0.6962,0.5138
0.69954,0.52181
0.7029,0.52983
0.70627,0.53784
0.70967,0.54586
0.7131,0.55388
0.71654,0.56189
0.72,0.56991
0.72349,0.57793
0.727,0.58594
0.73053,0.59396
0.73409,0.60197
0.73767,0.60999
0.74127,0.61801
0.7449,0.62602
0.74856,0.63404
0.75224,0.64205
0.75594,0.65007
0.75968,0.65809
0.76344,0.6661
0.76722,0.67412
0.77104,0.68213
0.77488,0.69015
0.77875,0.69817
0.78266,0.70618
0.78659,0.7142
0.79055,0.72221
0.79455,0.73023
0.79857,0.73825
0.80263,0.74626
0.80673,0.75428
0.81085,0.76229
0.81501,0.77031
0.81921,0.77833
0.82344,0.78634
0.82771,0.79436
0.83202,0.80237
0.83637,0.81039
0.84075,0.81841
0.84518,0.82642
0.84965,0.83444
0.85416,0.84245
0.85871,0.85047
0.86329,0.85849
0.86378,0.86412
NaN,NaN
0.67145,0.00077077
0.67361,0.0087868
0.67578,0.016803
0.67795,0.024819
0.68014,0.032835
0.68233,0.040851
0.68453,0.048867
0.68674,0.056883
0.68896,0.064899
0.69119,0.072915
0.69343,0.080931
0.69567,0.088947
0.69793,0.096963
0.70019,0.10498
0.70247,0.113
0.70475,0.12101
0.70704,0.12903
0.70934,0.13704
0.71166,0.14506
0.71398,0.15308
0.71631,0.16109
0.71865,0.16911
0.721,0.17712
0.72337,0.18514
0.72574,0.19316
0.72812,0.20117
0.73052,0.20919
0.73292,0.2172
0.73534,0.22522
0.73777,0.23324
0.7402,0.24125
0.74265,0.24927
0.74511,0.25728
0.74759,0.2653
0.75007,0.27332
0.75256,0.28133
0.75507,0.28935
0.75759,0.29736
0.76012,0.30538
0.76267,0.3134
0.76522,0.32141
0.76779,0.32943
0.77038,0.33744
0.77297,0.34546
0.77558,0.35348
0.7782,0.36149
0.78084,0.36951
0.78349,0.37752
0.78615,0.38554
0.78883,0.39356
0.79152,0.40157
0.79422,0.40959
0.79695,0.4176
0.79968,0.42562
0.80243,0.43364
0.8052,0.44165
0.80798,0.44967
0.81077,0.45768
0.81359,0.4657
0.81642,0.47372
0.81926,0.48173
0.82212,0.48975
0.825,0.49776
0.8279,0.50578
0.83081,0.5138
0.83374,0.52181
0.83669,0.52983
0.83966,0.53784
0.84264,0.54586
0.84564,0.55388
0.84867,0.56189
0.85171,0.56991
0.85477,0.57793
0.85785,0.58594
0.86096,0.59396
0.86408,0.60197
0.86722,0.60999
0.87039,0.61801
0.87357,0.62602
0.87678,0.63404
0.88001,0.64205
0.88327,0.65007
0.88655,0.65809
0.88985,0.6661
0.89317,0.67412
0.89652,0.68213
0.8999,0.69015
0.9033,0.69817
0.90672,0.70618
0.91018,0.7142
0.91366,0.72221
0.91716,0.73023
0.9207,0.73825
0.92426,0.74626
0.92786,0.75428
0.93148,0.76229
0.93513,0.77031
0.93882,0.77833
0.94253,0.78634
0.94628,0.79436
0.95007,0.80237
0.95388,0.81039
0.95773,0.81841
0.96162,0.82642
0.96554,0.83444
0.9695,0.84245
0.9735,0.85047
0.97754,0.85849
0.98162,0.8665
0.98574,0.87452
0.9899,0.88253
0.9941,0.89055
0.99835,0.89857
1.0026,0.90658
1.007,0.9146
1.0114,0.92261
1.0158,0.93063
1.0203,0.93865
1.0248,0.94666
1.0294,0.95468
1.0341,0.96269
1.0388,0.97071
1.0436,0.97873
1.0484,0.98674
1.0533,0.99476
1.0582,1.0028
1.0632,1.0108
1.0683,1.0188
1.0735,1.0268
1.0787,1.0348
1.0841,1.0429
1.0895,1.0509
1.0949,1.0589
1.1005,1.0669
1.1061,1.0749
1.1119,1.0829
1.1177,1.091
1.1237,1.099
1.1297,1.107
1.1359,1.115
1.1422,1.123
1.1486,1.131
1.1551,1.139
1.1618,1.1471
1.1686,1.1551
1.1756,1.1631
1.1827,1.1711
1.19,1.1791
1.1974,1.1871
1.2051,1.1952
1.213,1.2032
1.221,1.2111
1.229,1.2189
1.237,1.2264
1.245,1.2337
1.253,1.2408
1.2611,1.2477
1.2691,1.2544
1.2771,1.2609
1.2851,1.2672
1.2931,1.2733
1.3011,1.2793
1.3091,1.285
1.3172,1.2905
1.3252,1.2959
1.3332,1.3011
1.3412,1.3061
1.3492,1.3109
1.3572,1.3156
1.3653,1.3201
1.3733,1.3245
1.3813,1.3286
1.3893,1.3327
1.3973,1.3365
1.4053,1.3403
1.4134,1.3438
1.4214,1.3472
1.4294,1.3505
1.4374,1.3537
1.4454,1.3567
1.4534,1.3596
1.4615,1.3623
1.4695,1.3649
1.4775,1.3674
1.4855,1.3698
1.4935,1.372
1.5015,1.3742
1.5095,1.3762
1.5176,1.3781
1.5256,1.3799
1.5336,1.3817
1.5416,1.3833
1.5496,1.3848
1.5576,1.3862
1.5657,1.3875
1.5737,1.3888
1.5817,1.3899
1.5897,1.391
1.5977,1.392
1.6057,1.3929
1.6138,1.3937
1.6218,1.3945
1.6298,1.3952
1.6378,1.3959
1.6458,1.3965
1.6538,1.397
1.6619,1.3975
1.6699,1.3979
1.6779,1.3982
1.6859,1.3986
1.6939,1.3988
1.7019,1.3991
1.7099,1.3993
1.718,1.3995
1.726,1.3996
1.734,1.3997
1.742,1.3998
1.75,1.3999
1.758,1.3999
1.7661,1.4
1.7741,1.4
1.7821,1.4
1.7901,1.4
1.7981,1.4
1.8001,1.3997
1.8,1.3997
1.8,1.3997
1.8,1.3997
1.8,1.3997
1.8,1.3997
1.8,1.3997
1.8,1.3997
1.8,1.3997
1.8,1.3997
1.8,1.3997
1.8,1.3997
1.8,1.3997
1.8,1.3997
1.8,1.3997
1.8,1.3997
1.8,1.3997
1.8,1.3997
1.8,1.3997
1.8,1.3997
1.8,1.3997
1.8,1.3997
1.8,1.3997
1.8,1.3997
1.8,1.3997
1.8,1.3997
1.8,1.3997
1.8,1.3997
1.8,1.3997
1.8,1.3997
1.8,1.3997
1.8,1.3997
1.8,1.3997
1.8,1.3997
1.8,1.3997
1.8,1.3997
1.8,1.3997
1.8,1.3997
1.8,1.3997
1.8,1.3997
1.8,1.3997
1.8,1.3997
1.8,1.3997
1.8,1.3997
1.8,1.3997
1.8,1.3997
1.8,1.3997
1.8,1.3997
1.8,1.3997
1.8,1.3997
1.8,1.3997
1.8,1.3997
1.8,1.3997
1.8,1.3997
1.8,1.3997
1.8,1.3997
1.8,1.3997
1.8,1.3997
1.8,1.3997
1.8,1.3997
1.8,1.3997
1.8,1.3997
1.8,1.3997
1.8,1.3997
1.8,1.3997
1.8,1.3997
1.8,1.3997
1.8,1.3997
1.8,1.3997
1.8,1.3997
1.8,1.3997
1.8,1.3997
1.8,1.3997
1.8,1.3997
1.8,1.3997
1.8,1.3997
1.8,1.3997
1.8,1.3997
1.8,1.3997
1.8,1.3997
1.8,1.3997
1.8,1.3997
1.8,1.3997
1.8,1.3997
1.8,1.3997
1.8,1.3997
1.8,1.3997
1.8,1.3997
1.8,1.3997
1.8,1.3997
1.8,1.3997
1.8,1.3997
1.8,1.3997
1.8,1.3997
1.8,1.3997
1.8,1.3997
1.8,1.3997
1.8,1.3997
1.8,1.3997
1.8,1.3997
1.8,1.3997
1.8,1.3997
1.8,1.3997
1.8,1.3997
1.8,1.3997
1.8,1.3997
1.8,1.3997
1.8,1.3997
1.8,1.3997
1.8,1.3997
1.8,1.3997
1.8,1.3997
1.8,1.3997
1.8,1.3997
1.8,1.3997
1.8,1.3997
1.8,1.3997
1.8,1.3997
1.8,1.3997
1.8,1.3997
1.8,1.3997
1.8,1.3997
1.8,1.3997
1.8,1.3997
1.8,1.3997
1.8,1.3997
1.8,1.3997
1.8,1.3997
1.8,1.3997
1.8,1.3997
1.8,1.3997
1.8,1.3997
1.8,1.3997
1.8,1.3997
1.8,1.3997
1.8,1.3997
1.8,1.3997
1.8,1.3997
1.8,1.3997
1.8,1.3997
1.8,1.3997
1.8,1.3997
1.8,1.3997
1.8,1.3997
1.8,1.3997
1.8,1.3997
1.8,1.3997
1.8,1.3997
1.8,1.3997
1.8,1.3997
1.8,1.3997
1.8,1.3997
1.8,1.3997
1.8,1.3997
1.8,1.3997
1.8,1.3997
1.8,1.3997
1.8,1.3997
1.8,1.3997
1.8,1.3997
1.8,1.3997
1.8,1.3997
1.8,1.3997
1.8,1.3997
1.8,1.3997
1.8,1.3997
1.8,1.3997
1.8,1.3997
1.8,1.3997
1.8,1.3997
1.8,1.3997
1.8,1.3997
1.8,1.3997
1.8,1.3997
1.8,1.3997
1.8,1.3997
1.8,1.3997
1.8,1.3997
1.8,1.3997
1.8,1.3997
1.8,1.3997
1.8,1.3997
1.8,1.3997
1.8,1.3997
1.8,1.3997
1.8,1.3997
1.8,1.3997
1.8,1.3997
1.8,1.3997
1.8,1.3997
1.8,1.3997
1.8,1.3997
1.8,1.3997
1.8,1.3997
1.8,1.3997
1.8,1.3997
1.8,1.3997
1.8,1.3997
1.8,1.3997
1.8,1.3997
1.8,1.3997
1.8,1.3997
1.8,1.3997
1.8,1.3997
1.8,1.3997
1.8,1.3997
1.8,1.3997
1.8,1.3997
1.8,1.3997
1.8,1.3997
1.8,1.3997
1.8,1.3997
1.8,1.3997
1.8,1.3997
1.8,1.3997
1.8,1.3997
1.8,1.3997
1.8,1.3997
1.8,1.3997
1.8,1.3997
1.8,1.3997
1.8,1.3997
1.8,1.3997
1.8,1.3997
1.8,1.3997
1.8,1.3997
1.8,1.3997
1.8,1.3997
1.8,1.3997
1.8,1.3997
1.8,1.3997
1.8,1.3997
1.8,1.3997
1.8,1.3997
1.8,1.3997
1.8,1.3997
1.8,1.3997
1.8,1.3997
1.8,1.3997
1.8,1.3997
1.8,1.3997
1.8,1.3997
1.8,1.3997
1.8,1.3997
1.8,1.3997
1.8,1.3997
1.8,1.3997
1.8,1.3997
1.8,1.3997
1.8,1.3997
1.8,1.3997
1.8,1.3997
1.8,1.3997
1.8,1.3997
1.8,1.3997
1.8,1.3997
1.8,1.3997
1.8,1.3997
1.8,1.3997
1.8,1.3997
1.8,1.3997
1.8,1.3997
1.8,1.3997
1.8,1.3997
1.8,1.3997
1.8,1.3997
1.8,1.3997
1.8,1.3997
1.8,1.3997
1.8,1.3997
1.8,1.3997
1.8,1.3997
1.8,1.3997
1.8,1.3997
1.8,1.3997
1.8,1.3997
1.8,1.3997
1.8,1.3997
1.8,1.3997
1.8,1.3997
1.8,1.3997
1.8,1.3997
1.8,1.3997
1.8,1.3997
1.8,1.3997
1.8,1.3997
NaN,NaN
0.82819,0.00077077
0.83005,0.0087868
0.83192,0.016803
0.83379,0.024819
0.83567,0.032835
0.83756,0.040851
0.83946,0.048867
0.84136,0.056883
0.84327,0.064899
0.84519,0.072915
0.84712,0.080931
0.84905,0.088947
0.85099,0.096963
0.85294,0.10498
0.8549,0.113
0.85687,0.12101
0.85884,0.12903
0.86082,0.13704
0.86282,0.14506
0.86481,0.15308
0.86682,0.16109
0.86884,0.16911
0.87087,0.17712
0.8729,0.18514
0.87494,0.19316
0.877,0.20117
0.87906,0.20919
0.88113,0.2172
0.88321,0.22522
0.8853,0.23324
0.8874,0.24125
0.88951,0.24927
0.89163,0.25728
0.89375,0.2653
0.89589,0.27332
0.89804,0.28133
0.9002,0.28935
0.90237,0.29736
0.90455,0.30538
0.90674,0.3134
0.90894,0.32141
0.91116,0.32943
0.91338,0.33744
0.91562,0.34546
0.91786,0.35348
0.92012,0.36149
0.92239,0.36951
0.92467,0.37752
0.92696,0.38554
0.92927,0.39356
0.93159,0.40157
0.93392,0.40959
0.93626,0.4176
0.93861,0.42562
0.94098,0.43364
0.94336,0.44165
0.94576,0.44967
0.94817,0.45768
0.95059,0.4657
0.95302,0.47372
0.95547,0.48173
0.95794,0.48975
0.96042,0.49776
0.96291,0.50578
0.96542,0.5138
0.96794,0.52181
0.97048,0.52983
0.97304,0.53784
0.97561,0.54586
0.97819,0.55388
0.9808,0.56189
0.98342,0.56991
0.98605,0.57793
0.98871,0.58594
0.99138,0.59396
0.99407,0.60197
0.99677,0.60999
0.9995,0.61801
1.0022,0.62602
1.005,0.63404
1.0078,0.64205
1.0106,0.65007
1.0134,0.65809
1.0163,0.6661
1.0191,0.67412
1.022,0.68213
1.0249,0.69015
1.0278,0.69817
1.0308,0.70618
1.0338,0.7142
1.0368,0.72221
1.0398,0.73023
1.0428,0.73825
1.0459,0.74626
1.049,0.75428
1.0521,0.76229
1.0553,0.77031
1.0584,0.77833
1.0616,0.78634
1.0649,0.79436
1.0681,0.80237
1.0714,0.81039
1.0747,0.81841
1.0781,0.82642
1.0814,0.83444
1.0849,0.84245
1.0883,0.85047
1.0918,0.85849
1.0953,0.8665
1.0988,0.87452
1.1024,0.88253
1.106,0.89055
1.1097,0.89857
1.1134,0.90658
1.1171,0.9146
1.1209,0.92261
1.1247,0.93063
1.1286,0.93865
1.1325,0.94666
1.1365,0.95468
1.1405,0.96269
1.1445,0.97071
1.1486,0.97873
1.1528,0.98674
1.157,0.99476
1.1613,1.0028
1.1656,1.0108
1.17,1.0188
1.1744,1.0268
1.1789,1.0348
1.1835,1.0429
1.1881,1.0509
1.1929,1.0589
1.1976,1.0669
1.2025,1.0749
1.2075,1.0829
1.2125,1.091
1.2176,1.099
1.2228,1.107
1.2281,1.115
1.2336,1.123
1.2391,1.131
1.2447,1.139
1.2504,1.1471
1.2563,1.1551
1.2623,1.1631
1.2684,1.1711
1.2747,1.1791
1.2811,1.1871
1.2877,1.1952
1.2945,1.2032
1.3014,1.2112
1.3086,1.2192
1.316,1.2272
1.3236,1.2352
1.3314,1.2433
1.3394,1.2512
1.3474,1.2588
1.3555,1.2662
1.3635,1.2733
1.3715,1.2802
1.3795,1.2868
1.3875,1.2931
NaN,NaN
0.98494,0.00077077
0.98649,0.0087868
0.98806,0.016803
0.98963,0.024819
0.99121,0.032835
0.99279,0.040851
0.99438,0.048867
0.99598,0.056883
0.99758,0.064899
0.99919,0.072915
1.0008,0.080931
1.0024,0.088947
1.0041,0.096963
1.0057,0.10498
1.0073,0.113
1.009,0.12101
1.0106,0.12903
1.0123,0.13704
1.014,0.14506
1.0157,0.15308
1.0173,0.16109
1.019,0.16911
1.0207,0.17712
1.0224,0.18514
1.0241,0.19316
1.0259,0.20117
1.0276,0.20919
1.0293,0.2172
1.0311,0.22522
1.0328,0.23324
1.0346,0.24125
1.0364,0.24927
1.0381,0.25728
1.0399,0.2653
1.0417,0.27332
1.0435,0.28133
1.0453,0.28935
1.0471,0.29736
1.049,0.30538
1.0508,0.3134
1.0527,0.32141
1.0545,0.32943
1.0564,0.33744
1.0583,0.34546
1.0601,0.35348
1.062,0.36149
1.0639,0.36951
1.0659,0.37752
1.0678,0.38554
1.0697,0.39356
1.0717,0.40157
1.0736,0.40959
1.0756,0.4176
1.0775,0.42562
1.0795,0.43364
1.0815,0.44165
1.0835,0.44967
1.0856,0.45768
1.0876,0.4657
1.0896,0.47372
1.0917,0.48173
1.0938,0.48975
1.0958,0.49776
1.0979,0.50578
1.1,0.5138
1.1021,0.52181
1.1043,0.52983
1.1064,0.53784
1.1086,0.54586
1.1107,0.55388
1.1129,0.56189
1.1151,0.56991
1.1173,0.57793
1.1196,0.58594
1.1218,0.59396
1.1241,0.60197
1.1263,0.60999
1.1286,0.61801
1.1309,0.62602
1.1332,0.63404
1.1356,0.64205
1.1379,0.65007
1.1403,0.65809
1.1427,0.6661
1.1451,0.67412
1.1475,0.68213
1.1499,0.69015
1.1524,0.69817
1.1549,0.70618
1.1573,0.7142
1.1599,0.72221
1.1624,0.73023
1.1649,0.73825
1.1675,0.74626
1.1701,0.75428
1.1727,0.76229
1.1754,0.77031
1.178,0.77833
1.1807,0.78634
1.1834,0.79436
1.1862,0.80237
1.1889,0.81039
1.1917,0.81841
1.1945,0.82642
1.1973,0.83444
1.2002,0.84245
1.2031,0.85047
1.206,0.85849
1.2089,0.8665
1.2119,0.87452
1.2149,0.88253
1.218,0.89055
1.221,0.89857
1.2241,0.90658
1.2273,0.9146
1.2304,0.92261
1.2336,0.93063
1.2369,0.93865
1.2402,0.94666
1.2435,0.95468
1.2468,0.96269
1.2502,0.97071
1.2537,0.97873
1.2572,0.98674
1.2607,0.99476
1.2643,1.0028
1.2679,1.0108
1.2716,1.0188
1.2753,1.0268
1.2791,1.0348
1.2829,1.0429
1.2868,1.0509
1.2908,1.0589
1.2948,1.0669
1.2989,1.0749
1.303,1.0829
1.3073,1.091
1.3116,1.099
1.3159,1.107
1.3204,1.115
1.3249,1.123
1.3295,1.131
1.3343,1.139
1.3391,1.1471
1.344,1.1551
1.349,1.1631
1.3542,1.1711
1.3594,1.1791
1.3648,1.1871
1.3704,1.1952
1.376,1.2032
1.3819,1.2112
1.3879,1.2192
1.394,1.2272
1.4004,1.2352
1.407,1.2433
1.4138,1.2513
1.4209,1.2593
1.4282,1.2673
1.4358,1.2753
1.4438,1.2833
1.4518,1.291
1.4598,1.2984
1.4678,1.3054
1.4758,1.3121
1.4839,1.3185
1.4919,1.3245
1.4999,1.3303
NaN,NaN
1.1417,0.00077077
1.1429,0.0087868
1.1442,0.016803
1.1455,0.024819
1.1467,0.032835
1.148,0.040851
1.1493,0.048867
1.1506,0.056883
1.1519,0.064899
1.1532,0.072915
1.1545,0.080931
1.1558,0.088947
1.1571,0.096963
1.1584,0.10498
1.1598,0.113
1.1611,0.12101
1.1624,0.12903
1.1638,0.13704
1.1651,0.14506
1.1665,0.15308
1.1678,0.16109
1.1692,0.16911
1.1706,0.17712
1.172,0.18514
1.1733,0.19316
1.1747,0.20117
1.1761,0.20919
1.1775,0.2172
1.1789,0.22522
1.1804,0.23324
1.1818,0.24125
1.1832,0.24927
1.1846,0.25728
1.1861,0.2653
1.1875,0.27332
1.189,0.28133
1.1905,0.28935
1.1919,0.29736
1.1934,0.30538
1.1949,0.3134
1.1964,0.32141
1.1979,0.32943
1.1994,0.33744
1.2009,0.34546
1.2024,0.35348
1.204,0.36149
1.2055,0.36951
1.207,0.37752
1.2086,0.38554
1.2101,0.39356
1.2117,0.40157
1.2133,0.40959
1.2149,0.4176
1.2165,0.42562
1.2181,0.43364
1.2197,0.44165
1.2213,0.44967
1.223,0.45768
1.2246,0.4657
1.2262,0.47372
1.2279,0.48173
1.2296,0.48975
1.2313,0.49776
1.2329,0.50578
1.2346,0.5138
1.2363,0.52181
1.2381,0.52983
1.2398,0.53784
1.2415,0.54586
1.2433,0.55388
1.2451,0.56189
1.2468,0.56991
1.2486,0.57793
1.2504,0.58594
1.2522,0.59396
1.254,0.60197
1.2559,0.60999
1.2577,0.61801
1.2596,0.62602
1.2615,0.63404
1.2633,0.64205
1.2652,0.65007
1.2672,0.65809
1.2691,0.6661
1.271,0.67412
1.273,0.68213
1.2749,0.69015
1.2769,0.69817
1.2789,0.70618
1.2809,0.7142
1.283,0.72221
1.285,0.73023
1.2871,0.73825
1.2892,0.74626
1.2912,0.75428
1.2934,0.76229
1.2955,0.77031
1.2976,0.77833
1.2998,0.78634
1.302,0.79436
1.3042,0.80237
1.3064,0.81039
1.3087,0.81841
1.3109,0.82642
1.3132,0.83444
1.3155,0.84245
1.3179,0.85047
1.3202,0.85849
1.3226,0.8665
1.325,0.87452
1.3274,0.88253
1.3299,0.89055
1.3324,0.89857
1.3349,0.90658
1.3374,0.9146
1.34,0.92261
1.3426,0.93063
1.3452,0.93865
1.3478,0.94666
1.3505,0.95468
1.3532,0.96269
1.356,0.97071
1.3587,0.97873
1.3616,0.98674
1.3644,0.99476
1.3673,1.0028
1.3702,1.0108
1.3732,1.0188
1.3762,1.0268
1.3793,1.0348
1.3824,1.0429
1.3855,1.0509
1.3887,1.0589
1.392,1.0669
1.3953,1.0749
1.3986,1.0829
1.402,1.091
1.4055,1.099
1.409,1.107
1.4126,1.115
1.4163,1.123
1.42,1.131
1.4238,1.139
1.4277,1.1471
1.4317,1.1551
1.4358,1.1631
1.4399,1.1711
1.4442,1.1791
1.4485,1.1871
1.453,1.1952
1.4576,1.2032
1.4623,1.2112
1.4671,1.2192
1.4721,1.2272
1.4773,1.2352
1.4826,1.2433
1.4881,1.2513
1.4938,1.2593
1.4997,1.2673
1.5059,1.2753
1.5123,1.2833
1.519,1.2914
NaN,NaN
1.2984,0.00077077
1.2994,0.0087868
1.3003,0.016803
1.3013,0.024819
1.3023,0.032835
1.3033,0.040851
1.3042,0.048867
1.3052,0.056883
1.3062,0.064899
1.3072,0.072915
1.3082,0.080931
1.3092,0.088947
1.3102,0.096963
1.3112,0.10498
1.3122,0.113
1.3132,0.12101
1.3142,0.12903
1.3153,0.13704
1.3163,0.14506
1.3173,0.15308
1.3184,0.16109
1.3194,0.16911
1.3204,0.17712
1.3215,0.18514
1.3226,0.19316
1.3236,0.20117
1.3247,0.20919
1.3257,0.2172
1.3268,0.22522
1.3279,0.23324
1.329,0.24125
1.3301,0.24927
1.3312,0.25728
1.3323,0.2653
1.3334,0.27332
1.3345,0.28133
1.3356,0.28935
1.3367,0.29736
1.3378,0.30538
1.339,0.3134
1.3401,0.32141
1.3412,0.32943
1.3424,0.33744
1.3435,0.34546
1.3447,0.35348
1.3459,0.36149
1.347,0.36951
1.3482,0.37752
1.3494,0.38554
1.3506,0.39356
1.3518,0.40157
1.353,0.40959
1.3542,0.4176
1.3554,0.42562
1.3566,0.43364
1.3579,0.44165
1.3591,0.44967
1.3603,0.45768
1.3616,0.4657
1.3629,0.47372
1.3641,0.48173
1.3654,0.48975
1.3667,0.49776
1.368,0.50578
1.3692,0.5138
1.3706,0.52181
1.3719,0.52983
1.3732,0.53784
1.3745,0.54586
1.3758,0.55388
1.3772,0.56189
1.3785,0.56991
1.3799,0.57793
1.3813,0.58594
1.3826,0.59396
1.384,0.60197
1.3854,0.60999
1.3868,0.61801
1.3883,0.62602
1.3897,0.63404
1.3911,0.64205
1.3926,0.65007
1.394,0.65809
1.3955,0.6661
1.397,0.67412
1.3985,0.68213
1.4,0.69015
1.4015,0.69817
1.403,0.70618
1.4045,0.7142
1.4061,0.72221
1.4076,0.73023
1.4092,0.73825
1.4108,0.74626
1.4124,0.75428
1.414,0.76229
1.4156,0.77031
1.4173,0.77833
1.4189,0.78634
1.4206,0.79436
1.4223,0.80237
1.4239,0.81039
1.4257,0.81841
1.4274,0.82642
1.4291,0.83444
1.4309,0.84245
1.4327,0.85047
1.4345,0.85849
1.4363,0.8665
1.4381,0.87452
1.44,0.88253
1.4418,0.89055
1.4437,0.89857
1.4456,0.90658
1.4475,0.9146
1.4495,0.92261
1.4515,0.93063
1.4535,0.93865
1.4555,0.94666
1.4575,0.95468
1.4596,0.96269
1.4617,0.97071
1.4638,0.97873
1.4659,0.98674
1.4681,0.99476
1.4703,1.0028
1.4726,1.0108
1.4748,1.0188
1.4771,1.0268
1.4794,1.0348
1.4818,1.0429
1.4842,1.0509
1.4866,1.0589
1.4891,1.0669
1.4916,1.0749
1.4942,1.0829
1.4968,1.091
1.4994,1.099
1.5021,1.107
1.5048,1.115
1.5076,1.123
1.5105,1.131
1.5134,1.139
1.5164,1.1471
1.5194,1.1551
1.5225,1.1631
1.5256,1.1711
1.5289,1.1791
1.5322,1.1871
1.5356,1.1952
1.5391,1.2032
1.5427,1.2112
1.5464,1.2192
1.5502,1.2272
1.5541,1.2352
1.5581,1.2433
1.5623,1.2513
1.5667,1.2593
1.5712,1.2673
1.5759,1.2753
1.5808,1.2833
1.5859,1.2914
1.5913,1.2994
1.597,1.3074
1.603,1.3154
1.6095,1.3234
1.6163,1.3314
1.6238,1.3394
1.6317,1.3473
1.6398,1.3545
1.6478,1.361
1.6558,1.3669
1.6638,1.3721
NaN,NaN
1.4552,0.00077077
1.4558,0.0087868
1.4565,0.016803
1.4572,0.024819
1.4578,0.032835
1.4585,0.040851
1.4592,0.048867
1.4598,0.056883
1.4605,0.064899
1.4612,0.072915
1.4619,0.080931
1.4626,0.088947
1.4633,0.096963
1.4639,0.10498
1.4646,0.113
1.4653,0.12101
1.466,0.12903
1.4667,0.13704
1.4675,0.14506
1.4682,0.15308
1.4689,0.16109
1.4696,0.16911
1.4703,0.17712
1.471,0.18514
1.4718,0.19316
1.4725,0.20117
1.4732,0.20919
1.4739,0.2172
1.4747,0.22522
1.4754,0.23324
1.4762,0.24125
1.4769,0.24927
1.4777,0.25728
1.4784,0.2653
1.4792,0.27332
1.48,0.28133
1.4807,0.28935
1.4815,0.29736
1.4823,0.30538
1.483,0.3134
1.4838,0.32141
1.4846,0.32943
1.4854,0.33744
1.4862,0.34546
1.487,0.35348
1.4878,0.36149
1.4886,0.36951
1.4894,0.37752
1.4902,0.38554
1.491,0.39356
1.4919,0.40157
1.4927,0.40959
1.4935,0.4176
1.4943,0.42562
1.4952,0.43364
1.496,0.44165
1.4969,0.44967
1.4977,0.45768
1.4986,0.4657
1.4995,0.47372
1.5003,0.48173
1.5012,0.48975
1.5021,0.49776
1.503,0.50578
1.5039,0.5138
1.5048,0.52181
1.5057,0.52983
1.5066,0.53784
1.5075,0.54586
1.5084,0.55388
1.5093,0.56189
1.5102,0.56991
1.5112,0.57793
1.5121,0.58594
1.5131,0.59396
1.514,0.60197
1.515,0.60999
1.516,0.61801
1.5169,0.62602
1.5179,0.63404
1.5189,0.64205
1.5199,0.65007
1.5209,0.65809
1.5219,0.6661
1.5229,0.67412
1.5239,0.68213
1.525,0.69015
1.526,0.69817
1.5271,0.70618
1.5281,0.7142
1.5292,0.72221
1.5302,0.73023
1.5313,0.73825
1.5324,0.74626
1.5335,0.75428
1.5346,0.76229
1.5357,0.77031
1.5369,0.77833
1.538,0.78634
1.5391,0.79436
1.5403,0.80237
1.5415,0.81039
1.5426,0.81841
1.5438,0.82642
1.545,0.83444
1.5462,0.84245
1.5475,0.85047
1.5487,0.85849
1.5499,0.8665
1.5512,0.87452
1.5525,0.88253
1.5538,0.89055
1.5551,0.89857
1.5564,0.90658
1.5577,0.9146
1.559,0.92261
1.5604,0.93063
1.5618,0.93865
1.5631,0.94666
1.5645,0.95468
1.566,0.96269
1.5674,0.97071
1.5689,0.97873
1.5703,0.98674
1.5718,0.99476
1.5733,1.0028
1.5749,1.0108
1.5764,1.0188
1.578,1.0268
1.5796,1.0348
1.5812,1.0429
1.5829,1.0509
1.5846,1.0589
1.5863,1.0669
1.588,1.0749
1.5897,1.0829
1.5915,1.091
1.5934,1.099
1.5952,1.107
1.5971,1.115
1.599,1.123
1.601,1.131
1.603,1.139
1.605,1.1471
1.6071,1.1551
1.6092,1.1631
1.6114,1.1711
1.6136,1.1791
1.6159,1.1871
1.6182,1.1952
1.6206,1.2032
1.6231,1.2112
1.6256,1.2192
1.6282,1.2272
1.6309,1.2352
1.6337,1.2433
1.6366,1.2513
1.6396,1.2593
1.6427,1.2673
1.6459,1.2753
1.6493,1.2833
1.6528,1.2914
1.6565,1.2994
1.6604,1.3074
1.6646,1.3154
1.669,1.3234
1.6737,1.3314
NaN,NaN
1.6119,0.00077077
1.6123,0.0087868
1.6126,0.016803
1.613,0.024819
1.6134,0.032835
1.6137,0.040851
1.6141,0.048867
1.6145,0.056883
1.6148,0.064899
1.6152,0.072915
1.6156,0.080931
1.6159,0.088947
1.6163,0.096963
1.6167,0.10498
1.6171,0.113
1.6175,0.12101
1.6178,0.12903
1.6182,0.13704
1.6186,0.14506
1.619,0.15308
1.6194,0.16109
1.6198,0.16911
1.6202,0.17712
1.6206,0.18514
1.621,0.19316
1.6214,0.20117
1.6218,0.20919
1.6222,0.2172
1.6226,0.22522
1.623,0.23324
1.6234,0.24125
1.6238,0.24927
1.6242,0.25728
1.6246,0.2653
1.625,0.27332
1.6254,0.28133
1.6258,0.28935
1.6263,0.29736
1.6267,0.30538
1.6271,0.3134
1.6275,0.32141
1.628,0.32943
1.6284,0.33744
1.6288,0.34546
1.6293,0.35348
1.6297,0.36149
1.6301,0.36951
1.6306,0.37752
1.631,0.38554
1.6315,0.39356
1.6319,0.40157
1.6324,0.40959
1.6328,0.4176
1.6333,0.42562
1.6337,0.43364
1.6342,0.44165
1.6347,0.44967
1.6351,0.45768
1.6356,0.4657
1.6361,0.47372
1.6365,0.48173
1.637,0.48975
1.6375,0.49776
1.638,0.50578
1.6385,0.5138
1.639,0.52181
1.6394,0.52983
1.6399,0.53784
1.6404,0.54586
1.6409,0.55388
1.6414,0.56189
1.642,0.56991
1.6425,0.57793
1.643,0.58594
1.6435,0.59396
1.644,0.60197
1.6445,0.60999
1.6451,0.61801
1.6456,0.62602
1.6461,0.63404
1.6467,0.64205
1.6472,0.65007
1.6478,0.65809
1.6483,0.6661
1.6489,0.67412
1.6494,0.68213
1.65,0.69015
1.6505,0.69817
1.6511,0.70618
1.6517,0.7142
1.6523,0.72221
1.6529,0.73023
1.6534,0.73825
1.654,0.74626
1.6546,0.75428
1.6552,0.76229
1.6559,0.77031
1.6565,0.77833
1.6571,0.78634
1.6577,0.79436
1.6583,0.80237
1.659,0.81039
1.6596,0.81841
1.6603,0.82642
1.6609,0.83444
1.6616,0.84245
1.6623,0.85047
1.6629,0.85849
1.6636,0.8665
1.6643,0.87452
1.665,0.88253
1.6657,0.89055
1.6664,0.89857
1.6671,0.90658
1.6678,0.9146
1.6686,0.92261
1.6693,0.93063
1.67,0.93865
1.6708,0.94666
1.6716,0.95468
1.6723,0.96269
1.6731,0.97071
1.6739,0.97873
1.6747,0.98674
1.6755,0.99476
1.6764,1.0028
1.6772,1.0108
1.6781,1.0188
1.6789,1.0268
1.6798,1.0348
1.6807,1.0429
1.6816,1.0509
1.6825,1.0589
1.6834,1.0669
1.6844,1.0749
1.6853,1.0829
1.6863,1.091
1.6873,1.099
1.6883,1.107
1.6893,1.115
1.6904,1.123
1.6914,1.131
1.6925,1.139
1.6936,1.1471
1.6948,1.1551
1.6959,1.1631
1.6971,1.1711
1.6983,1.1791
1.6996,1.1871
1.7009,1.1952
1.7022,1.2032
1.7035,1.2112
1.7049,1.2192
1.7063,1.2272
1.7078,1.2352
1.7093,1.2433
1.7109,1.2513
1.7125,1.2593
1.7142,1.2673
1.716,1.2753
1.7178,1.2833
1.7197,1.2914
1.7217,1.2994
1.7239,1.3074
1.7261,1.3154
1.7285,1.3234
1.7311,1.3314
1.7339,1.3394
1.737,1.3475
1.7403,1.3555
1.7441,1.3635
1.7486,1.3715
NaN,NaN
1.7687,0.00077077
1.7687,0.0087868
1.7688,0.016803
1.7688,0.024819
1.7689,0.032835
1.769,0.040851
1.769,0.048867
1.7691,0.056883
1.7691,0.064899
1.7692,0.072915
1.7693,0.080931
1.7693,0.088947
1.7694,0.096963
1.7694,0.10498
1.7695,0.113
1.7696,0.12101
1.7696,0.12903
1.7697,0.13704
1.7698,0.14506
1.7698,0.15308
1.7699,0.16109
1.77,0.16911
1.77,0.17712
1.7701,0.18514
1.7702,0.19316
1.7702,0.20117
1.7703,0.20919
1.7704,0.2172
1.7704,0.22522
1.7705,0.23324
1.7706,0.24125
1.7706,0.24927
1.7707,0.25728
1.7708,0.2653
1.7708,0.27332
1.7709,0.28133
1.771,0.28935
1.771,0.29736
1.7711,0.30538
1.7712,0.3134
1.7713,0.32141
1.7713,0.32943
1.7714,0.33744
1.7715,0.34546
1.7715,0.35348
1.7716,0.36149
1.7717,0.36951
1.7718,0.37752
1.7718,0.38554
1.7719,0.39356
1.772,0.40157
1.7721,0.40959
1.7721,0.4176
1.7722,0.42562
1.7723,0.43364
1.7724,0.44165
1.7724,0.44967
1.7725,0.45768
1.7726,0.4657
1.7727,0.47372
1.7728,0.48173
1.7728,0.48975
1.7729,0.49776
1.773,0.50578
1.7731,0.5138
1.7732,0.52181
1.7732,0.52983
1.7733,0.53784
1.7734,0.54586
1.7735,0.55388
1.7736,0.56189
1.7737,0.56991
1.7737,0.57793
1.7738,0.58594
1.7739,0.59396
1.774,0.60197
1.7741,0.60999
1.7742,0.61801
1.7743,0.62602
1.7744,0.63404
1.7744,0.64205
1.7745,0.65007
1.7746,0.65809
1.7747,0.6661
1.7748,0.67412
1.7749,0.68213
1.775,0.69015
1.7751,0.69817
1.7752,0.70618
1.7753,0.7142
1.7754,0.72221
1.7755,0.73023
1.7756,0.73825
1.7757,0.74626
1.7758,0.75428
1.7759,0.76229
1.776,0.77031
1.7761,0.77833
1.7762,0.78634
1.7763,0.79436
1.7764,0.80237
1.7765,0.81039
1.7766,0.81841
1.7767,0.82642
1.7768,0.83444
1.7769,0.84245
1.777,0.85047
1.7772,0.85849
1.7773,0.8665
1.7774,0.87452
1.7775,0.88253
1.7776,0.89055
1.7777,0.89857
1.7779,0.90658
1.778,0.9146
1.7781,0.92261
1.7782,0.93063
1.7783,0.93865
1.7785,0.94666
1.7786,0.95468
1.7787,0.96269
1.7789,0.97071
1.779,0.97873
1.7791,0.98674
1.7793,0.99476
1.7794,1.0028
1.7795,1.0108
1.7797,1.0188
1.7798,1.0268
1.78,1.0348
1.7801,1.0429
1.7803,1.0509
1.7804,1.0589
1.7806,1.0669
1.7807,1.0749
1.7809,1.0829
1.781,1.091
1.7812,1.099
1.7814,1.107
1.7816,1.115
1.7817,1.123
1.7819,1.131
1.7821,1.139
1.7823,1.1471
1.7825,1.1551
1.7827,1.1631
1.7829,1.1711
1.7831,1.1791
1.7833,1.1871
1.7835,1.1952
1.7837,1.2032
1.7839,1.2112
1.7841,1.2192
1.7844,1.2272
1.7846,1.2352
1.7849,1.2433
1.7851,1.2513
1.7854,1.2593
1.7857,1.2673
1.786,1.2753
1.7863,1.2833
1.7866,1.2914
1.787,1.2994
1.7873,1.3074
1.7877,1.3154
1.7881,1.3234
1.7885,1.3314
1.789,1.3394
1.7895,1.3475
1.7901,1.3555
1.7907,1.3635
1.7914,1.3715
NaN,NaN
1.9254,0.00077077
1.9252,0.0087868
1.9249,0.016803
1.9247,0.024819
1.9244,0.032835
1.9242,0.040851
1.9239,0.048867
1.9237,0.056883
1.9234,0.064899
1.9232,0.072915
1.923,0.080931
1.9227,0.088947
1.9225,0.096963
1.9222,0.10498
1.9219,0.113
1.9217,0.12101
1.9214,0.12903
1.9212,0.13704
1.9209,0.14506
1.9207,0.15308
1.9204,0.16109
1.9201,0.16911
1.9199,0.17712
1.9196,0.18514
1.9194,0.19316
1.9191,0.20117
1.9188,0.20919
1.9186,0.2172
1.9183,0.22522
1.918,0.23324
1.9178,0.24125
1.9175,0.24927
1.9172,0.25728
1.9169,0.2653
1.9167,0.27332
1.9164,0.28133
1.9161,0.28935
1.9158,0.29736
1.9155,0.30538
1.9153,0.3134
1.915,0.32141
1.9147,0.32943
1.9144,0.33744
1.9141,0.34546
1.9138,0.35348
1.9135,0.36149
1.9132,0.36951
1.9129,0.37752
1.9126,0.38554
1.9124,0.39356
1.9121,0.40157
1.9118,0.40959
1.9115,0.4176
1.9111,0.42562
1.9108,0.43364
1.9105,0.44165
1.9102,0.44967
1.9099,0.45768
1.9096,0.4657
1.9093,0.47372
1.909,0.48173
1.9087,0.48975
1.9083,0.49776
1.908,0.50578
1.9077,0.5138
1.9074,0.52181
1.907,0.52983
1.9067,0.53784
1.9064,0.54586
1.906,0.55388
1.9057,0.56189
1.9054,0.56991
1.905,0.57793
1.9047,0.58594
1.9043,0.59396
1.904,0.60197
1.9036,0.60999
1.9033,0.61801
1.9029,0.62602
1.9026,0.63404
1.9022,0.64205
1.9019,0.65007
1.9015,0.65809
1.9011,0.6661
1.9008,0.67412
1.9004,0.68213
1.9,0.69015
1.8996,0.69817
1.8993,0.70618
1.8989,0.7142
1.8985,0.72221
1.8981,0.73023
1.8977,0.73825
1.8973,0.74626
1.8969,0.75428
1.8965,0.76229
1.8961,0.77031
1.8957,0.77833
1.8953,0.78634
1.8949,0.79436
1.8944,0.80237
1.894,0.81039
1.8936,0.81841
1.8932,0.82642
1.8927,0.83444
1.8923,0.84245
1.8918,0.85047
1.8914,0.85849
1.8909,0.8665
1.8905,0.87452
1.89,0.88253
1.8895,0.89055
1.8891,0.89857
1.8886,0.90658
1.8881,0.9146
1.8876,0.92261
1.8871,0.93063
1.8866,0.93865
1.8861,0.94666
1.8856,0.95468
1.8851,0.96269
1.8846,0.97071
1.884,0.97873
1.8835,0.98674
1.883,0.99476
1.8824,1.0028
1.8819,1.0108
1.8813,1.0188
1.8807,1.0268
1.8801,1.0348
1.8795,1.0429
1.8789,1.0509
1.8783,1.0589
1.8777,1.0669
1.8771,1.0749
1.8765,1.0829
1.8758,1.091
1.8751,1.099
1.8745,1.107
1.8738,1.115
1.8731,1.123
1.8724,1.131
1.8717,1.139
1.8709,1.1471
1.8702,1.1551
1.8694,1.1631
1.8686,1.1711
1.8678,1.1791
1.867,1.1871
1.8661,1.1952
1.8652,1.2032
1.8643,1.2112
1.8634,1.2192
1.8625,1.2272
1.8615,1.2352
1.8605,1.2433
1.8594,1.2513
1.8583,1.2593
1.8572,1.2673
1.856,1.2753
1.8548,1.2833
1.8535,1.2914
1.8522,1.2994
1.8507,1.3074
1.8492,1.3154
1.8476,1.3234
1.8459,1.3314
1.8441,1.3394
1.842,1.3475
1.8398,1.3555
1.8372,1.3635
1.8343,1.3715
1.8307,1.3795
1.8261,1.3875
1.819,1.3952
1.811,1.3991
NaN,NaN
0.00077077,0.2322
0.0087868,0.23205
0.016803,0.23191
0.024819,0.23176
0.032835,0.23161
0.040851,0.23146
0.048867,0.23131
0.056883,0.23116
0.064899,0.231
0.072915,0.23085
0.080931,0.23069
0.088947,0.23053
0.096963,0.23037
0.10498,0.23021
0.113,0.23005
0.12101,0.22988
0.12903,0.22971
0.13704,0.22954
0.14506,0.22937
0.15308,0.2292
0.16109,0.22902
0.16911,0.22884
0.17712,0.22866
0.18514,0.22848
0.19316,0.2283
NaN,NaN
0.00077077,0.39317
0.0087868,0.39231
0.016803,0.39144
0.024819,0.39055
0.032835,0.38966
0.040851,0.38877
0.048867,0.38786
0.056883,0.38694
0.064899,0.38602
0.072915,0.38509
0.080931,0.38414
0.088947,0.38319
0.096963,0.38223
0.10498,0.38125
0.113,0.38027
0.12101,0.37928
0.12903,0.37827
0.13704,0.37725
0.14506,0.37623
0.15308,0.37519
0.16109,0.37413
0.16911,0.37307
0.17712,0.37199
0.18514,0.37089
0.19316,0.36979
0.20117,0.36866
0.20919,0.36753
0.2172,0.36637
0.22522,0.3652
0.23324,0.36402
0.24125,0.36281
0.24927,0.36159
0.25728,0.36035
0.2653,0.35909
0.27332,0.35781
0.28133,0.35651
0.28935,0.35519
0.29736,0.35384
0.30538,0.35247
0.3134,0.35108
NaN,NaN
0.00077077,0.55415
0.0087868,0.55257
0.016803,0.55096
0.024819,0.54935
0.032835,0.54772
0.040851,0.54607
0.048867,0.54441
0.056883,0.54273
0.064899,0.54104
0.072915,0.53932
0.080931,0.5376
0.088947,0.53585
0.096963,0.53408
0.10498,0.5323
0.113,0.5305
0.12101,0.52867
0.12903,0.52683
0.13704,0.52497
0.14506,0.52308
0.15308,0.52117
0.16109,0.51924
0.16911,0.51729
0.17712,0.51531
0.18514,0.5133
0.19316,0.51127
0.20117,0.50922
0.20919,0.50713
0.2172,0.50502
0.22522,0.50287
0.23324,0.5007
0.24125,0.49849
0.24927,0.49625
0.25728,0.49398
0.2653,0.49167
0.27332,0.48932
0.28133,0.48694
0.28935,0.48451
0.29736,0.48205
0.30538,0.47954
0.3134,0.47698
0.32141,0.47437
0.32943,0.47172
0.33744,0.46901
0.34546,0.46624
0.35348,0.46342
0.36149,0.46053
0.36951,0.45758
0.37752,0.45456
0.38554,0.45147
0.39356,0.4483
0.40157,0.44505
0.40959,0.4417
0.4176,0.43827
0.42562,0.43473
NaN,NaN
0.00077077,0.71513
0.0087868,0.71282
0.016803,0.71049
0.024819,0.70814
0.032835,0.70577
0.040851,0.70338
0.048867,0.70096
0.056883,0.69852
0.064899,0.69605
0.072915,0.69356
0.080931,0.69105
0.088947,0.68851
0.096963,0.68594
0.10498,0.68335
0.113,0.68072
0.12101,0.67807
0.12903,0.67539
0.13704,0.67268
0.14506,0.66994
0.15308,0.66716
0.16109,0.66435
0.16911,0.66151
0.17712,0.65863
0.18514,0.65571
0.19316,0.65276
0.20117,0.64977
0.20919,0.64674
0.2172,0.64366
0.22522,0.64054
0.23324,0.63738
0.24125,0.63417
0.24927,0.63091
0.25728,0.62761
0.2653,0.62425
0.27332,0.62084
0.28133,0.61737
0.28935,0.61384
0.29736,0.61025
0.30538,0.6066
0.3134,0.60288
0.32141,0.59909
0.32943,0.59522
0.33744,0.59128
0.34546,0.58726
0.35348,0.58316
0.36149,0.57896
0.36951,0.57467
0.37752,0.57028
0.38554,0.56578
0.39356,0.56116
0.40157,0.55643
0.40959,0.55157
0.4176,0.54657
0.42562,0.54142
0.43364,0.53611
0.44165,0.53063
0.44967,0.52495
0.45768,0.51908
0.4657,0.51298
NaN,NaN
0.00064745,0.89255
0.0086635,0.88945
0.01668,0.88632
0.024696,0.88316
0.032712,0.87997
0.040728,0.87675
0.048744,0.8735
0.05676,0.87022
0.064776,0.86691
0.072792,0.86356
0.080808,0.86018
0.088824,0.85676
0.09684,0.85331
0.10486,0.84982
0.11287,0.84629
0.12089,0.84273
0.1289,0.83912
0.13692,0.83547
0.14494,0.83179
0.15295,0.82805
0.16097,0.82428
0.16898,0.82045
0.177,0.81658
0.18502,0.81266
0.19303,0.80869
0.20105,0.80466
0.20906,0.80058
0.21708,0.79645
0.2251,0.79226
0.23311,0.788
0.24113,0.78369
0.24914,0.77931
0.25716,0.77486
0.26518,0.77034
0.27319,0.76575
0.28121,0.76109
0.28922,0.75634
0.29724,0.75151
0.30526,0.7466
0.31327,0.7416
0.32129,0.7365
0.3293,0.7313
0.33732,0.726
0.34534,0.7206
0.35335,0.71507
0.36137,0.70943
0.36938,0.70366
0.3774,0.69775
0.38542,0.6917
0.39343,0.6855
0.40145,0.67914
0.40947,0.67261
0.41748,0.66589
0.4255,0.65897
0.43351,0.65184
0.44153,0.64447
0.44955,0.63686
0.45756,0.62896
0.4654,0.62095
0.47296,0.61293
0.48022,0.60492
0.4872,0.5969
0.4939,0.58888
0.50034,0.58087
0.5065,0.57285
0.51241,0.56484
0.51807,0.55682
NaN,NaN
0.00064745,1.109
0.0086635,1.1049
0.01668,1.1008
0.024696,1.0966
0.032712,1.0925
0.040728,1.0882
0.048744,1.084
0.05676,1.0797
0.064776,1.0753
0.072792,1.0709
0.080808,1.0665
0.088824,1.062
0.09684,1.0575
0.10486,1.0529
0.11287,1.0483
0.12089,1.0436
0.1289,1.0388
0.13692,1.0341
0.14494,1.0292
0.15295,1.0243
0.16097,1.0194
0.16898,1.0143
0.177,1.0093
0.18502,1.0041
0.19303,0.9989
0.20105,0.99362
0.20906,0.98827
0.21708,0.98284
0.2251,0.97734
0.23311,0.97175
0.24113,0.96609
0.24914,0.96034
0.25716,0.9545
0.26518,0.94857
0.27319,0.94255
0.28121,0.93643
0.28922,0.9302
0.29724,0.92386
0.30526,0.91741
0.31327,0.91085
0.32129,0.90416
0.3293,0.89734
0.33732,0.89038
0.34534,0.88328
0.35335,0.87603
0.36137,0.86862
0.36938,0.86105
0.3774,0.85329
0.38542,0.84535
0.39332,0.83734
0.40102,0.82932
0.40854,0.8213
0.41586,0.81329
0.42299,0.80527
0.42993,0.79726
0.43669,0.78924
0.44327,0.78122
0.44967,0.77321
0.4559,0.76519
0.46194,0.75718
0.46782,0.74916
0.47353,0.74114
0.47907,0.73313
0.48445,0.72511
0.48966,0.7171
0.49472,0.70908
0.49962,0.70106
0.50436,0.69305
0.50896,0.68503
0.5134,0.67702
0.5177,0.669
0.52185,0.66098
0.52586,0.65297
0.52973,0.64495
0.53346,0.63694
0.53706,0.62892
0.54053,0.6209
0.54386,0.61289
0.54707,0.60487
0.55016,0.59686
0.55312,0.58884
NaN,NaN
0.00057158,1.5804
0.0085876,1.5742
0.016604,1.568
0.02462,1.5617
0.032636,1.5553
0.040652,1.5489
0.048668,1.5424
0.056684,1.5359
0.0647,1.5293
0.072716,1.5226
0.080732,1.5159
0.088748,1.5091
0.096764,1.5022
0.10478,1.4953
0.1128,1.4882
0.12081,1.4811
0.12883,1.4739
0.13684,1.4667
0.14486,1.4593
0.15288,1.4519
0.16089,1.4443
0.16891,1.4367
0.17692,1.429
0.18494,1.4212
0.19296,1.4133
0.20096,1.4053
0.20886,1.3973
0.21666,1.3892
0.22436,1.3812
0.23195,1.3732
0.23945,1.3652
0.24683,1.3572
0.25412,1.3492
0.2613,1.3411
0.26839,1.3331
0.27537,1.3251
0.28226,1.3171
0.28905,1.3091
0.29574,1.3011
0.30234,1.293
0.30883,1.285
0.31524,1.277
0.32155,1.269
0.32776,1.261
0.33388,1.253
0.33991,1.245
0.34585,1.2369
0.3517,1.2289
0.35745,1.2209
0.36312,1.2129
0.3687,1.2049
0.37419,1.1969
0.37959,1.1888
0.3849,1.1808
0.39013,1.1728
0.39527,1.1648
0.40033,1.1568
0.40531,1.1488
0.4102,1.1407
0.41501,1.1327
0.41973,1.1247
0.42438,1.1167
0.42894,1.1087
0.43343,1.1007
0.43784,1.0926
0.44216,1.0846
0.44641,1.0766
0.45059,1.0686
0.45468,1.0606
0.4587,1.0526
0.46265,1.0446
0.46652,1.0365
0.47032,1.0285
0.47405,1.0205
0.4777,1.0125
0.48128,1.0045
0.4848,0.99645
0.48824,0.98844
0.49161,0.98042
0.49491,0.97241
0.49815,0.96439
0.50132,0.95637
0.50442,0.94836
0.50746,0.94034
0.51043,0.93233
0.51334,0.92431
0.51618,0.91629
0.51896,0.90828
0.52168,0.90026
0.52434,0.89225
0.52694,0.88423
0.52947,0.87621
0.53195,0.8682
0.53437,0.86018
0.53673,0.85217
0.53903,0.84415
0.54128,0.83613
0.54348,0.82812
0.54561,0.8201
0.5477,0.81209
0.54973,0.80407
0.5517,0.79605
0.55363,0.78804
0.5555,0.78002
0.55732,0.77201
0.55909,0.76399
0.56081,0.75597
0.56248,0.74796
0.56411,0.73994
0.56568,0.73193
0.56721,0.72391
0.56869,0.71589
0.57013,0.70788
0.57153,0.69986
0.57287,0.69185
0.57418,0.68383
0.57544,0.67581
0.57667,0.6678
0.57785,0.65978
0.57899,0.65177
0.58008,0.64375
0.58115,0.63573
0.58217,0.62772
NaN,NaN
1.9994,1.9968
1.9917,1.9892
1.9841,1.9817
1.9765,1.974
1.9689,1.9664
1.9613,1.9588
1.9537,1.9511
1.9462,1.9435
1.9386,1.9359
1.9309,1.9283
1.9233,1.9207
1.9156,1.9131
1.908,1.9056
1.9005,1.898
1.8929,1.8903
1.8853,1.8827
1.8778,1.8751
1.8702,1.8675
1.8626,1.8599
1.855,1.8523
1.8473,1.8448
1.8397,1.8372
1.8322,1.8296
1.8246,1.822
1.8171,1.8144
1.8095,1.8068
1.802,1.7992
1.7944,1.7916
1.7868,1.7841
1.7792,1.7765
1.7716,1.769
1.764,1.7615
1.7565,1.7539
1.749,1.7463
1.7415,1.7387
1.734,1.7311
1.7264,1.7236
1.7188,1.7161
1.7112,1.7085
1.7037,1.701
1.6962,1.6935
1.6887,1.6859
1.6812,1.6783
1.6737,1.6708
1.6661,1.6633
1.6581,1.6575
1.6501,1.6537
1.642,1.6499
1.634,1.6462
1.626,1.6425
1.618,1.6387
1.61,1.6349
1.602,1.6311
1.5939,1.6273
1.5859,1.6234
1.5779,1.6196
1.5699,1.6157
1.5619,1.6118
1.5539,1.6078
1.5458,1.6039
1.5378,1.5999
1.5298,1.5959
1.5218,1.5919
1.5138,1.5878
1.5058,1.5838
1.4978,1.5797
1.4897,1.5755
1.4817,1.5714
1.4737,1.5672
1.4657,1.563
1.4577,1.5588
1.4497,1.5546
1.4416,1.5503
1.4336,1.546
1.4256,1.5417
1.4176,1.5373
1.4096,1.5329
1.4016,1.5285
1.3935,1.5241
1.3855,1.5196
1.3775,1.5151
1.3695,1.5105
1.3615,1.506
1.3535,1.5014
1.3454,1.4967
1.3374,1.4921
1.3294,1.4874
1.3214,1.4826
1.3134,1.4779
1.3054,1.4731
1.2974,1.4682
1.2893,1.4633
1.2813,1.4584
1.2733,1.4535
1.2653,1.4485
1.2573,1.4434
1.2493,1.4384
1.2412,1.4333
1.2332,1.4281
1.2252,1.4229
1.2172,1.4176
1.2092,1.4123
1.2012,1.407
1.1931,1.4016
1.1851,1.3962
1.1771,1.3907
1.1691,1.3851
1.1611,1.3795
1.1531,1.3739
1.145,1.3682
1.137,1.3624
1.129,1.3566
1.121,1.3508
1.113,1.3448
1.105,1.3388
1.0969,1.3328
1.0889,1.3266
1.0809,1.3204
1.0729,1.3142
1.0649,1.3079
1.0569,1.3014
1.0489,1.295
1.0408,1.2884
1.0328,1.2818
1.0248,1.275
1.0168,1.2682
1.0088,1.2613
1.0008,1.2544
0.99274,1.2473
0.98473,1.2401
0.97671,1.2328
0.96869,1.2254
0.96068,1.218
0.95266,1.2104
0.94464,1.2026
0.93663,1.1948
0.92861,1.1868
0.92067,1.1788
0.91286,1.1708
0.90518,1.1628
0.89762,1.1548
0.89019,1.1468
0.88289,1.1387
0.8757,1.1307
0.86865,1.1227
0.86171,1.1147
0.85489,1.1067
0.84819,1.0987
0.84161,1.0906
0.83515,1.0826
0.8288,1.0746
0.82257,1.0666
0.81646,1.0586
0.81045,1.0506
0.80456,1.0425
0.79878,1.0345
0.79311,1.0265
0.78755,1.0185
0.78209,1.0105
0.77675,1.0025
0.77151,0.99445
0.76637,0.98643
0.76134,0.97842
0.75641,0.9704
0.75158,0.96239
0.74685,0.95437
0.74222,0.94635
0.73769,0.93834
0.73325,0.93032
0.72892,0.92231
0.72467,0.91429
0.72053,0.90627
0.71647,0.89826
0.71251,0.89024
0.70864,0.88223
0.70485,0.87421
0.70116,0.86619
0.69755,0.85818
0.69404,0.85016
0.6906,0.84215
0.68725,0.83413
0.68398,0.82611
0.68079,0.8181
0.67769,0.81008
0.67466,0.80207
0.67172,0.79405
0.66885,0.78603
0.66606,0.77802
0.66335,0.77
0.66071,0.76199
0.65815,0.75397
0.65566,0.74595
0.65324,0.73794
0.6509,0.72992
0.64862,0.72191
0.64641,0.71389
0.64427,0.70587
0.6422,0.69786
0.64019,0.68984
0.63825,0.68183
0.63637,0.67381
NaN,NaN
0.00070911,1.321
0.0087251,1.316
0.016741,1.3109
0.024757,1.3058
0.032773,1.3007
0.040789,1.2954
0.048805,1.2902
0.056821,1.2849
0.064837,1.2795
0.072853,1.2741
0.080869,1.2686
0.088885,1.2631
0.096901,1.2575
0.10492,1.2518
0.11293,1.2461
0.12095,1.2404
0.12897,1.2345
0.13698,1.2286
0.145,1.2226
0.15301,1.2166
0.16103,1.2105
0.16905,1.2043
0.17706,1.198
0.18508,1.1917
0.19309,1.1853
0.20111,1.1787
0.20913,1.1721
0.21714,1.1654
0.22516,1.1587
0.23317,1.1518
0.24119,1.1448
0.24921,1.1377
0.25722,1.1305
0.26524,1.1232
0.27325,1.1158
0.28127,1.1082
0.28929,1.1006
0.2973,1.0927
0.30532,1.0848
0.31326,1.0768
0.32106,1.0688
0.32871,1.0607
0.33622,1.0527
0.34359,1.0447
0.35083,1.0367
0.35792,1.0287
0.36489,1.0207
0.37171,1.0127
0.3784,1.0046
0.38496,0.99662
0.39139,0.9886
0.39769,0.98059
0.40387,0.97257
0.40991,0.96456
0.41583,0.95654
0.42163,0.94852
0.4273,0.94051
0.43285,0.93249
0.43828,0.92448
0.44359,0.91646
0.44879,0.90844
0.45386,0.90043
0.45883,0.89241
0.46368,0.8844
0.46841,0.87638
0.47304,0.86836
0.47756,0.86035
0.48196,0.85233
0.48626,0.84432
0.49046,0.8363
0.49455,0.82828
0.49854,0.82027
0.50242,0.81225
0.50621,0.80424
NaN,NaN
0.18701,1.9995
0.19251,1.9915
0.19795,1.9835
0.20335,1.9755
0.20869,1.9675
0.21399,1.9595
0.21924,1.9514
0.22444,1.9434
0.2296,1.9354
0.23471,1.9274
0.23977,1.9194
0.24478,1.9114
0.24975,1.9033
0.25467,1.8953
0.25954,1.8873
0.26437,1.8793
0.26915,1.8713
0.27389,1.8633
0.27858,1.8552
0.28323,1.8472
0.28783,1.8392
0.29239,1.8312
0.2969,1.8232
0.30136,1.8152
0.30579,1.8072
0.31017,1.7991
0.3145,1.7911
0.31879,1.7831
0.32304,1.7751
0.32725,1.7671
0.33141,1.7591
0.33553,1.751
0.33961,1.743
0.34365,1.735
0.34764,1.727
0.35159,1.719
0.35551,1.711
0.35938,1.7029
0.3632,1.6949
0.36699,1.6869
0.37074,1.6789
0.37445,1.6709
0.37811,1.6629
0.38174,1.6548
0.38533,1.6468
0.38887,1.6388
0.39238,1.6308
0.39585,1.6228
0.39928,1.6148
0.40267,1.6068
0.40603,1.5987
0.40934,1.5907
0.41262,1.5827
0.41586,1.5747
0.41906,1.5667
0.42222,1.5587
0.42535,1.5506
0.42844,1.5426
0.43149,1.5346
0.43451,1.5266
0.43749,1.5186
0.44044,1.5106
0.44335,1.5025
0.44622,1.4945
0.44906,1.4865
0.45186,1.4785
0.45463,1.4705
0.45736,1.4625
0.46006,1.4544
0.46273,1.4464
0.46536,1.4384
0.46795,1.4304
0.47052,1.4224
0.47305,1.4144
0.47554,1.4064
0.47801,1.3983
0.48044,1.3903
0.48284,1.3823
0.4852,1.3743
0.48754,1.3663
0.48984,1.3583
0.49211,1.3502
0.49435,1.3422
0.49656,1.3342
0.49873,1.3262
0.50088,1.3182
0.503,1.3102
0.50508,1.3021
0.50714,1.2941
0.50916,1.2861
0.51116,1.2781
0.51312,1.2701
0.51506,1.2621
0.51697,1.254
0.51885,1.246
0.5207,1.238
0.52252,1.23
0.52432,1.222
0.52608,1.214
0.52782,1.206
0.52953,1.1979
0.53122,1.1899
0.53287,1.1819
0.5345,1.1739
0.53611,1.1659
0.53768,1.1579
0.53923,1.1498
0.54076,1.1418
0.54226,1.1338
0.54374,1.1258
0.54519,1.1178
0.54661,1.1098
0.54801,1.1017
0.54938,1.0937
0.55073,1.0857
0.55206,1.0777
0.55336,1.0697
0.55464,1.0617
0.5559,1.0536
0.55713,1.0456
0.55834,1.0376
0.55952,1.0296
0.56068,1.0216
0.56182,1.0136
0.56294,1.0055
0.56404,0.99753
0.56511,0.98952
0.56616,0.9815
0.56719,0.97349
0.5682,0.96547
0.56919,0.95745
0.57016,0.94944
0.57111,0.94142
0.57204,0.93341
0.57294,0.92539
0.57383,0.91737
0.5747,0.90936
0.57555,0.90134
0.57638,0.89333
0.57719,0.88531
0.57798,0.87729
0.57875,0.86928
0.57951,0.86126
0.58024,0.85324
0.58096,0.84523
0.58166,0.83721
0.58235,0.8292
NaN,NaN
1.2194,1.9995
1.2114,1.9917
1.2034,1.9838
1.1954,1.9759
1.1874,1.9679
1.1794,1.9599
1.1715,1.9518
1.1637,1.9438
1.156,1.9358
1.1483,1.9278
1.1407,1.9198
1.1332,1.9118
1.1257,1.9037
1.1184,1.8957
1.111,1.8877
1.1038,1.8797
1.0966,1.8717
1.0895,1.8637
1.0825,1.8556
1.0755,1.8476
1.0686,1.8396
1.0618,1.8316
1.055,1.8236
1.0483,1.8156
1.0416,1.8076
1.0351,1.7995
1.0286,1.7915
1.0221,1.7835
1.0158,1.7755
1.0094,1.7675
1.0032,1.7595
0.99701,1.7514
0.99089,1.7434
0.98483,1.7354
0.97883,1.7274
0.9729,1.7194
0.96703,1.7114
0.96123,1.7033
0.95548,1.6953
0.9498,1.6873
0.94417,1.6793
0.93861,1.6713
0.93311,1.6633
0.92766,1.6552
0.92228,1.6472
0.91695,1.6392
0.91169,1.6312
0.90648,1.6232
0.90133,1.6152
0.89624,1.6072
0.89121,1.5991
0.88624,1.5911
0.88132,1.5831
0.87646,1.5751
0.87165,1.5671
0.8669,1.5591
0.86221,1.551
0.85757,1.543
0.85299,1.535
0.84846,1.527
0.84398,1.519
0.83956,1.511
0.8352,1.5029
0.83089,1.4949
0.82663,1.4869
0.82242,1.4789
0.81826,1.4709
0.81416,1.4629
0.81011,1.4548
0.80611,1.4468
0.80216,1.4388
0.79826,1.4308
0.79442,1.4228
0.79062,1.4148
0.78687,1.4068
0.78317,1.3987
0.77952,1.3907
0.77592,1.3827
0.77237,1.3747
0.76887,1.3667
0.76541,1.3587
0.762,1.3506
0.75864,1.3426
0.75533,1.3346
0.75206,1.3266
0.74884,1.3186
0.74566,1.3106
0.74253,1.3025
0.73945,1.2945
0.73641,1.2865
0.73341,1.2785
0.73046,1.2705
0.72755,1.2625
0.72469,1.2544
0.72187,1.2464
0.71909,1.2384
0.71635,1.2304
0.71366,1.2224
0.71101,1.2144
0.7084,1.2064
0.70583,1.1983
0.7033,1.1903
0.70081,1.1823
0.69837,1.1743
0.69596,1.1663
0.69359,1.1583
0.69126,1.1502
0.68897,1.1422
0.68672,1.1342
0.68451,1.1262
0.68233,1.1182
0.68019,1.1102
0.67809,1.1021
0.67603,1.0941
0.674,1.0861
0.67201,1.0781
0.67005,1.0701
0.66813,1.0621
0.66625,1.054
0.6644,1.046
0.66259,1.038
0.66081,1.03
0.65906,1.022
0.65735,1.014
0.65567,1.006
0.65403,0.99793
0.65241,0.98992
0.65083,0.9819
0.64928,0.97389
0.64777,0.96587
0.64628,0.95785
0.64483,0.94984
0.64341,0.94182
0.64201,0.93381
0.64065,0.92579
0.63932,0.91777
0.63801,0.90976
0.63674,0.90174
0.63549,0.89373
0.63428,0.88571
0.63309,0.87769
0.63193,0.86968
0.63079,0.86166
0.62969,0.85365
0.62861,0.84563
0.62756,0.83761
0.62653,0.8296
0.62553,0.82158
0.62455,0.81357
0.6236,0.80555
0.62268,0.79753
0.62177,0.78952
0.6209,0.7815
0.62005,0.77349
0.61922,0.76547
0.61841,0.75745
0.61763,0.74944
0.61687,0.74142
0.61613,0.73341
0.61541,0.72539
0.61471,0.71737
0.61404,0.70936
0.61339,0.70134
0.61276,0.69333
0.61214,0.68531
0.61155,0.67729
0.61098,0.66928
0.61042,0.66126
0.60989,0.65324
0.60937,0.64523
0.60888,0.63721
0.6084,0.6292
NaN,NaN
0.8678,1.9994
0.86424,1.9914
0.8607,1.9834
0.85721,1.9754
0.85374,1.9674
0.8503,1.9593
0.8469,1.9513
0.84352,1.9433
0.84018,1.9353
0.83687,1.9273
0.83359,1.9193
0.83033,1.9112
0.82711,1.9032
0.82392,1.8952
0.82076,1.8872
0.81763,1.8792
0.81453,1.8712
0.81146,1.8631
0.80842,1.8551
0.8054,1.8471
0.80242,1.8391
0.79946,1.8311
0.79654,1.8231
0.79364,1.815
0.79077,1.807
0.78793,1.799
0.78512,1.791
0.78234,1.783
0.77958,1.775
0.77686,1.7669
0.77416,1.7589
0.77148,1.7509
0.76884,1.7429
0.76622,1.7349
0.76363,1.7269
0.76107,1.7189
0.75853,1.7108
0.75602,1.7028
0.75354,1.6948
0.75109,1.6868
0.74866,1.6788
0.74625,1.6708
0.74387,1.6627
0.74152,1.6547
0.7392,1.6467
0.7369,1.6387
0.73462,1.6307
0.73237,1.6227
0.73015,1.6146
0.72795,1.6066
0.72577,1.5986
0.72362,1.5906
0.7215,1.5826
0.7194,1.5746
0.71732,1.5665
0.71527,1.5585
0.71324,1.5505
0.71124,1.5425
0.70926,1.5345
0.7073,1.5265
0.70537,1.5185
0.70346,1.5104
0.70157,1.5024
0.69971,1.4944
0.69787,1.4864
0.69605,1.4784
0.69426,1.4704
0.69248,1.4623
0.69073,1.4543
0.689,1.4463
0.6873,1.4383
0.68561,1.4303
0.68395,1.4223
0.68231,1.4142
0.68069,1.4062
0.67909,1.3982
0.67751,1.3902
0.67596,1.3822
0.67442,1.3742
0.67291,1.3661
0.67141,1.3581
0.66994,1.3501
0.66849,1.3421
0.66705,1.3341
0.66564,1.3261
0.66425,1.3181
0.66288,1.31
0.66152,1.302
0.66019,1.294
0.65888,1.286
0.65758,1.278
0.65631,1.27
0.65505,1.2619
0.65381,1.2539
0.65259,1.2459
0.65139,1.2379
0.65021,1.2299
0.64905,1.2219
0.6479,1.2138
0.64677,1.2058
0.64566,1.1978
0.64457,1.1898
0.6435,1.1818
0.64244,1.1738
0.6414,1.1657
0.64038,1.1577
0.63937,1.1497
0.63838,1.1417
0.63741,1.1337
0.63645,1.1257
0.63552,1.1177
0.63459,1.1096
0.63369,1.1016
0.63279,1.0936
0.63192,1.0856
0.63106,1.0776
0.63022,1.0696
0.62939,1.0615
NaN,NaN
1.7611,1.9997
1.7531,1.9956
1.7451,1.9914
1.7371,1.9872
1.7291,1.983
1.7211,1.9788
1.713,1.9745
1.705,1.9702
1.697,1.966
1.689,1.9616
1.681,1.9573
1.673,1.953
1.6649,1.9486
1.6569,1.9442
1.6489,1.9398
1.6409,1.9353
1.6329,1.9308
1.6249,1.9264
1.6168,1.9218
1.6088,1.9173
1.6008,1.9127
1.5928,1.9082
1.5848,1.9036
1.5768,1.8989
1.5687,1.8943
1.5607,1.8896
1.5527,1.8849
1.5447,1.8801
1.5367,1.8754
1.5287,1.8706
1.5207,1.8657
1.5126,1.8609
1.5046,1.856
1.4966,1.8511
1.4886,1.8462
1.4806,1.8412
1.4726,1.8362
1.4645,1.8312
1.4565,1.8261
1.4485,1.821
1.4405,1.8159
1.4325,1.8108
1.4245,1.8056
1.4164,1.8003
1.4084,1.7951
1.4004,1.7898
1.3924,1.7845
1.3844,1.7791
1.3764,1.7737
1.3683,1.7683
1.3603,1.7628
1.3523,1.7573
1.3443,1.7517
1.3363,1.7461
1.3283,1.7405
1.3202,1.7348
1.3122,1.7291
1.3042,1.7234
1.2962,1.7176
1.2882,1.7117
1.2802,1.7058
1.2722,1.6999
1.2641,1.6939
1.2561,1.6879
1.2481,1.6818
1.2401,1.6756
1.2321,1.6694
1.2241,1.6632
1.216,1.6569
1.208,1.6506
1.2,1.6442
1.192,1.6377
1.184,1.6312
1.176,1.6246
1.1679,1.618
1.1599,1.6113
1.1519,1.6045
1.1439,1.5977
1.1359,1.5907
1.1279,1.5838
1.1198,1.5767
1.1118,1.5696
1.1038,1.5624
1.0958,1.5552
1.0878,1.5478
1.0798,1.5404
1.0718,1.5329
1.0637,1.5253
1.0557,1.5176
1.0477,1.5098
1.0397,1.502
1.0317,1.494
1.0237,1.486
1.0158,1.478
1.0081,1.47
1.0004,1.4619
0.9928,1.4539
0.98531,1.4459
0.97792,1.4379
0.97062,1.4299
0.96342,1.4219
0.95631,1.4138
0.9493,1.4058
0.94237,1.3978
0.93554,1.3898
0.92881,1.3818
0.92216,1.3738
0.9156,1.3657
0.90913,1.3577
0.90275,1.3497
0.89646,1.3417
0.89026,1.3337
0.88414,1.3257
0.87811,1.3177
0.87217,1.3096
0.86631,1.3016
0.86054,1.2936
0.85485,1.2856
0.84924,1.2776
0.84372,1.2696
0.83828,1.2615
0.83292,1.2535
0.82764,1.2455
0.82244,1.2375
0.81733,1.2295
0.81229,1.2215
0.80733,1.2134
0.80244,1.2054
0.79764,1.1974
0.79291,1.1894
0.78826,1.1814
0.78368,1.1734
0.77918,1.1653
0.77475,1.1573
0.77039,1.1493
0.76611,1.1413
0.7619,1.1333
0.75776,1.1253
0.7537,1.1172
0.7497,1.1092
0.74577,1.1012
0.74192,1.0932
0.73813,1.0852
0.73441,1.0772
0.73076,1.0692
0.72717,1.0611
0.72365,1.0531
0.7202,1.0451
0.71681,1.0371
0.71348,1.0291
0.71022,1.0211
0.70702,1.013
0.70388,1.005
0.70081,0.99701
0.6978,0.98899
0.69485,0.98098
0.69195,0.97296
0.68912,0.96495
0.68635,0.95693
0.68363,0.94891
0.68097,0.9409
0.67837,0.93288
0.67583,0.92487
0.67334,0.91685
0.6709,0.90883
NaN,NaN
1.9999,1.6631
1.9978,1.6551
1.9957,1.6471
1.9936,1.6391
1.9914,1.6311
1.9892,1.6231
1.9869,1.615
1.9845,1.607
1.9821,1.599
1.9796,1.591
1.9771,1.583
1.9744,1.575
1.9717,1.5669
1.9689,1.5589
1.966,1.5509
1.963,1.5429
1.9599,1.5349
1.9567,1.5269
1.9533,1.5189
1.9498,1.5108
1.9461,1.5028
1.9422,1.4948
1.9381,1.4868
1.9337,1.4788
1.929,1.4708
1.9239,1.4627
1.9184,1.4547
1.9123,1.4467
1.9055,1.4387
1.8977,1.4307
1.8897,1.4238
1.8817,1.4179
1.8737,1.4131
1.8657,1.4093
1.8577,1.4063
1.8496,1.404
NaN,NaN
0.0007895,1.8634
0.0088055,1.8559
0.016822,1.8484
0.024838,1.8408
0.032854,1.8331
0.04087,1.8254
0.048886,1.8176
0.056902,1.8097
0.064918,1.8018
0.072908,1.7937
0.080819,1.7857
0.088651,1.7777
0.096404,1.7697
0.10408,1.7617
0.11167,1.7537
0.11919,1.7456
0.12663,1.7376
0.13399,1.7296
0.14128,1.7216
0.14849,1.7136
0.15562,1.7056
0.16268,1.6975
0.16967,1.6895
0.17657,1.6815
0.18341,1.6735
0.19017,1.6655
0.19685,1.6575
0.20347,1.6495
0.21001,1.6414
0.21648,1.6334
0.22287,1.6254
0.2292,1.6174
0.23546,1.6094
0.24164,1.6014
0.24776,1.5933
0.2538,1.5853
0.25978,1.5773
0.26569,1.5693
0.27153,1.5613
0.2773,1.5533
0.283,1.5452
0.28864,1.5372
0.2942,1.5292
0.2997,1.5212
0.30514,1.5132
0.31051,1.5052
0.31581,1.4971
0.32105,1.4891
0.32622,1.4811
0.33133,1.4731
0.33637,1.4651
0.34135,1.4571
0.34627,1.4491
0.35113,1.441
0.35592,1.433
0.36065,1.425
0.36532,1.417
0.36993,1.409
0.37448,1.401
0.37896,1.3929
0.38339,1.3849
0.38776,1.3769
0.39207,1.3689
0.39632,1.3609
0.40051,1.3529
0.40464,1.3448
0.40872,1.3368
0.41274,1.3288
0.4167,1.3208
0.42061,1.3128
0.42446,1.3048
0.42825,1.2967
0.43199,1.2887
0.43568,1.2807
0.43931,1.2727
0.44289,1.2647
0.44641,1.2567
0.44988,1.2487
0.4533,1.2406
0.45666,1.2326
0.45998,1.2246
0.46324,1.2166
0.46645,1.2086
0.46961,1.2006
0.47272,1.1925
0.47578,1.1845
0.47879,1.1765
0.48175,1.1685
0.48467,1.1605
0.48753,1.1525
0.49035,1.1444
0.49312,1.1364
0.49584,1.1284
0.49852,1.1204
0.50115,1.1124
0.50373,1.1044
0.50627,1.0963
0.50876,1.0883
NaN,NaN
0.47359,1.9994
0.47527,1.9913
0.47693,1.9833
0.47859,1.9753
0.48022,1.9673
0.48185,1.9593
0.48345,1.9513
0.48505,1.9432
0.48662,1.9352
0.48819,1.9272
0.48974,1.9192
0.49127,1.9112
0.49279,1.9032
0.4943,1.8951
0.49579,1.8871
0.49727,1.8791
0.49873,1.8711
0.50018,1.8631
0.50162,1.8551
0.50304,1.847
0.50445,1.839
0.50584,1.831
0.50722,1.823
0.50859,1.815
0.50995,1.807
0.51129,1.799
0.51261,1.7909
0.51393,1.7829
0.51523,1.7749
0.51652,1.7669
0.51779,1.7589
0.51905,1.7509
0.5203,1.7428
0.52154,1.7348
0.52276,1.7268
0.52397,1.7188
0.52517,1.7108
0.52635,1.7028
0.52752,1.6947
0.52868,1.6867
0.52983,1.6787
0.53096,1.6707
0.53209,1.6627
0.5332,1.6547
0.53429,1.6466
0.53538,1.6386
0.53645,1.6306
0.53752,1.6226
0.53857,1.6146
0.5396,1.6066
0.54063,1.5986
0.54165,1.5905
0.54265,1.5825
0.54364,1.5745
0.54462,1.5665
0.54559,1.5585
0.54655,1.5505
0.5475,1.5424
0.54843,1.5344
0.54936,1.5264
0.55027,1.5184
0.55117,1.5104
0.55206,1.5024
0.55294,1.4943
0.55381,1.4863
0.55467,1.4783
0.55552,1.4703
0.55635,1.4623
0.55718,1.4543
0.558,1.4462
0.5588,1.4382
0.5596,1.4302
0.56038,1.4222
0.56116,1.4142
0.56192,1.4062
0.56268,1.3982
0.56342,1.3901
0.56415,1.3821
0.56488,1.3741
0.56559,1.3661
0.5663,1.3581
0.56699,1.3501
0.56768,1.342
0.56836,1.334
0.56902,1.326
0.56968,1.318
0.57033,1.31
0.57097,1.302
0.57159,1.2939
0.57221,1.2859
0.57283,1.2779
0.57343,1.2699
0.57402,1.2619
0.57461,1.2539
0.57518,1.2458
0.57575,1.2378
0.5763,1.2298
0.57685,1.2218
0.57739,1.2138
0.57793,1.2058
0.57845,1.1977
0.57897,1.1897
0.57947,1.1817
0.57997,1.1737
0.58046,1.1657
0.58095,1.1577
0.58142,1.1497
0.58189,1.1416
0.58235,1.1336
0.5828,1.1256
0.58324,1.1176
0.58368,1.1096
0.5841,1.1016
NaN,NaN
1.4352,1.9996
1.4272,1.9938
1.4192,1.988
1.4112,1.9821
1.4031,1.9762
1.3951,1.9703
1.3871,1.9643
1.3791,1.9583
1.3711,1.9523
1.3631,1.9462
1.355,1.94
1.347,1.9339
1.339,1.9276
1.331,1.9214
1.323,1.915
1.315,1.9087
1.307,1.9023
1.2989,1.8958
1.2909,1.8893
1.2829,1.8827
1.2749,1.8761
1.2669,1.8695
1.2589,1.8627
1.2508,1.856
1.2428,1.8491
1.2348,1.8423
1.2268,1.8353
1.2188,1.8283
1.2108,1.8213
1.2027,1.8141
1.1947,1.8069
1.1867,1.7997
1.1787,1.7924
1.1707,1.785
1.1627,1.7775
1.1546,1.77
1.1466,1.7624
1.1386,1.7547
1.1306,1.747
1.1226,1.7391
1.1146,1.7312
1.1066,1.7232
1.0986,1.7152
1.0907,1.7072
1.0829,1.6992
1.0752,1.6912
1.0676,1.6832
1.0601,1.6751
1.0526,1.6671
1.0452,1.6591
1.0379,1.6511
1.0307,1.6431
1.0236,1.6351
1.0165,1.627
1.0095,1.619
1.0026,1.611
0.99579,1.603
0.98904,1.595
0.98237,1.587
0.97578,1.579
0.96926,1.5709
0.96282,1.5629
0.95645,1.5549
0.95016,1.5469
0.94395,1.5389
0.9378,1.5309
0.93173,1.5228
0.92574,1.5148
0.91981,1.5068
0.91396,1.4988
0.90818,1.4908
0.90248,1.4828
0.89684,1.4747
0.89127,1.4667
0.88578,1.4587
0.88035,1.4507
0.87499,1.4427
0.8697,1.4347
0.86448,1.4266
0.85933,1.4186
0.85424,1.4106
0.84922,1.4026
0.84427,1.3946
0.83939,1.3866
0.83457,1.3786
0.82981,1.3705
0.82512,1.3625
0.82049,1.3545
0.81593,1.3465
0.81143,1.3385
0.807,1.3305
0.80262,1.3224
0.79831,1.3144
0.79406,1.3064
0.78987,1.2984
0.78574,1.2904
0.78167,1.2824
0.77767,1.2743
0.77372,1.2663
0.76983,1.2583
0.766,1.2503
0.76222,1.2423
0.75851,1.2343
0.75485,1.2262
0.75125,1.2182
0.7477,1.2102
NaN,NaN
1.843,1.8787
1.835,1.8751
1.827,1.8715
1.819,1.8678
1.811,1.8641
1.803,1.8605
1.7949,1.8568
1.7869,1.8531
1.7789,1.8493
1.7709,1.8456
1.7629,1.8418
1.7549,1.838
1.7468,1.8342
1.7388,1.8304
1.7308,1.8266
1.7228,1.8227
1.7148,1.8189
1.7068,1.815
1.6988,1.8111
1.6907,1.8071
1.6827,1.8032
1.6747,1.7992
1.6667,1.7952
1.6587,1.7912
1.6507,1.7872
1.6426,1.7831
1.6346,1.7791
1.6266,1.775
1.6186,1.7709
1.6106,1.7667
1.6026,1.7626
1.5945,1.7584
1.5865,1.7542
1.5785,1.75
1.5705,1.7458
1.5625,1.7415
1.5545,1.7372
1.5464,1.7329
1.5384,1.7285
1.5304,1.7242
1.5224,1.7198
1.5144,1.7154
1.5064,1.7109
1.4984,1.7065
1.4903,1.702
1.4823,1.6975
1.4743,1.6929
1.4663,1.6883
1.4583,1.6837
1.4503,1.6791
1.4422,1.6744
1.4342,1.6697
1.4262,1.665
1.4182,1.6603
1.4102,1.6555
1.4022,1.6507
1.3941,1.6458
1.3861,1.6409
1.3781,1.636
1.3701,1.6311
1.3621,1.6261
1.3541,1.6211
1.346,1.616
1.338,1.6109
1.33,1.6058
1.322,1.6007
1.314,1.5954
1.306,1.5902
1.2979,1.5849
1.2899,1.5796
1.2819,1.5742
1.2739,1.5688
1.2659,1.5634
1.2579,1.5579
1.2499,1.5524
1.2418,1.5468
1.2338,1.5411
1.2258,1.5355
1.2178,1.5297
1.2098,1.524
1.2018,1.5181
1.1937,1.5123
1.1857,1.5063
1.1777,1.5004
1.1697,1.4943
1.1617,1.4882
1.1537,1.4821
1.1456,1.4758
1.1376,1.4696
1.1296,1.4632
1.1216,1.4568
1.1136,1.4503
1.1056,1.4438
1.0975,1.4372
1.0895,1.4305
1.0815,1.4238
1.0735,1.4169
1.0655,1.41
1.0575,1.4031
1.0495,1.396
1.0414,1.3888
1.0334,1.3816
1.0254,1.3743
1.0174,1.3669
1.0094,1.3593
1.0014,1.3517
0.99334,1.344
0.98532,1.3362
0.97731,1.3283
0.96932,1.3202
0.96145,1.3122
0.95369,1.3042
0.94604,1.2962
0.9385,1.2882
0.93107,1.2802
0.92375,1.2721
0.91654,1.2641
0.90944,1.2561
0.90244,1.2481
0.89556,1.2401
0.88877,1.2321
0.88209,1.2241
0.87552,1.216
0.86904,1.208
0.86267,1.2
0.85641,1.192
0.85024,1.184
0.84417,1.176
0.8382,1.1679
0.83233,1.1599
0.82655,1.1519
NaN,NaN
0.35478,1.9992
0.35805,1.9912
0.36128,1.9832
0.36448,1.9752
0.36766,1.9672
0.37081,1.9591
0.37392,1.9511
0.37701,1.9431
0.38008,1.9351
0.38311,1.9271
0.38612,1.9191
0.38909,1.9111
0.39205,1.903
0.39497,1.895
0.39786,1.887
0.40073,1.879
0.40357,1.871
0.40639,1.863
0.40917,1.8549
0.41194,1.8469
0.41467,1.8389
0.41738,1.8309
0.42006,1.8229
0.42271,1.8149
0.42534,1.8068
0.42794,1.7988
0.43051,1.7908
0.43306,1.7828
0.43559,1.7748
0.43809,1.7668
0.44056,1.7587
0.44301,1.7507
0.44543,1.7427
0.44783,1.7347
0.4502,1.7267
0.45255,1.7187
0.45487,1.7107
0.45717,1.7026
0.45944,1.6946
0.46169,1.6866
0.46392,1.6786
0.46612,1.6706
0.4683,1.6626
0.47045,1.6545
0.47259,1.6465
0.47469,1.6385
0.47678,1.6305
0.47884,1.6225
0.48087,1.6145
0.48289,1.6064
0.48488,1.5984
0.48685,1.5904
0.4888,1.5824
0.49072,1.5744
0.49262,1.5664
0.4945,1.5583
0.49636,1.5503
0.49819,1.5423
0.50001,1.5343
0.5018,1.5263
0.50357,1.5183
0.50532,1.5103
0.50705,1.5022
0.50875,1.4942
0.51044,1.4862
0.5121,1.4782
0.51375,1.4702
0.51537,1.4622
0.51697,1.4541
0.51855,1.4461
0.52012,1.4381
0.52166,1.4301
0.52318,1.4221
0.52468,1.4141
0.52617,1.406
0.52763,1.398
0.52907,1.39
0.5305,1.382
0.5319,1.374
0.53329,1.366
0.53465,1.3579
0.536,1.3499
0.53733,1.3419
0.53864,1.3339
0.53994,1.3259
0.54121,1.3179
0.54247,1.3099
0.5437,1.3018
NaN,NaN
0.70509,1.9992
0.70369,1.9912
0.70231,1.9832
0.70094,1.9752
0.69957,1.9672
0.69823,1.9591
0.69689,1.9511
0.69557,1.9431
0.69425,1.9351
0.69295,1.9271
0.69166,1.9191
0.69039,1.9111
0.68912,1.903
0.68787,1.895
0.68663,1.887
0.6854,1.879
0.68418,1.871
0.68298,1.863
0.68178,1.8549
0.6806,1.8469
0.67943,1.8389
0.67827,1.8309
0.67712,1.8229
0.67598,1.8149
0.67486,1.8068
0.67374,1.7988
0.67264,1.7908
0.67154,1.7828
0.67046,1.7748
0.66939,1.7668
0.66833,1.7587
0.66728,1.7507
0.66624,1.7427
0.66522,1.7347
0.6642,1.7267
0.66319,1.7187
0.6622,1.7107
0.66121,1.7026
0.66024,1.6946
0.65927,1.6866
0.65832,1.6786
0.65738,1.6706
0.65644,1.6626
0.65552,1.6545
0.65461,1.6465
0.6537,1.6385
0.65281,1.6305
0.65193,1.6225
0.65105,1.6145
0.65019,1.6064
0.64934,1.5984
0.64849,1.5904
0.64766,1.5824
0.64683,1.5744
0.64602,1.5664
0.64521,1.5583
0.64442,1.5503
0.64363,1.5423
0.64285,1.5343
0.64209,1.5263
0.64133,1.5183
0.64058,1.5103
0.63984,1.5022
0.63911,1.4942
0.63838,1.4862
0.63767,1.4782
0.63697,1.4702
0.63627,1.4622
0.63558,1.4541
0.63491,1.4461
0.63424,1.4381
0.63357,1.4301
0.63292,1.4221
0.63228,1.4141
0.63164,1.406
0.63102,1.398
0.6304,1.39
0.62979,1.382
0.62919,1.374
0.62859,1.366
0.62801,1.3579
0.62743,1.3499
0.62686,1.3419
0.6263,1.3339
0.62574,1.3259
0.6252,1.3179
0.62466,1.3099
0.62413,1.3018
0.6236,1.2938
0.62309,1.2858
0.62258,1.2778
0.62208,1.2698
0.62159,1.2618
0.6211,1.2537
0.62062,1.2457
0.62015,1.2377
0.61969,1.2297
0.61923,1.2217
0.61878,1.2137
0.61834,1.2056
0.61791,1.1976
0.61748,1.1896
0.61706,1.1816
0.61664,1.1736
0.61623,1.1656
0.61583,1.1575
0.61544,1.1495
0.61505,1.1415
0.61467,1.1335
0.61429,1.1255
0.61393,1.1175
0.61356,1.1094
0.61321,1.1014
0.61286,1.0934
0.61252,1.0854
0.61218,1.0774
0.61185,1.0694
0.61152,1.0614
0.6112,1.0533
0.61089,1.0453
0.61058,1.0373
0.61028,1.0293
0.60999,1.0213
0.6097,1.0133
0.60941,1.0052
0.60914,0.99723
0.60886,0.98921
0.60859,0.98119
0.60833,0.97318
0.60808,0.96516
0.60782,0.95715
0.60758,0.94913
0.60734,0.94111
0.6071,0.9331
0.60687,0.92508
0.60665,0.91706
0.60643,0.90905
0.60621,0.90103
0.606,0.89302
0.60579,0.885
0.60559,0.87698
0.6054,0.86897
NaN,NaN
0.14285,0.081422
0.15542,0.1541
0.085375,0.13099
NaN,NaN
0.6083,0.54238
0.61612,0.61572
0.54773,0.5881
NaN,NaN
0.62966,0.23221
0.61541,0.30458
0.55827,0.25794
NaN,NaN
1.102,1.0038
1.1079,1.0773
1.0402,1.0479
NaN,NaN
1.1471,0.54437
1.1279,0.6156
1.0741,0.5652
NaN,NaN
1.1935,0.085182
1.1666,0.15388
1.1186,0.097857
NaN,NaN
1.5479,1.1288
1.5386,1.202
1.4784,1.1593
NaN,NaN
1.6539,0.088871
1.619,0.15388
1.5781,0.09254
NaN,NaN
1.6786,0.55
1.6449,0.6156
1.6029,0.55499
NaN,NaN
0.081664,0.65187
0.15388,0.66688
0.10665,0.72353
NaN,NaN
1.5784,1.6624
1.5386,1.6003
1.6122,1.5945
NaN,NaN
0.15848,1.166
0.23117,1.1535
0.20801,1.2235
NaN,NaN
0.67338,1.2248
0.69219,1.1534
0.74627,1.2036
NaN,NaN
0.68857,1.609
0.71025,1.5385
0.76225,1.5908
NaN,NaN
1.0981,1.6094
1.0778,1.5385
1.1499,1.554
NaN,NaN
0.16222,1.6414
0.23108,1.615
0.22199,1.6882
NaN,NaN
