d,mu1_move,mu1_stay,mu2_move,mu2_stay
0,3.846153846153847e-06,1.809503953663139e-02,3.846153846153847e-06,3.908577493225771e-02
1,3.531135969193039e-02,3.846153846153847e-06,7.628220070114757e-02,6.015469413686563e-04
2,6.890758785627323e-02,3.846153846153847e-06,1.166624392862900e-03,3.846153846153847e-06
3,1.344825044414958e-01,3.846153846153847e-06,2.262065683125063e-03,3.846153846153847e-06
4,2.624751369514378e-01,3.846153846153847e-06,4.400206633994957e-03,3.846153846153847e-06
5,5.122980087126930e-01,3.846153846153847e-06,8.573544599640492e-03,3.846153846153847e-06
6,9.999156631913028e-01,9.999038461538462e-01,1.671928904572693e-02,3.846153846153847e-06
7,1.555799732373936e-05,3.846153846153847e-06,3.261858910892813e-02,3.846153846153847e-06
8,1.535267408422398e-05,3.846153846153847e-06,6.365169408451568e-02,3.846153846153847e-06
9,1.495191319409171e-05,3.846153846153847e-06,1.242237696222821e-01,3.846153846153847e-06
10,1.416968663542893e-05,3.846153846153847e-06,2.424515891665755e-01,3.846153846153847e-06
11,1.264289496452645e-05,3.846153846153847e-06,4.732149762570987e-01,3.846153846153847e-06
12,9.662821249921100e-06,3.846153846153847e-06,9.236313082739486e-01,9.236254916065448e-01
