4,3.75
4,3.7228
4,3.6961
3.9806,3.6961
3.9806,3.6702
3.9806,3.6447
3.9619,3.6447
3.9436,3.6447
3.9256,3.6447
3.9256,3.6205
3.9081,3.6205
3.8909,3.6205
3.8909,3.5971
3.8909,3.5741
3.8743,3.5741
3.8743,3.5517
3.8581,3.5517
3.8581,3.5299
3.8581,3.5084
3.8425,3.5084
3.8272,3.5084
3.8272,3.4877
3.8272,3.4673
3.8123,3.4673
3.7977,3.4673
3.7977,3.4476
3.7977,3.4282
3.7977,3.409
3.7977,3.3902
3.7977,3.3717
3.7977,3.3535
3.7977,3.3355
3.7841,3.3355
3.7841,3.3179
3.7708,3.3179
3.7576,3.3179
3.7576,3.3009
3.7576,3.2841
3.7576,3.2675
3.745,3.2675
3.745,3.2513
3.745,3.2354
3.7327,3.2354
3.7206,3.2354
3.7086,3.2354
3.6969,3.2354
3.6969,3.2201
3.6969,3.205
3.6854,3.205
3.6854,3.1902
3.6854,3.1756
3.6742,3.1756
3.6632,3.1756
3.6523,3.1756
3.6416,3.1756
3.631,3.1756
3.6206,3.1756
3.6102,3.1756
3.6001,3.1756
3.6001,3.1619
3.6001,3.1484
3.5901,3.1484
3.5803,3.1484
3.5706,3.1484
3.5706,3.1353
3.5611,3.1353
3.5611,3.1224
3.5611,3.1097
3.5518,3.1097
3.5518,3.0972
3.5427,3.0972
3.5427,3.0849
3.5337,3.0849
3.5337,3.0729
3.5249,3.0729
3.5249,3.061
3.5249,3.0493
3.5249,3.0378
3.5163,3.0378
3.5078,3.0378
3.5078,3.0264
3.4995,3.0264
3.4913,3.0264
3.4913,3.0154
3.4832,3.0154
3.4832,3.0045
3.4832,2.9937
3.4752,2.9937
3.4674,2.9937
3.4674,2.9831
3.4674,2.9727
3.4597,2.9727
3.4597,2.9624
3.4521,2.9624
3.4521,2.9523
3.4447,2.9523
3.4447,2.9424
3.4374,2.9424
3.4301,2.9424
3.4229,2.9424
3.4229,2.9326
3.4229,2.923
3.4229,2.9135
3.4229,2.9041
3.4159,2.9041
3.409,2.9041
3.4022,2.9041
3.4022,2.8949
3.3955,2.8949
3.3888,2.8949
3.3822,2.8949
3.3756,2.8949
3.3756,2.8859
3.3692,2.8859
3.3628,2.8859
3.3628,2.8772
3.3565,2.8772
3.3502,2.8772
3.344,2.8772
3.344,2.8686
3.3379,2.8686
3.3318,2.8686
3.3258,2.8686
3.3258,2.8602
3.3199,2.8602
3.3141,2.8602
3.3082,2.8602
3.3082,2.852
3.3082,2.8439
3.3025,2.8439
3.3025,2.8359
3.3025,2.8279
3.3025,2.8201
3.3025,2.8123
3.297,2.8123
3.297,2.8045
3.297,2.7969
3.2915,2.7969
3.2861,2.7969
3.2807,2.7969
3.2807,2.7894
3.2807,2.782
3.2754,2.782
3.2701,2.782
3.2701,2.7747
3.2701,2.7674
3.265,2.7674
3.265,2.7603
3.2599,2.7603
3.2548,2.7603
3.2498,2.7603
3.2498,2.7533
3.2498,2.7463
3.2498,2.7394
3.2498,2.7326
3.2449,2.7326
3.2449,2.7258
3.2449,2.7191
3.2401,2.7191
3.2401,2.7124
3.2401,2.7059
3.2401,2.6993
3.2401,2.6928
3.2354,2.6928
3.2307,2.6928
3.226,2.6928
3.2214,2.6928
3.2169,2.6928
3.2123,2.6928
3.2123,2.6865
3.2123,2.6803
3.2078,2.6803
3.2078,2.6741
3.2034,2.6741
3.199,2.6741
3.1947,2.6741
3.1903,2.6741
3.186,2.6741
3.186,2.6681
3.186,2.6621
3.1818,2.6621
3.1818,2.6562
3.1818,2.6503
3.1776,2.6503
3.1776,2.6445
3.1776,2.6387
3.1776,2.633
3.1776,2.6273
3.1776,2.6217
3.1736,2.6217
3.1695,2.6217
3.1695,2.6161
3.1655,2.6161
3.1655,2.6106
3.1655,2.6051
3.1615,2.6051
3.1615,2.5997
3.1576,2.5997
3.1538,2.5997
3.1499,2.5997
3.1499,2.5944
3.1461,2.5944
3.1423,2.5944
3.1385,2.5944
3.1348,2.5944
3.1348,2.5891
3.1311,2.5891
3.1274,2.5891
3.1237,2.5891
3.1201,2.5891
3.1165,2.5891
3.1129,2.5891
3.1129,2.584
3.1093,2.584
3.1093,2.579
3.1058,2.579
3.1058,2.574
3.1058,2.569
3.1023,2.569
3.0989,2.569
3.0954,2.569
3.092,2.569
3.0886,2.569
3.0886,2.5642
3.0853,2.5642
3.0819,2.5642
3.0786,2.5642
3.0753,2.5642
3.0753,2.5594
3.072,2.5594
3.072,2.5547
3.072,2.55
3.072,2.5453
3.0688,2.5453
3.0688,2.5407
3.0656,2.5407
3.0656,2.5361
3.0656,2.5315
3.0656,2.527
3.0625,2.527
3.0594,2.527
3.0594,2.5225
3.0563,2.5225
3.0563,2.5181
3.0563,2.5137
3.0532,2.5137
3.0502,2.5137
3.0502,2.5093
3.0502,2.505
3.0471,2.505
3.0442,2.505
3.0412,2.505
3.0412,2.5007
3.0412,2.4964
3.0382,2.4964
3.0382,2.4922
3.0382,2.488
3.0382,2.4839
3.0382,2.4797
3.0353,2.4797
3.0353,2.4756
3.0325,2.4756
3.0296,2.4756
3.0268,2.4756
3.0268,2.4716
3.024,2.4716
3.0212,2.4716
3.0184,2.4716
3.0184,2.4676
3.0184,2.4636
3.0156,2.4636
3.0129,2.4636
3.0129,2.4597
3.0102,2.4597
3.0102,2.4558
3.0102,2.4519
3.0102,2.448
3.0102,2.4442
3.0075,2.4442
3.0075,2.4404
3.0075,2.4366
3.0049,2.4366
3.0022,2.4366
3.0022,2.4328
2.9996,2.4328
2.997,2.4328
2.997,2.4291
2.997,2.4254
2.9945,2.4254
2.9919,2.4254
2.9919,2.4218
2.9894,2.4218
2.9894,2.4181
2.9894,2.4145
2.9894,2.4109
2.9894,2.4074
2.9894,2.4038
2.9869,2.4038
2.9844,2.4038
2.9819,2.4038
2.9819,2.4003
2.9795,2.4003
2.9771,2.4003
2.9771,2.3968
2.9771,2.3934
2.9746,2.3934
2.9722,2.3934
2.9722,2.3899
2.9699,2.3899
2.9675,2.3899
2.9651,2.3899
2.9628,2.3899
2.9604,2.3899
2.9604,2.3866
2.9604,2.3832
2.9604,2.3799
2.9604,2.3766
2.9581,2.3766
2.9558,2.3766
2.9558,2.3733
2.9536,2.3733
2.9536,2.37
2.9536,2.3668
2.9513,2.3668
2.9513,2.3636
2.9513,2.3603
2.9491,2.3603
2.9491,2.3572
2.9469,2.3572
2.9447,2.3572
2.9425,2.3572
2.9425,2.354
2.9425,2.3509
2.9403,2.3509
2.9381,2.3509
2.936,2.3509
2.9338,2.3509
2.9338,2.3478
2.9338,2.3447
2.9317,2.3447
2.9296,2.3447
2.9275,2.3447
2.9254,2.3447
2.9254,2.3417
2.9254,2.3387
2.9254,2.3356
2.9254,2.3327
2.9233,2.3327
2.9233,2.3297
2.9212,2.3297
2.9212,2.3267
2.9192,2.3267
2.9172,2.3267
2.9151,2.3267
2.9131,2.3267
2.9131,2.3238
2.9111,2.3238
2.9111,2.3209
2.9091,2.3209
2.9091,2.318
2.9072,2.318
2.9052,2.318
2.9052,2.3152
2.9032,2.3152
2.9032,2.3123
2.9013,2.3123
2.8994,2.3123
2.8974,2.3123
2.8974,2.3095
2.8974,2.3067
2.8974,2.304
2.8974,2.3012
2.8955,2.3012
2.8936,2.3012
2.8917,2.3012
2.8917,2.2985
2.8899,2.2985
2.888,2.2985
2.888,2.2957
2.8862,2.2957
2.8843,2.2957
2.8843,2.293
2.8825,2.293
2.8806,2.293
2.8788,2.293
2.8788,2.2904
2.8788,2.2877
2.877,2.2877
2.877,2.2851
2.877,2.2825
2.8752,2.2825
2.8752,2.2798
2.8752,2.2772
2.8752,2.2747
2.8752,2.2721
2.8735,2.2721
2.8735,2.2695
2.8735,2.267
2.8735,2.2644
2.8735,2.2619
2.8717,2.2619
2.8717,2.2594
2.87,2.2594
2.87,2.2569
2.87,2.2544
2.87,2.2519
2.87,2.2494
2.8683,2.2494
2.8683,2.2469
2.8666,2.2469
2.8649,2.2469
2.8632,2.2469
2.8632,2.2445
2.8632,2.2421
2.8632,2.2397
2.8615,2.2397
2.8598,2.2397
2.8582,2.2397
2.8582,2.2373
2.8582,2.2349
2.8582,2.2325
2.8565,2.2325
2.8549,2.2325
2.8549,2.2302
2.8532,2.2302
2.8516,2.2302
2.8516,2.2278
2.85,2.2278
2.8484,2.2278
2.8484,2.2255
2.8468,2.2255
2.8452,2.2255
2.8452,2.2232
2.8452,2.2209
2.8436,2.2209
2.842,2.2209
2.8405,2.2209
2.8405,2.2186
2.8389,2.2186
2.8389,2.2164
2.8389,2.2141
2.8389,2.2119
2.8374,2.2119
2.8358,2.2119
2.8343,2.2119
2.8327,2.2119
2.8327,2.2097
2.8327,2.2074
2.8327,2.2052
2.8312,2.2052
2.8297,2.2052
2.8282,2.2052
2.8282,2.2031
2.8282,2.2009
2.8267,2.2009
2.8267,2.1987
2.8267,2.1966
2.8252,2.1966
2.8252,2.1944
2.8252,2.1923
2.8252,2.1901
2.8252,2.188
2.8252,2.1859
2.8238,2.1859
2.8223,2.1859
2.8208,2.1859
2.8194,2.1859
2.818,2.1859
2.8165,2.1859
2.8165,2.1838
2.8165,2.1818
2.8151,2.1818
2.8151,2.1797
2.8151,2.1776
2.8137,2.1776
2.8122,2.1776
2.8122,2.1756
2.8122,2.1735
2.8108,2.1735
2.8094,2.1735
2.8094,2.1715
2.808,2.1715
2.8067,2.1715
2.8053,2.1715
2.8053,2.1695
2.8039,2.1695
2.8039,2.1675
2.8025,2.1675
2.8025,2.1655
2.8025,2.1636
2.8025,2.1616
2.8025,2.1596
2.8012,2.1596
2.8012,2.1577
2.7998,2.1577
2.7985,2.1577
2.7971,2.1577
2.7958,2.1577
2.7945,2.1577
2.7931,2.1577
2.7931,2.1557
2.7931,2.1538
2.7918,2.1538
2.7905,2.1538
2.7892,2.1538
2.7879,2.1538
2.7879,2.1519
2.7866,2.1519
2.7853,2.1519
2.7853,2.15
2.7853,2.1481
2.784,2.1481
2.784,2.1463
2.784,2.1444
2.7828,2.1444
2.7815,2.1444
2.7815,2.1425
2.7815,2.1407
2.7802,2.1407
2.7802,2.1388
2.7802,2.137
2.7802,2.1352
2.7802,2.1333
2.7802,2.1315
2.7802,2.1297
2.779,2.1297
2.779,2.1279
2.779,2.1261
2.779,2.1243
2.7777,2.1243
2.7765,2.1243
2.7753,2.1243
2.774,2.1243
2.774,2.1225
2.7728,2.1225
2.7716,2.1225
2.7704,2.1225
2.7692,2.1225
2.7692,2.1208
2.768,2.1208
2.7668,2.1208
2.7668,2.119
2.7668,2.1173
2.7668,2.1155
2.7656,2.1155
2.7644,2.1155
2.7644,2.1138
2.7644,2.1121
2.7644,2.1104
2.7632,2.1104
2.762,2.1104
2.7609,2.1104
2.7597,2.1104
2.7585,2.1104
2.7574,2.1104
2.7562,2.1104
2.7551,2.1104
2.7539,2.1104
2.7528,2.1104
2.7516,2.1104
2.7505,2.1104
2.7494,2.1104
2.7494,2.1087
2.7494,2.107
2.7494,2.1054
2.7482,2.1054
2.7471,2.1054
2.746,2.1054
2.746,2.1037
2.746,2.1021
2.746,2.1004
2.746,2.0988
2.7449,2.0988
2.7438,2.0988
2.7438,2.0971
2.7427,2.0971
2.7427,2.0955
2.7427,2.0939
2.7427,2.0923
2.7416,2.0923
2.7405,2.0923
2.7405,2.0907
2.7394,2.0907
2.7394,2.0891
2.7394,2.0875
2.7383,2.0875
2.7372,2.0875
2.7362,2.0875
2.7362,2.0859
2.7362,2.0843
2.7362,2.0828
2.7351,2.0828
2.7351,2.0812
2.734,2.0812
2.733,2.0812
2.733,2.0796
2.733,2.0781
2.733,2.0765
2.7319,2.0765
2.7319,2.075
2.7309,2.075
2.7298,2.075
2.7298,2.0735
2.7288,2.0735
2.7288,2.072
2.7278,2.072
2.7278,2.0704
2.7278,2.0689
2.7278,2.0674
2.7278,2.0659
2.7268,2.0659
2.7268,2.0644
2.7257,2.0644
2.7247,2.0644
2.7237,2.0644
2.7237,2.0629
2.7227,2.0629
2.7227,2.0614
2.7227,2.06
2.7217,2.06
2.7217,2.0585
2.7217,2.057
2.7217,2.0556
2.7217,2.0541
2.7207,2.0541
2.7197,2.0541
2.7187,2.0541
2.7177,2.0541
2.7167,2.0541
2.7157,2.0541
2.7148,2.0541
2.7148,2.0526
2.7148,2.0512
2.7138,2.0512
2.7128,2.0512
2.7128,2.0498
2.7128,2.0484
2.7118,2.0484
2.7109,2.0484
2.7109,2.0469
2.7099,2.0469
2.7099,2.0455
2.709,2.0455
2.709,2.0441
2.709,2.0427
2.709,2.0413
2.709,2.0399
2.708,2.0399
2.708,2.0385
2.708,2.0371
2.708,2.0358
2.7071,2.0358
2.7061,2.0358
2.7061,2.0344
2.7052,2.0344
2.7043,2.0344
2.7033,2.0344
2.7024,2.0344
2.7015,2.0344
2.7006,2.0344
2.6996,2.0344
2.6987,2.0344
2.6987,2.033
2.6978,2.033
2.6969,2.033
2.696,2.033
2.6951,2.033
2.6942,2.033
2.6942,2.0317
2.6933,2.0317
2.6924,2.0317
2.6924,2.0303
2.6915,2.0303
2.6915,2.029
2.6915,2.0277
2.6915,2.0264
2.6906,2.0264
2.6897,2.0264
2.6897,2.025
2.6897,2.0237
2.6888,2.0237
2.6888,2.0224
2.6879,2.0224
2.6879,2.0211
2.687,2.0211
2.6862,2.0211
2.6853,2.0211
2.6844,2.0211
2.6844,2.0198
2.6835,2.0198
2.6835,2.0185
2.6827,2.0185
2.6827,2.0172
2.6827,2.0159
2.6818,2.0159
2.6818,2.0147
2.6818,2.0134
2.6818,2.0121
2.6818,2.0109
2.681,2.0109
2.6801,2.0109
2.6801,2.0096
2.6801,2.0083
2.6793,2.0083
2.6793,2.0071
2.6793,2.0058
2.6784,2.0058
2.6784,2.0046
2.6776,2.0046
2.6776,2.0033
2.6776,2.0021
2.6768,2.0021
2.6768,2.0009
2.6768,1.9996
2.6768,1.9984
2.6768,1.9972
2.6768,1.996
2.6759,1.996
2.6759,1.9947
2.6759,1.9935
2.6751,1.9935
2.6751,1.9923
2.6751,1.9911
2.6751,1.9899
2.6751,1.9887
2.6751,1.9875
2.6751,1.9863
2.6751,1.9851
2.6743,1.9851
2.6735,1.9851
2.6735,1.9839
2.6735,1.9827
2.6735,1.9816
2.6735,1.9804
2.6727,1.9804
2.6727,1.9792
2.6727,1.978
2.6719,1.978
2.6719,1.9769
2.6719,1.9757
2.6719,1.9745
2.6711,1.9745
2.6711,1.9734
2.6703,1.9734
2.6703,1.9722
2.6695,1.9722
2.6687,1.9722
2.6687,1.9711
2.6679,1.9711
2.6679,1.9699
2.6679,1.9688
2.6671,1.9688
2.6663,1.9688
2.6663,1.9677
2.6655,1.9677
2.6648,1.9677
2.6648,1.9665
2.6648,1.9654
2.664,1.9654
2.6632,1.9654
2.6624,1.9654
2.6624,1.9643
2.6617,1.9643
2.6609,1.9643
2.6601,1.9643
2.6594,1.9643
2.6594,1.9632
2.6594,1.9621
2.6594,1.961
2.6586,1.961
2.6586,1.9599
2.6586,1.9588
2.6586,1.9577
2.6586,1.9566
2.6579,1.9566
2.6579,1.9555
2.6571,1.9555
2.6571,1.9544
2.6564,1.9544
2.6564,1.9533
2.6564,1.9522
2.6556,1.9522
2.6556,1.9511
2.6549,1.9511
2.6541,1.9511
2.6534,1.9511
2.6527,1.9511
2.6527,1.9501
2.6527,1.949
2.6527,1.9479
2.6519,1.9479
2.6512,1.9479
2.6505,1.9479
2.6497,1.9479
2.6497,1.9469
2.649,1.9469
2.6483,1.9469
2.6476,1.9469
2.6468,1.9469
2.6468,1.9458
2.6461,1.9458
2.6461,1.9448
2.6454,1.9448
2.6447,1.9448
2.644,1.9448
2.6433,1.9448
2.6426,1.9448
2.6419,1.9448
2.6419,1.9437
2.6412,1.9437
2.6404,1.9437
2.6397,1.9437
2.6397,1.9427
2.6397,1.9416
2.6397,1.9406
2.639,1.9406
2.639,1.9396
2.639,1.9386
2.639,1.9375
2.639,1.9365
2.639,1.9355
2.6383,1.9355
2.6377,1.9355
2.637,1.9355
2.637,1.9345
2.637,1.9335
2.637,1.9325
2.6363,1.9325
2.6363,1.9315
2.6363,1.9305
2.6363,1.9295
2.6363,1.9285
2.6363,1.9275
2.6356,1.9275
2.6356,1.9265
2.6356,1.9255
2.6356,1.9245
2.6356,1.9235
2.6356,1.9225
2.6349,1.9225
2.6342,1.9225
2.6342,1.9215
2.6336,1.9215
2.6329,1.9215
2.6329,1.9206
2.6329,1.9196
2.6329,1.9186
2.6329,1.9177
2.6329,1.9167
2.6322,1.9167
2.6322,1.9157
2.6322,1.9148
2.6316,1.9148
2.6316,1.9138
2.6316,1.9128
2.6309,1.9128
2.6309,1.9119
2.6302,1.9119
2.6296,1.9119
2.6296,1.9109
2.6289,1.9109
2.6283,1.9109
2.6276,1.9109
2.6276,1.91
2.627,1.91
2.6263,1.91
2.6257,1.91
2.625,1.91
2.6244,1.91
2.6237,1.91
2.6237,1.909
2.6237,1.9081
2.6237,1.9072
2.6231,1.9072
2.6231,1.9062
2.6225,1.9062
2.6225,1.9053
2.6225,1.9044
2.6225,1.9035
2.6218,1.9035
2.6218,1.9025
2.6218,1.9016
2.6212,1.9016
2.6212,1.9007
2.6212,1.8998
2.6212,1.8989
2.6206,1.8989
2.6199,1.8989
2.6199,1.898
2.6199,1.8971
2.6193,1.8971
2.6193,1.8962
2.6193,1.8953
2.6193,1.8944
2.6193,1.8935
2.6187,1.8935
2.6187,1.8926
2.6187,1.8917
2.6181,1.8917
2.6174,1.8917
2.6174,1.8908
2.6174,1.8899
2.6168,1.8899
2.6162,1.8899
2.6156,1.8899
2.6156,1.889
2.6156,1.8881
2.6156,1.8872
2.615,1.8872
2.615,1.8863
2.6144,1.8863
2.6138,1.8863
2.6138,1.8855
2.6132,1.8855
2.6132,1.8846
2.6132,1.8837
2.6132,1.8829
2.6126,1.8829
2.612,1.8829
2.6114,1.8829
2.6108,1.8829
2.6102,1.8829
2.6096,1.8829
2.6096,1.882
2.6096,1.8811
2.6096,1.8803
2.6096,1.8794
2.6096,1.8786
2.609,1.8786
2.6084,1.8786
2.6084,1.8777
2.6084,1.8769
2.6078,1.8769
2.6072,1.8769
2.6072,1.876
2.6066,1.876
2.6066,1.8752
2.606,1.8752
2.606,1.8743
2.606,1.8735
2.6055,1.8735
2.6049,1.8735
2.6043,1.8735
2.6043,1.8726
2.6037,1.8726
2.6037,1.8718
2.6031,1.8718
2.6026,1.8718
2.602,1.8718
2.602,1.871
2.6014,1.871
2.6008,1.871
2.6008,1.8701
2.6008,1.8693
2.6008,1.8685
2.6003,1.8685
2.6003,1.8677
2.5997,1.8677
2.5991,1.8677
2.5986,1.8677
2.598,1.8677
2.5974,1.8677
2.5969,1.8677
2.5969,1.8669
2.5969,1.866
2.5969,1.8652
2.5963,1.8652
2.5958,1.8652
2.5958,1.8644
2.5952,1.8644
2.5946,1.8644
2.5941,1.8644
2.5941,1.8636
2.5941,1.8628
2.5935,1.8628
2.5935,1.862
2.5935,1.8612
2.593,1.8612
2.593,1.8604
2.593,1.8596
2.593,1.8588
2.5924,1.8588
2.5924,1.858
2.5919,1.858
2.5919,1.8572
2.5913,1.8572
2.5908,1.8572
2.5908,1.8564
2.5903,1.8564
2.5897,1.8564
2.5892,1.8564
2.5886,1.8564
2.5881,1.8564
2.5876,1.8564
2.5876,1.8557
2.5876,1.8549
2.587,1.8549
2.587,1.8541
2.5865,1.8541
2.586,1.8541
2.586,1.8541
2.4155,1.6307
2.3416,1.5196
2.2939,1.4566
2.2632,1.4099
2.2397,1.3761
2.222,1.349
2.2081,1.3264
2.1957,1.3089
2.1857,1.2932
2,1
