3.75,4
3.7228,3.9604
3.6961,3.9216
3.6699,3.8835
3.6442,3.8462
3.6442,3.8095
3.6442,3.7736
3.6442,3.7383
3.6442,3.7037
3.6442,3.6697
3.6202,3.6364
3.6202,3.6036
3.6057,3.6036
3.5915,3.6036
3.5915,3.572
3.5777,3.572
3.5641,3.572
3.5641,3.5415
3.5508,3.5199
3.5378,3.4987
3.525,3.4779
3.5124,3.4779
3.5,3.4779
3.4878,3.4578
3.4758,3.4578
3.464,3.4578
3.4524,3.4578
3.4524,3.4306
3.441,3.4116
3.4298,3.3929
3.4188,3.3745
3.408,3.3563
3.3973,3.3563
3.3868,3.3386
3.3765,3.3212
3.3663,3.304
3.3562,3.287
3.3463,3.2703
3.3366,3.2703
3.327,3.254
3.3175,3.2379
3.3082,3.2379
3.2989,3.2221
3.2899,3.2221
3.2809,3.2067
3.2721,3.1915
3.2634,3.1765
3.2548,3.1617
3.2463,3.1471
3.2379,3.1471
3.2297,3.1328
3.2215,3.1328
3.2135,3.1187
3.2056,3.1049
3.1977,3.0912
3.19,3.0912
3.1824,3.0912
3.1748,3.0779
3.1674,3.0647
3.1601,3.0518
3.1528,3.0518
3.1456,3.0518
3.1386,3.0518
3.1316,3.0518
3.1247,3.0392
3.1179,3.0392
3.1111,3.0392
3.1045,3.0392
3.0979,3.0392
3.0914,3.0392
3.085,3.0273
3.0787,3.0154
3.0724,3.0037
3.0662,2.9921
3.0601,2.9806
3.054,2.9693
3.048,2.9581
3.0421,2.9471
3.0362,2.9471
3.0304,2.9362
3.0247,2.9362
3.0191,2.9255
3.0135,2.9255
3.0079,2.9255
3.0024,2.915
2.997,2.915
2.9917,2.915
2.9864,2.915
2.9811,2.9049
2.9759,2.9049
2.9708,2.8948
2.9657,2.8948
2.9607,2.8948
2.9557,2.885
2.9508,2.8753
2.9459,2.8657
2.9411,2.8657
2.9363,2.8562
2.9316,2.8468
2.9269,2.8468
2.9222,2.8468
2.9177,2.8376
2.9131,2.8285
2.9086,2.8285
2.9042,2.8196
2.8998,2.8196
2.8954,2.8107
2.8911,2.8107
2.8868,2.802
2.8825,2.802
2.8783,2.802
2.8742,2.802
2.87,2.802
2.866,2.802
2.8619,2.7936
2.8579,2.7853
2.8539,2.777
2.85,2.777
2.8461,2.7689
2.8422,2.7608
2.8384,2.7608
2.8346,2.7608
2.8309,2.7529
2.8271,2.7529
2.8234,2.7529
2.8198,2.7529
2.8161,2.7451
2.8126,2.7451
2.809,2.7451
2.8055,2.7375
2.802,2.7299
2.7985,2.7224
2.795,2.715
2.7916,2.7076
2.7882,2.7004
2.7849,2.6931
2.7816,2.6931
2.7783,2.686
2.775,2.6789
2.7718,2.6789
2.7685,2.6789
2.7653,2.6789
2.7622,2.6789
2.7591,2.6789
2.7559,2.6789
2.7529,2.6789
2.7498,2.6789
2.7468,2.6721
2.7437,2.6653
2.7408,2.6653
2.7378,2.6653
2.7349,2.6587
2.7319,2.6587
2.729,2.6587
2.7262,2.6587
2.7233,2.6522
2.7205,2.6522
2.7177,2.6522
2.7149,2.6522
2.7122,2.6522
2.7094,2.6522
2.7067,2.6522
2.704,2.6522
2.7013,2.6459
2.6987,2.6459
2.696,2.6459
2.6934,2.6397
2.6908,2.6336
2.6882,2.6275
2.6857,2.6215
2.6831,2.6154
2.6806,2.6154
2.6781,2.6154
2.6756,2.6095
2.6732,2.6037
2.6707,2.6037
2.6683,2.6037
2.6659,2.6037
2.6635,2.5979
2.6611,2.5979
2.6587,2.5979
2.6564,2.5979
2.6541,2.5979
2.6518,2.5979
2.6495,2.5923
2.6472,2.5923
2.6449,2.5923
2.6427,2.5923
2.6404,2.5867
2.6382,2.5812
2.636,2.5812
2.6338,2.5812
2.6317,2.5812
2.6295,2.5812
2.6274,2.5759
2.6253,2.5759
2.6231,2.5705
2.621,2.5653
2.619,2.56
2.6169,2.5548
2.6148,2.5548
2.6128,2.5496
2.6108,2.5445
2.6087,2.5445
2.6067,2.5394
2.6048,2.5344
2.6028,2.5293
2.6008,2.5244
2.5989,2.5244
2.5969,2.5244
2.595,2.5194
2.5931,2.5146
2.5912,2.5146
2.5893,2.5146
2.5874,2.5097
2.5856,2.5049
2.5837,2.5049
2.5819,2.5049
2.58,2.5002
2.5782,2.5002
2.5764,2.4955
2.5746,2.4909
2.5728,2.4862
2.5711,2.4816
2.5693,2.4771
2.5675,2.4771
2.5658,2.4771
2.5641,2.4771
2.5623,2.4771
2.5606,2.4771
2.5589,2.4726
2.5572,2.4681
2.5556,2.4637
2.5539,2.4637
2.5522,2.4637
2.5506,2.4593
2.549,2.455
2.5473,2.455
2.5457,2.455
2.5441,2.455
2.5425,2.455
2.5409,2.4507
2.5393,2.4465
2.5378,2.4423
2.5362,2.4381
2.5346,2.4381
2.5331,2.4339
2.5316,2.4339
2.53,2.4339
2.5285,2.4298
2.527,2.4298
2.5255,2.4298
2.524,2.4298
2.5225,2.4298
2.521,2.4298
2.5196,2.4298
2.5181,2.4258
2.5167,2.4218
2.5152,2.4218
2.5138,2.4218
2.5124,2.4179
2.5109,2.4139
2.5095,2.41
2.5081,2.4061
2.5067,2.4061
2.5053,2.4023
2.504,2.4023
2.5026,2.4023
2.5012,2.4023
2.4999,2.4023
2.4985,2.4023
2.4972,2.4023
2.4958,2.4023
2.4945,2.4023
2.4932,2.4023
2.4919,2.3985
2.4906,2.3985
2.4893,2.3985
2.488,2.3948
2.4867,2.3912
2.4854,2.3912
2.4841,2.3875
2.4829,2.3839
2.4816,2.3839
2.4803,2.3803
2.4791,2.3803
2.4778,2.3803
2.4766,2.3767
2.4754,2.3732
2.4742,2.3696
2.4729,2.3696
2.4717,2.3696
2.4705,2.3661
2.4693,2.3661
2.4681,2.3661
2.467,2.3661
2.4658,2.3627
2.4646,2.3627
2.4634,2.3627
2.4623,2.3593
2.4611,2.3559
2.46,2.3525
2.4588,2.3525
2.4577,2.3525
2.4566,2.3491
2.4554,2.3491
2.4543,2.3491
2.4532,2.3491
2.4521,2.3458
2.451,2.3458
2.4499,2.3426
2.4488,2.3426
2.4477,2.3393
2.4466,2.3361
2.4455,2.3361
2.4445,2.3361
2.4434,2.3361
2.4423,2.3329
2.4413,2.3329
2.4402,2.3329
2.4392,2.3297
2.4381,2.3265
2.4371,2.3234
2.4361,2.3234
2.435,2.3203
2.434,2.3203
2.433,2.3203
2.432,2.3203
2.431,2.3172
2.43,2.3172
2.429,2.3172
2.428,2.3172
2.427,2.3141
2.426,2.3111
2.425,2.3111
2.424,2.3111
2.423,2.3111
2.4221,2.3111
2.4211,2.3111
2.4202,2.3111
2.4192,2.3111
2.4183,2.3111
2.4173,2.3081
2.4164,2.3081
2.4154,2.3052
2.4145,2.3022
2.4136,2.2993
2.4126,2.2993
2.4117,2.2993
2.4108,2.2993
2.4099,2.2964
2.409,2.2964
2.4081,2.2964
2.4072,2.2936
2.4063,2.2907
2.4054,2.2879
2.4045,2.2879
2.4036,2.2879
2.4027,2.2851
2.4019,2.2823
2.401,2.2795
2.4001,2.2767
2.3992,2.2739
2.3984,2.2712
2.3975,2.2685
2.3967,2.2685
2.3958,2.2657
2.395,2.2657
2.3941,2.2657
2.3933,2.263
2.3924,2.2603
2.3916,2.2603
2.3908,2.2603
2.39,2.2603
2.3891,2.2577
2.3883,2.255
2.3875,2.255
2.3867,2.2524
2.3859,2.2524
2.3851,2.2498
2.3843,2.2498
2.3835,2.2472
2.3827,2.2472
2.3819,2.2446
2.3811,2.2446
2.3803,2.242
2.3795,2.2395
2.3787,2.2369
2.378,2.2344
2.3772,2.2344
2.3764,2.2319
2.3757,2.2294
2.3749,2.2294
2.3741,2.2269
2.3734,2.2269
2.3726,2.2244
2.3719,2.2244
2.3711,2.222
2.3704,2.222
2.3696,2.222
2.3689,2.2195
2.3682,2.2171
2.3674,2.2171
2.3667,2.2171
2.366,2.2171
2.3652,2.2147
2.3645,2.2123
2.3638,2.2099
2.3631,2.2075
2.3624,2.2051
2.3617,2.2051
2.361,2.2028
2.3603,2.2004
2.3596,2.2004
2.3589,2.2004
2.3582,2.2004
2.3575,2.1981
2.3568,2.1981
2.3561,2.1958
2.3554,2.1958
2.3547,2.1935
2.354,2.1912
2.3534,2.1889
2.3527,2.1866
2.352,2.1844
2.3513,2.1821
2.3507,2.1821
2.35,2.1799
2.3493,2.1776
2.3487,2.1754
2.348,2.1732
2.3474,2.1732
2.3467,2.171
2.3461,2.171
2.3454,2.171
2.3448,2.1688
2.3441,2.1688
2.3435,2.1666
2.3428,2.1644
2.3422,2.1623
2.3416,2.1623
2.3409,2.1623
2.3403,2.1623
2.3397,2.1601
2.3391,2.1601
2.3384,2.158
2.3378,2.158
2.3372,2.158
2.3366,2.1559
2.336,2.1559
2.3354,2.1559
2.3348,2.1559
2.3341,2.1538
2.3335,2.1538
2.3329,2.1538
2.3323,2.1517
2.3317,2.1497
2.3311,2.1476
2.3306,2.1476
2.33,2.1455
2.3294,2.1435
2.3288,2.1415
2.3282,2.1394
2.3276,2.1374
2.327,2.1374
2.3265,2.1374
2.3259,2.1374
2.3253,2.1374
2.3247,2.1354
2.3242,2.1354
2.3236,2.1334
2.323,2.1334
2.3225,2.1334
2.3219,2.1334
2.3213,2.1314
2.3208,2.1314
2.3202,2.1314
2.3197,2.1295
2.3191,2.1295
2.3186,2.1275
2.318,2.1275
2.3175,2.1275
2.3169,2.1275
2.3164,2.1256
2.3158,2.1256
2.3153,2.1237
2.3148,2.1237
2.3142,2.1237
2.3137,2.1237
2.3132,2.1218
2.3126,2.1199
2.3121,2.1199
2.3116,2.1199
2.311,2.118
2.3105,2.118
2.31,2.1161
2.3095,2.1142
2.309,2.1123
2.3084,2.1123
2.3079,2.1123
2.3074,2.1105
2.3069,2.1105
2.3064,2.1086
2.3059,2.1068
2.3054,2.1068
2.3049,2.105
2.3044,2.1032
2.3039,2.1032
2.3034,2.1013
2.3029,2.1013
2.3024,2.1013
2.3019,2.0995
2.3014,2.0995
2.3009,2.0995
2.3004,2.0995
2.2999,2.0995
2.2994,2.0995
2.2989,2.0995
2.2985,2.0978
2.298,2.096
2.2975,2.096
2.297,2.096
2.2965,2.0942
2.2961,2.0942
2.2956,2.0942
2.2951,2.0942
2.2946,2.0925
2.2942,2.0907
2.2937,2.0907
2.2932,2.0907
2.2928,2.089
2.2923,2.0873
2.2919,2.0873
2.2914,2.0856
2.2909,2.0838
2.2905,2.0838
2.29,2.0821
2.2896,2.0804
2.2891,2.0788
2.2887,2.0771
2.2882,2.0754
2.2878,2.0737
2.2873,2.072
2.2869,2.0704
2.2864,2.0687
2.286,2.0687
2.2855,2.067
2.2851,2.067
2.2846,2.0654
2.2842,2.0638
2.2838,2.0638
2.2833,2.0638
2.2829,2.0621
2.2825,2.0605
2.282,2.0589
2.2816,2.0573
2.2812,2.0573
2.2807,2.0557
2.2803,2.0557
2.2799,2.0541
2.2795,2.0541
2.279,2.0541
2.2786,2.0541
2.2782,2.0541
2.2778,2.0525
2.2774,2.0509
2.277,2.0509
2.2765,2.0493
2.2761,2.0477
2.2757,2.0477
2.2753,2.0462
2.2749,2.0446
2.2745,2.0446
2.2741,2.0446
2.2737,2.0446
2.2733,2.0446
2.2729,2.0431
2.2725,2.0415
2.272,2.04
2.2716,2.0385
2.2712,2.0385
2.2709,2.0385
2.2705,2.0369
2.2701,2.0369
2.2697,2.0369
2.2693,2.0354
2.2689,2.0354
2.2685,2.0354
2.2681,2.0354
2.2677,2.0354
2.2673,2.0339
2.2669,2.0339
2.2665,2.0339
2.2662,2.0324
2.2658,2.0324
2.2654,2.0309
2.265,2.0295
2.2646,2.0295
2.2643,2.028
2.2639,2.028
2.2635,2.028
2.2631,2.0265
2.2627,2.0265
2.2624,2.0265
2.262,2.0265
2.2616,2.0251
2.2613,2.0251
2.2609,2.0236
2.2605,2.0222
2.2602,2.0222
2.2598,2.0207
2.2594,2.0193
2.2591,2.0193
2.2587,2.0193
2.2583,2.0193
2.258,2.0179
2.2576,2.0179
2.2573,2.0179
2.2569,2.0179
2.2565,2.0165
2.2562,2.015
2.2558,2.015
2.2555,2.015
2.2551,2.0136
2.2548,2.0136
2.2544,2.0122
2.2541,2.0122
2.2537,2.0108
2.2534,2.0095
2.253,2.0081
2.2527,2.0067
2.2523,2.0067
2.252,2.0053
2.2516,2.0039
2.2513,2.0026
2.251,2.0026
2.2506,2.0026
2.2503,2.0026
2.2499,2.0026
2.2496,2.0026
2.2493,2.0012
2.2489,1.9999
2.2486,1.9999
2.2482,1.9985
2.2479,1.9985
2.2476,1.9985
2.2473,1.9972
2.2469,1.9972
2.2466,1.9959
2.2463,1.9959
2.2459,1.9959
2.2456,1.9945
2.2453,1.9945
2.245,1.9945
2.2446,1.9945
2.2443,1.9945
2.244,1.9932
2.2437,1.9932
2.2433,1.9932
2.243,1.9919
2.2427,1.9906
2.2424,1.9906
2.2421,1.9893
2.2417,1.988
2.2414,1.9867
2.2411,1.9867
2.2408,1.9867
2.2405,1.9854
2.2402,1.9841
2.2399,1.9841
2.2395,1.9829
2.2392,1.9829
2.2389,1.9816
2.2386,1.9803
2.2383,1.9803
2.238,1.9803
2.2377,1.9803
2.2374,1.9803
2.2371,1.9803
2.2368,1.9803
2.2365,1.9791
2.2362,1.9778
2.2359,1.9766
2.2356,1.9753
2.2353,1.9741
2.235,1.9728
2.2347,1.9728
2.2344,1.9716
2.2341,1.9704
2.2338,1.9704
2.2335,1.9704
2.2332,1.9704
2.2329,1.9691
2.2326,1.9691
2.2323,1.9691
2.232,1.9679
2.2317,1.9667
2.2314,1.9655
2.2311,1.9655
2.2309,1.9643
2.2306,1.9643
2.2303,1.9643
2.23,1.9643
2.2297,1.9631
2.2294,1.9619
2.2291,1.9607
2.2288,1.9595
2.2286,1.9583
2.2283,1.9583
2.228,1.9571
2.2277,1.9559
2.2274,1.9559
2.2272,1.9548
2.2269,1.9536
2.2266,1.9524
2.2263,1.9524
2.226,1.9512
2.2258,1.9512
2.2255,1.9501
2.2252,1.9489
2.2249,1.9489
2.2247,1.9489
2.2244,1.9489
2.2241,1.9478
2.2238,1.9466
2.2236,1.9455
2.2233,1.9455
2.223,1.9455
2.2228,1.9443
2.2225,1.9443
2.2222,1.9432
2.222,1.9432
2.2217,1.9432
2.2214,1.9432
2.2212,1.9432
2.2209,1.9432
2.2206,1.9432
2.2204,1.9432
2.2201,1.9421
2.2198,1.9409
2.2196,1.9409
2.2193,1.9409
2.2191,1.9409
2.2188,1.9409
2.2185,1.9409
2.2183,1.9398
2.218,1.9398
2.2178,1.9387
2.2175,1.9376
2.2173,1.9365
2.217,1.9365
2.2167,1.9354
2.2165,1.9354
2.2162,1.9343
2.216,1.9332
2.2157,1.9321
2.2155,1.9321
2.2152,1.9321
2.215,1.931
2.2147,1.931
2.2145,1.93
2.2142,1.9289
2.214,1.9289
2.2137,1.9289
2.2135,1.9289
2.2132,1.9278
2.213,1.9278
2.2127,1.9267
2.2125,1.9257
2.2123,1.9246
2.212,1.9235
2.2118,1.9225
2.2115,1.9214
2.2113,1.9214
2.211,1.9214
2.2108,1.9204
2.2106,1.9204
2.2103,1.9193
2.2101,1.9183
2.2098,1.9172
2.2096,1.9172
2.2094,1.9162
2.2091,1.9162
2.2089,1.9151
2.2087,1.9151
2.2084,1.9141
2.2082,1.9141
2.2079,1.9131
2.2077,1.9131
2.2075,1.9121
2.2072,1.911
2.207,1.91
2.2068,1.909
2.2066,1.909
2.2063,1.908
2.2061,1.908
2.2059,1.907
2.2056,1.9059
2.2054,1.9059
2.2052,1.9049
2.2049,1.9049
2.2047,1.9049
2.2045,1.9049
2.2043,1.9049
2.204,1.9039
2.2038,1.9039
2.2036,1.9039
2.2034,1.9039
2.2031,1.9029
2.2029,1.9019
2.2027,1.9019
2.2025,1.901
2.2022,1.901
2.202,1.9
2.2018,1.899
2.2016,1.898
2.2014,1.897
2.2011,1.896
2.2009,1.8951
2.2007,1.8951
2.2005,1.8941
2.2003,1.8931
2.2001,1.8931
2.1998,1.8922
2.1996,1.8922
2.1994,1.8922
2.1992,1.8922
2.199,1.8922
2.1988,1.8922
2.1985,1.8922
2.1983,1.8912
2.1981,1.8912
2.1979,1.8912
2.1977,1.8902
2.1975,1.8902
2.1973,1.8902
2.1971,1.8902
2.1969,1.8893
2.1966,1.8883
2.1964,1.8883
2.1962,1.8883
2.196,1.8883
2.1958,1.8874
2.1956,1.8874
2.1954,1.8865
2.1952,1.8855
2.195,1.8846
2.1948,1.8837
2.1946,1.8827
2.1944,1.8818
2.1942,1.8809
2.194,1.8809
2.1937,1.8809
2.1935,1.8809
2.1933,1.8809
2.1931,1.8799
2.1929,1.879
2.1927,1.879
2.1925,1.8781
2.1923,1.8781
2.1921,1.8772
2.1919,1.8772
2.1917,1.8763
2.1915,1.8754
2.1913,1.8754
2.1911,1.8745
2.1909,1.8745
2.1907,1.8736
2.1905,1.8727
2.1904,1.8718
2.1902,1.8718
2.19,1.8718
2.1898,1.8718
2.1896,1.8709
2.1894,1.8709
2.1892,1.8709
2.189,1.8709
2.1888,1.8709
2.1886,1.8709
2.1884,1.8709
2.1882,1.87
2.188,1.8691
2.1878,1.8691
2.1876,1.8682
2.1874,1.8682
2.1873,1.8682
2.1871,1.8673
2.1869,1.8673
2.1867,1.8664
2.1865,1.8664
2.1863,1.8664
2.1861,1.8656
2.1859,1.8656
2.1857,1.8656
2.1856,1.8647
2.1854,1.8638
2.1852,1.863
2.185,1.8621
2.1848,1.8621
2.1846,1.8621
2.1844,1.8621
2.1843,1.8612
2.1841,1.8612
2.1839,1.8604
2.1837,1.8604
2.1835,1.8595
2.1833,1.8595
2.1832,1.8595
2.183,1.8595
2.1828,1.8595
2.1826,1.8587
2.1824,1.8587
2.1823,1.8587
2.1821,1.8587
2.1819,1.8587
2.1817,1.8587
2.1815,1.8587
2.1814,1.8578
2.1812,1.857
2.181,1.857
2.1808,1.857
2.1807,1.857
2.1805,1.8561
2.1803,1.8553
2.1801,1.8553
2.18,1.8553
2.1798,1.8545
2.1796,1.8536
2.1794,1.8528
2.1793,1.852
2.1791,1.852
2.1789,1.852
2.1787,1.852
2.1786,1.852
2.1784,1.8512
2.1782,1.8512
2.178,1.8512
2.1779,1.8503
2.1777,1.8495
2.1775,1.8487
2.1774,1.8487
2.1772,1.8487
2.177,1.8479
2.1768,1.8479
2.1767,1.8471
2.1765,1.8463
2.1763,1.8454
2.1762,1.8446
2.176,1.8446
2.1758,1.8438
2.1757,1.843
2.1755,1.8422
2.1753,1.8422
2.1752,1.8414
2.175,1.8414
2.1748,1.8414
2.1747,1.8406
2.1745,1.8406
2.1743,1.8398
2.1742,1.839
2.174,1.8383
2.1738,1.8383
2.1737,1.8375
2.1735,1.8375
2.1734,1.8375
2.1732,1.8375
2.173,1.8367
2.1729,1.8367
2.1727,1.8359
2.1725,1.8351
2.1724,1.8343
2.1722,1.8343
2.1721,1.8336
2.1719,1.8336
2.1717,1.8328
2.1716,1.8328
2.1714,1.8328
2.1713,1.8328
2.1711,1.8328
2.1709,1.832
2.1708,1.8312
2.1706,1.8312
2.1705,1.8312
2.1703,1.8312
2.1702,1.8312
2.17,1.8305
2.1698,1.8305
2.1697,1.8297
2.1695,1.8289
2.1694,1.8289
2.1692,1.8289
2.1691,1.8282
2.1689,1.8274
2.1688,1.8267
2.1686,1.8267
2.1684,1.8267
2.1683,1.8259
2.1681,1.8259
2.168,1.8259
2.1678,1.8252
2.1678,1.8252
2.0879,1.5979
2.0595,1.4932
2.045,1.4323
2.0362,1.3878
2.0302,1.3542
2.026,1.329
2.0228,1.3079
2.0203,1.2907
2.0183,1.2758
2,1
