0.001336,-0.45357
0.021376,-0.439
0.041416,-0.42442
0.061456,-0.40985
0.081496,-0.39528
0.10154,-0.3807
0.12158,-0.36613
0.14162,-0.35155
0.16166,-0.33698
0.1817,-0.3224
0.20174,-0.30783
0.22178,-0.29325
0.24182,-0.27868
0.26186,-0.2641
0.2819,-0.24953
0.30194,-0.23495
0.32198,-0.22038
0.34202,-0.20581
0.36206,-0.19123
0.3821,-0.17666
0.40214,-0.16208
0.42218,-0.14751
0.44222,-0.13293
0.46226,-0.11836
0.4823,-0.10378
0.50234,-0.089209
0.52238,-0.074634
0.54242,-0.06006
0.56246,-0.045485
0.5825,-0.03091
0.60254,-0.016336
0.62258,-0.0017611
0.64262,0.012814
0.66266,0.027388
0.6827,0.041963
0.70274,0.056537
0.72278,0.071112
0.74282,0.085687
0.76286,0.10026
0.7829,0.11484
0.80294,0.12941
0.82298,0.14398
0.84302,0.15856
0.86306,0.17313
0.8831,0.18771
0.90314,0.20228
0.92318,0.21686
0.94322,0.23143
0.96326,0.24601
0.9833,0.26058
1.0033,0.27516
1.0234,0.28973
1.0434,0.30431
1.0635,0.31888
1.0835,0.33345
1.1035,0.34803
1.1236,0.3626
1.1436,0.37718
1.1637,0.39175
1.1837,0.40633
1.2037,0.4209
1.2238,0.43548
1.2438,0.45005
1.2639,0.46463
1.2839,0.4792
1.3039,0.49378
1.324,0.50835
1.344,0.52292
1.3641,0.5375
1.3841,0.55207
1.4041,0.56665
1.4242,0.58122
1.4442,0.5958
1.4643,0.61037
1.4843,0.62495
1.5043,0.63952
1.5244,0.6541
1.5444,0.66867
1.5645,0.68325
1.5845,0.69782
1.6045,0.71239
1.6246,0.72697
1.6446,0.74154
1.6647,0.75612
1.6847,0.77069
1.7047,0.78527
1.7248,0.79984
1.7448,0.81442
1.7649,0.82899
1.7849,0.84357
1.8049,0.85814
1.825,0.87272
1.845,0.88729
1.8651,0.90186
1.8851,0.91644
1.9051,0.93101
1.9252,0.94559
1.9452,0.96016
1.9653,0.97474
1.9853,0.98931
NaN,NaN
0.68867,-0.49866
0.7062,-0.47862
0.72374,-0.45858
0.74127,-0.43854
0.75881,-0.4185
0.77634,-0.39846
0.79388,-0.37842
0.81141,-0.35838
0.82895,-0.33834
0.84648,-0.3183
0.86402,-0.29826
0.88155,-0.27822
0.89909,-0.25818
0.91662,-0.23814
0.93416,-0.2181
0.9517,-0.19806
0.96923,-0.17802
0.98677,-0.15798
1.0043,-0.13794
1.0218,-0.1179
1.0394,-0.097862
1.0569,-0.077822
1.0744,-0.057782
1.092,-0.037742
1.1095,-0.017702
1.127,0.002338
1.1446,0.022378
1.1621,0.042418
1.1797,0.062458
1.1972,0.082498
1.2147,0.10254
1.2323,0.12258
1.2498,0.14262
1.2673,0.16266
1.2849,0.1827
1.3024,0.20274
1.3199,0.22278
1.3375,0.24282
1.355,0.26286
1.3725,0.2829
1.3901,0.30294
1.4076,0.32298
1.4251,0.34302
1.4427,0.36306
1.4602,0.3831
1.4777,0.40314
1.4953,0.42318
1.5128,0.44322
1.5304,0.46326
1.5479,0.4833
1.5654,0.50334
1.583,0.52338
1.6005,0.54342
1.618,0.56346
1.6356,0.5835
1.6531,0.60354
1.6706,0.62358
1.6882,0.64362
1.7057,0.66366
1.7232,0.6837
1.7408,0.70374
1.7583,0.72378
1.7758,0.74382
1.7934,0.76386
1.8109,0.7839
1.8284,0.80394
NaN,NaN
1.0633,-0.49866
1.0759,-0.47862
1.0884,-0.45858
1.1009,-0.43854
1.1134,-0.4185
1.126,-0.39846
1.1385,-0.37842
1.151,-0.35838
1.1635,-0.33834
1.1761,-0.3183
1.1886,-0.29826
1.2011,-0.27822
1.2136,-0.25818
1.2262,-0.23814
1.2387,-0.2181
1.2512,-0.19806
1.2637,-0.17802
1.2763,-0.15798
1.2888,-0.13794
1.3013,-0.1179
1.3138,-0.097862
1.3264,-0.077822
1.3389,-0.057782
1.3514,-0.037742
1.3639,-0.017702
1.3765,0.002338
1.389,0.022378
1.4015,0.042418
1.414,0.062458
1.4266,0.082498
1.4391,0.10254
1.4516,0.12258
1.4641,0.14262
1.4767,0.16266
1.4892,0.1827
1.5017,0.20274
1.5142,0.22278
1.5268,0.24282
1.5393,0.26286
1.5518,0.2829
1.5643,0.30294
1.5769,0.32298
1.5894,0.34302
1.6019,0.36306
1.6144,0.3831
1.627,0.40314
1.6395,0.42318
1.652,0.44322
1.6645,0.46326
NaN,NaN
1.438,-0.49866
1.4455,-0.47862
1.453,-0.45858
1.4605,-0.43854
1.4681,-0.4185
1.4756,-0.39846
1.4831,-0.37842
1.4906,-0.35838
1.4981,-0.33834
1.5056,-0.3183
1.5132,-0.29826
1.5207,-0.27822
1.5282,-0.25818
1.5357,-0.23814
1.5432,-0.2181
1.5507,-0.19806
1.5582,-0.17802
1.5658,-0.15798
1.5733,-0.13794
1.5808,-0.1179
1.5883,-0.097862
1.5958,-0.077822
1.6033,-0.057782
1.6108,-0.037742
1.6184,-0.017702
1.6259,0.002338
1.6334,0.022378
1.6409,0.042418
1.6484,0.062458
1.6559,0.082498
1.6635,0.10254
1.671,0.12258
1.6785,0.14262
1.686,0.16266
1.6935,0.1827
1.701,0.20274
1.7085,0.22278
1.7161,0.24282
1.7236,0.26286
1.7311,0.2829
1.7386,0.30294
1.7461,0.32298
1.7536,0.34302
1.7611,0.36306
1.7687,0.3831
1.7762,0.40314
1.7837,0.42318
1.7912,0.44322
1.7987,0.46326
1.8062,0.4833
1.8138,0.50334
1.8213,0.52338
1.8288,0.54342
1.8363,0.56346
1.8438,0.5835
1.8513,0.60354
1.8588,0.62358
1.8664,0.64362
1.8739,0.66366
1.8814,0.6837
1.8889,0.70374
1.8964,0.72378
1.9039,0.74382
1.9114,0.76386
1.919,0.7839
1.9265,0.80394
1.934,0.82398
1.9415,0.84402
1.949,0.86406
1.9565,0.8841
NaN,NaN
1.8127,-0.49866
1.8152,-0.47862
1.8177,-0.45858
1.8202,-0.43854
1.8227,-0.4185
1.8252,-0.39846
1.8277,-0.37842
1.8302,-0.35838
1.8327,-0.33834
1.8352,-0.3183
1.8377,-0.29826
1.8402,-0.27822
1.8427,-0.25818
1.8452,-0.23814
1.8477,-0.2181
1.8502,-0.19806
1.8527,-0.17802
1.8553,-0.15798
1.8578,-0.13794
1.8603,-0.1179
1.8628,-0.097862
1.8653,-0.077822
1.8678,-0.057782
1.8703,-0.037742
1.8728,-0.017702
1.8753,0.002338
1.8778,0.022378
1.8803,0.042418
1.8828,0.062458
1.8853,0.082498
1.8878,0.10254
1.8903,0.12258
1.8928,0.14262
1.8953,0.16266
1.8978,0.1827
1.9003,0.20274
1.9028,0.22278
1.9054,0.24282
1.9079,0.26286
1.9104,0.2829
1.9129,0.30294
1.9154,0.32298
1.9179,0.34302
1.9204,0.36306
1.9229,0.3831
1.9254,0.40314
1.9279,0.42318
1.9304,0.44322
1.9329,0.46326
1.9354,0.4833
1.9379,0.50334
1.9404,0.52338
1.9429,0.54342
1.9454,0.56346
1.9479,0.5835
1.9504,0.60354
1.9529,0.62358
1.9555,0.64362
1.958,0.66366
1.9605,0.6837
1.963,0.70374
1.9655,0.72378
NaN,NaN
2.1873,-0.49866
2.1848,-0.47862
2.1823,-0.45858
2.1798,-0.43854
2.1773,-0.4185
2.1748,-0.39846
2.1723,-0.37842
2.1698,-0.35838
2.1673,-0.33834
2.1648,-0.3183
2.1623,-0.29826
2.1598,-0.27822
2.1573,-0.25818
2.1548,-0.23814
2.1523,-0.2181
2.1498,-0.19806
2.1473,-0.17802
2.1447,-0.15798
2.1422,-0.13794
2.1397,-0.1179
2.1372,-0.097862
2.1347,-0.077822
2.1322,-0.057782
2.1297,-0.037742
2.1272,-0.017702
2.1247,0.002338
2.1222,0.022378
2.1197,0.042418
2.1172,0.062458
2.1147,0.082498
2.1122,0.10254
2.1097,0.12258
2.1072,0.14262
2.1047,0.16266
2.1022,0.1827
2.0997,0.20274
2.0972,0.22278
2.0946,0.24282
2.0921,0.26286
2.0896,0.2829
2.0871,0.30294
2.0846,0.32298
2.0821,0.34302
2.0796,0.36306
2.0771,0.3831
2.0746,0.40314
2.0721,0.42318
2.0696,0.44322
2.0671,0.46326
2.0646,0.4833
2.0621,0.50334
2.0596,0.52338
2.0571,0.54342
2.0546,0.56346
2.0521,0.5835
2.0496,0.60354
2.0471,0.62358
2.0445,0.64362
2.042,0.66366
2.0395,0.6837
2.037,0.70374
2.0345,0.72378
2.032,0.74382
2.0295,0.76386
2.027,0.7839
2.0245,0.80394
2.022,0.82398
2.0195,0.84402
NaN,NaN
2.562,-0.49866
2.5545,-0.47862
2.547,-0.45858
2.5395,-0.43854
2.5319,-0.4185
2.5244,-0.39846
2.5169,-0.37842
2.5094,-0.35838
2.5019,-0.33834
2.4944,-0.3183
2.4868,-0.29826
2.4793,-0.27822
2.4718,-0.25818
2.4643,-0.23814
2.4568,-0.2181
2.4493,-0.19806
2.4418,-0.17802
2.4342,-0.15798
2.4267,-0.13794
2.4192,-0.1179
2.4117,-0.097862
2.4042,-0.077822
2.3967,-0.057782
2.3892,-0.037742
2.3816,-0.017702
2.3741,0.002338
2.3666,0.022378
2.3591,0.042418
2.3516,0.062458
2.3441,0.082498
2.3365,0.10254
2.329,0.12258
2.3215,0.14262
2.314,0.16266
2.3065,0.1827
2.299,0.20274
2.2915,0.22278
2.2839,0.24282
2.2764,0.26286
2.2689,0.2829
2.2614,0.30294
2.2539,0.32298
2.2464,0.34302
2.2389,0.36306
2.2313,0.3831
2.2238,0.40314
2.2163,0.42318
2.2088,0.44322
2.2013,0.46326
2.1938,0.4833
2.1862,0.50334
2.1787,0.52338
2.1712,0.54342
2.1637,0.56346
2.1562,0.5835
2.1487,0.60354
2.1412,0.62358
2.1336,0.64362
2.1261,0.66366
2.1186,0.6837
2.1111,0.70374
NaN,NaN
2.9367,-0.49866
2.9241,-0.47862
2.9116,-0.45858
2.8991,-0.43854
2.8866,-0.4185
2.874,-0.39846
2.8615,-0.37842
2.849,-0.35838
2.8365,-0.33834
2.8239,-0.3183
2.8114,-0.29826
2.7989,-0.27822
2.7864,-0.25818
2.7738,-0.23814
2.7613,-0.2181
2.7488,-0.19806
2.7363,-0.17802
2.7237,-0.15798
2.7112,-0.13794
2.6987,-0.1179
2.6862,-0.097862
2.6736,-0.077822
2.6611,-0.057782
2.6486,-0.037742
2.6361,-0.017702
2.6235,0.002338
2.611,0.022378
2.5985,0.042418
2.586,0.062458
2.5734,0.082498
2.5609,0.10254
2.5484,0.12258
2.5359,0.14262
2.5233,0.16266
2.5108,0.1827
2.4983,0.20274
2.4858,0.22278
2.4732,0.24282
2.4607,0.26286
2.4482,0.2829
2.4357,0.30294
2.4231,0.32298
2.4106,0.34302
2.3981,0.36306
2.3856,0.3831
2.373,0.40314
2.3605,0.42318
2.348,0.44322
2.3355,0.46326
2.3229,0.4833
2.3104,0.50334
2.2979,0.52338
2.2854,0.54342
NaN,NaN
3.3113,-0.49866
3.2938,-0.47862
3.2763,-0.45858
3.2587,-0.43854
3.2412,-0.4185
3.2237,-0.39846
3.2061,-0.37842
3.1886,-0.35838
3.1711,-0.33834
3.1535,-0.3183
3.136,-0.29826
3.1184,-0.27822
3.1009,-0.25818
3.0834,-0.23814
3.0658,-0.2181
3.0483,-0.19806
3.0308,-0.17802
3.0132,-0.15798
2.9957,-0.13794
2.9782,-0.1179
2.9606,-0.097862
2.9431,-0.077822
2.9256,-0.057782
2.908,-0.037742
2.8905,-0.017702
2.873,0.002338
2.8554,0.022378
2.8379,0.042418
2.8203,0.062458
2.8028,0.082498
2.7853,0.10254
2.7677,0.12258
2.7502,0.14262
2.7327,0.16266
2.7151,0.1827
2.6976,0.20274
2.6801,0.22278
2.6625,0.24282
2.645,0.26286
2.6275,0.2829
2.6099,0.30294
2.5924,0.32298
2.5749,0.34302
2.5573,0.36306
2.5398,0.3831
2.5223,0.40314
2.5047,0.42318
2.4872,0.44322
2.4696,0.46326
2.4521,0.4833
2.4346,0.50334
2.417,0.52338
2.3995,0.54342
2.382,0.56346
2.3644,0.5835
2.3469,0.60354
2.3294,0.62358
2.3118,0.64362
2.2943,0.66366
2.2768,0.6837
2.2592,0.70374
2.2417,0.72378
2.2242,0.74382
2.2066,0.76386
2.1891,0.7839
2.1716,0.80394
2.154,0.82398
2.1365,0.84402
2.1189,0.86406
NaN,NaN
3.6864,-0.499
3.6663,-0.48118
3.6463,-0.46337
3.6263,-0.44556
3.6062,-0.42774
3.5862,-0.40993
3.5661,-0.39212
3.5461,-0.3743
3.5261,-0.35649
3.506,-0.33868
3.486,-0.32086
3.4659,-0.30305
3.4459,-0.28524
3.4259,-0.26742
3.4058,-0.24961
3.3858,-0.2318
3.3657,-0.21398
3.3457,-0.19617
3.3257,-0.17836
3.3056,-0.16054
3.2856,-0.14273
3.2655,-0.12492
3.2455,-0.1071
3.2255,-0.08929
3.2054,-0.071476
3.1854,-0.053663
3.1653,-0.035849
3.1453,-0.018036
3.1253,-0.00022267
3.1052,0.017591
3.0852,0.035404
3.0651,0.053218
3.0451,0.071031
3.0251,0.088844
3.005,0.10666
2.985,0.12447
2.9649,0.14228
2.9449,0.1601
2.9248,0.17791
2.9048,0.19572
2.8848,0.21354
2.8647,0.23135
2.8447,0.24916
2.8246,0.26698
2.8046,0.28479
2.7846,0.30261
2.7645,0.32042
2.7445,0.33823
2.7244,0.35605
2.7044,0.37386
2.6844,0.39167
2.6643,0.40949
2.6443,0.4273
NaN,NaN
4.4362,-0.4992
4.4162,-0.48687
4.3961,-0.47454
4.3761,-0.46221
4.356,-0.44987
4.336,-0.43754
4.316,-0.42521
4.2959,-0.41288
4.2759,-0.40054
4.2558,-0.38821
4.2358,-0.37588
4.2158,-0.36355
4.1957,-0.35122
4.1757,-0.33888
4.1556,-0.32655
4.1356,-0.31422
4.1156,-0.30189
4.0955,-0.28955
4.0755,-0.27722
4.0554,-0.26489
4.0354,-0.25256
4.0154,-0.24022
3.9953,-0.22789
3.9753,-0.21556
3.9552,-0.20323
3.9352,-0.19089
3.9152,-0.17856
3.8951,-0.16623
3.8751,-0.1539
3.855,-0.14157
3.835,-0.12923
3.815,-0.1169
3.7949,-0.10457
3.7749,-0.092236
3.7548,-0.079903
3.7348,-0.067571
3.7148,-0.055239
3.6947,-0.042906
3.6747,-0.030574
3.6546,-0.018242
3.6346,-0.0059093
3.6146,0.0064231
3.5945,0.018755
3.5745,0.031088
3.5544,0.04342
3.5344,0.055753
3.5144,0.068085
3.4943,0.080417
3.4743,0.09275
3.4542,0.10508
3.4342,0.11741
3.4142,0.12975
3.3941,0.14208
3.3741,0.15441
3.354,0.16674
3.334,0.17908
3.314,0.19141
3.2939,0.20374
3.2739,0.21607
3.2538,0.22841
3.2338,0.24074
3.2138,0.25307
3.1937,0.2654
3.1737,0.27773
3.1536,0.29007
3.1336,0.3024
3.1136,0.31473
3.0935,0.32706
3.0735,0.3394
3.0534,0.35173
3.0334,0.36406
3.0134,0.37639
2.9933,0.38873
2.9733,0.40106
2.9532,0.41339
2.9332,0.42572
2.9132,0.43806
2.8931,0.45039
2.8731,0.46272
2.853,0.47505
2.833,0.48739
2.813,0.49972
2.7929,0.51205
2.7729,0.52438
2.7528,0.53671
2.7328,0.54905
2.7128,0.56138
2.6927,0.57371
2.6727,0.58604
2.6526,0.59838
2.6326,0.61071
2.6126,0.62304
2.5925,0.63537
2.5725,0.64771
2.5524,0.66004
2.5324,0.67237
2.5124,0.6847
2.4923,0.69704
2.4723,0.70937
2.4522,0.7217
2.4322,0.73403
2.4122,0.74636
2.3921,0.7587
2.3721,0.77103
2.352,0.78336
2.332,0.79569
2.312,0.80803
2.2919,0.82036
2.2719,0.83269
2.2518,0.84502
2.2318,0.85736
2.2118,0.86969
NaN,NaN
4.9987,-0.41114
4.9786,-0.40171
4.9586,-0.39227
4.9385,-0.38284
4.9185,-0.37341
4.8985,-0.36398
4.8784,-0.35455
4.8584,-0.34512
4.8383,-0.33569
4.8183,-0.32626
4.7983,-0.31683
4.7782,-0.3074
4.7582,-0.29797
4.7381,-0.28854
4.7181,-0.27911
4.6981,-0.26968
4.678,-0.26025
4.658,-0.25082
4.6379,-0.24138
4.6179,-0.23195
4.5979,-0.22252
4.5778,-0.21309
4.5578,-0.20366
4.5377,-0.19423
4.5177,-0.1848
4.4977,-0.17537
4.4776,-0.16594
4.4576,-0.15651
4.4375,-0.14708
4.4175,-0.13765
4.3975,-0.12822
4.3774,-0.11879
4.3574,-0.10936
4.3373,-0.099925
4.3173,-0.090495
4.2973,-0.081064
4.2772,-0.071633
4.2572,-0.062203
4.2371,-0.052772
4.2171,-0.043342
4.1971,-0.033911
4.177,-0.02448
4.157,-0.01505
4.1369,-0.0056191
4.1169,0.0038115
4.0969,0.013242
4.0768,0.022673
4.0568,0.032103
4.0367,0.041534
4.0167,0.050965
3.9967,0.060395
3.9766,0.069826
3.9566,0.079257
3.9365,0.088687
3.9165,0.098118
3.8965,0.10755
3.8764,0.11698
3.8564,0.12641
3.8363,0.13584
3.8163,0.14527
3.7963,0.1547
3.7762,0.16413
3.7562,0.17356
3.7361,0.18299
3.7161,0.19242
3.6961,0.20185
3.676,0.21129
3.656,0.22072
3.6359,0.23015
3.6159,0.23958
3.5959,0.24901
3.5758,0.25844
3.5558,0.26787
3.5357,0.2773
3.5157,0.28673
3.4957,0.29616
3.4756,0.30559
3.4556,0.31502
3.4355,0.32445
3.4155,0.33388
3.3955,0.34331
3.3754,0.35274
3.3554,0.36218
3.3353,0.37161
3.3153,0.38104
3.2953,0.39047
3.2752,0.3999
3.2552,0.40933
3.2351,0.41876
3.2151,0.42819
3.1951,0.43762
3.175,0.44705
3.155,0.45648
3.1349,0.46591
3.1149,0.47534
3.0949,0.48477
3.0748,0.4942
3.0548,0.50363
3.0347,0.51307
3.0147,0.5225
2.9947,0.53193
2.9746,0.54136
2.9546,0.55079
2.9345,0.56022
2.9145,0.56965
2.8945,0.57908
2.8744,0.58851
2.8544,0.59794
2.8343,0.60737
2.8143,0.6168
NaN,NaN
0.001336,-0.09018
0.021376,-0.079249
0.041416,-0.068318
0.061456,-0.057388
0.081496,-0.046457
0.10154,-0.035526
0.12158,-0.024595
0.14162,-0.013664
0.16166,-0.0027327
0.1817,0.0081982
0.20174,0.019129
0.22178,0.03006
0.24182,0.040991
0.26186,0.051922
0.2819,0.062853
0.30194,0.073784
0.32198,0.084715
0.34202,0.095646
0.36206,0.10658
0.3821,0.11751
0.40214,0.12844
0.42218,0.13937
0.44222,0.1503
0.46226,0.16123
0.4823,0.17216
0.50234,0.18309
0.52238,0.19402
0.54242,0.20496
0.56246,0.21589
0.5825,0.22682
0.60254,0.23775
0.62258,0.24868
0.64262,0.25961
0.66266,0.27054
0.6827,0.28147
0.70274,0.2924
0.72278,0.30333
0.74282,0.31426
0.76286,0.3252
0.7829,0.33613
0.80294,0.34706
0.82298,0.35799
0.84302,0.36892
0.86306,0.37985
0.8831,0.39078
0.90314,0.40171
0.92318,0.41264
0.94322,0.42357
0.96326,0.43451
0.9833,0.44544
1.0033,0.45637
1.0234,0.4673
1.0434,0.47823
1.0635,0.48916
1.0835,0.50009
1.1035,0.51102
1.1236,0.52195
1.1436,0.53288
1.1637,0.54381
1.1837,0.55475
1.2037,0.56568
1.2238,0.57661
1.2438,0.58754
1.2639,0.59847
1.2839,0.6094
1.3039,0.62033
NaN,NaN
4.9987,-0.058352
4.9786,-0.051279
4.9586,-0.044206
4.9385,-0.037133
4.9185,-0.03006
4.8985,-0.022987
4.8784,-0.015914
4.8584,-0.0088412
4.8383,-0.0017682
4.8183,0.0053047
4.7983,0.012378
4.7782,0.019451
4.7582,0.026524
4.7381,0.033597
4.7181,0.04067
4.6981,0.047743
4.678,0.054816
4.658,0.061888
4.6379,0.068961
4.6179,0.076034
4.5979,0.083107
4.5778,0.09018
4.5578,0.097253
4.5377,0.10433
4.5177,0.1114
4.4977,0.11847
4.4776,0.12555
4.4576,0.13262
4.4375,0.13969
4.4175,0.14676
4.3975,0.15384
4.3774,0.16091
4.3574,0.16798
4.3373,0.17506
4.3173,0.18213
4.2973,0.1892
4.2772,0.19627
4.2572,0.20335
4.2371,0.21042
4.2171,0.21749
4.1971,0.22457
4.177,0.23164
4.157,0.23871
4.1369,0.24579
4.1169,0.25286
4.0969,0.25993
4.0768,0.267
4.0568,0.27408
4.0367,0.28115
4.0167,0.28822
3.9967,0.2953
3.9766,0.30237
3.9566,0.30944
3.9365,0.31652
3.9165,0.32359
3.8965,0.33066
3.8764,0.33773
3.8564,0.34481
3.8363,0.35188
3.8163,0.35895
3.7963,0.36603
3.7762,0.3731
3.7562,0.38017
3.7361,0.38725
3.7161,0.39432
3.6961,0.40139
3.676,0.40846
3.656,0.41554
3.6359,0.42261
3.6159,0.42968
3.5959,0.43676
3.5758,0.44383
3.5558,0.4509
3.5357,0.45797
3.5157,0.46505
3.4957,0.47212
3.4756,0.47919
3.4556,0.48627
3.4355,0.49334
3.4155,0.50041
3.3955,0.50749
3.3754,0.51456
3.3554,0.52163
3.3353,0.5287
3.3153,0.53578
3.2953,0.54285
3.2752,0.54992
3.2552,0.557
3.2351,0.56407
3.2151,0.57114
3.1951,0.57822
3.175,0.58529
3.155,0.59236
3.1349,0.59943
3.1149,0.60651
3.0949,0.61358
3.0748,0.62065
3.0548,0.62773
3.0347,0.6348
3.0147,0.64187
2.9947,0.64894
2.9746,0.65602
2.9546,0.66309
2.9345,0.67016
2.9145,0.67724
2.8945,0.68431
2.8744,0.69138
2.8544,0.69846
2.8343,0.70553
2.8143,0.7126
2.7943,0.71967
2.7742,0.72675
2.7542,0.73382
2.7341,0.74089
2.7141,0.74797
2.6941,0.75504
2.674,0.76211
2.654,0.76919
2.6339,0.77626
2.6139,0.78333
2.5939,0.7904
2.5738,0.79748
2.5538,0.80455
2.5337,0.81162
2.5137,0.8187
2.4937,0.82577
2.4736,0.83284
2.4536,0.83992
2.4335,0.84699
2.4135,0.85406
2.3935,0.86113
2.3734,0.86821
NaN,NaN
0.001336,0.39947
0.021376,0.39145
0.041416,0.38343
0.061456,0.37542
0.081496,0.3674
0.10154,0.35939
0.12158,0.35137
0.14162,0.34335
0.16166,0.33534
0.1817,0.32732
0.20174,0.31931
0.22178,0.31129
0.24182,0.30327
0.26186,0.29526
0.2819,0.28727
NaN,NaN
4.9987,0.29443
4.9786,0.29915
4.9586,0.30386
4.9385,0.30858
4.9185,0.31329
4.8985,0.31801
4.8784,0.32272
4.8584,0.32744
4.8383,0.33215
4.8183,0.33687
4.7983,0.34159
4.7782,0.3463
4.7582,0.35102
4.7381,0.35573
4.7181,0.36045
4.6981,0.36516
4.678,0.36988
4.658,0.37459
4.6379,0.37931
4.6179,0.38402
4.5979,0.38874
4.5778,0.39345
4.5578,0.39817
4.5377,0.40288
4.5177,0.4076
4.4977,0.41231
4.4776,0.41703
4.4576,0.42175
4.4375,0.42646
4.4175,0.43118
4.3975,0.43589
4.3774,0.44061
4.3574,0.44532
4.3373,0.45004
4.3173,0.45475
4.2973,0.45947
4.2772,0.46418
4.2572,0.4689
4.2371,0.47361
4.2171,0.47833
4.1971,0.48304
4.177,0.48776
4.157,0.49248
4.1369,0.49719
4.1169,0.50191
4.0969,0.50662
4.0768,0.51134
4.0568,0.51605
4.0367,0.52077
4.0167,0.52548
3.9967,0.5302
3.9766,0.53491
3.9566,0.53963
3.9365,0.54434
3.9165,0.54906
3.8965,0.55377
3.8764,0.55849
3.8564,0.5632
3.8363,0.56792
3.8163,0.57264
3.7963,0.57735
3.7762,0.58207
3.7562,0.58678
3.7361,0.5915
3.7161,0.59621
3.6961,0.60093
3.676,0.60564
3.656,0.61036
3.6359,0.61507
3.6159,0.61979
3.5959,0.6245
3.5758,0.62922
3.5558,0.63393
3.5357,0.63865
3.5157,0.64337
3.4957,0.64808
3.4756,0.6528
3.4556,0.65751
3.4355,0.66223
3.4155,0.66694
3.3955,0.67166
3.3754,0.67637
3.3554,0.68109
3.3353,0.6858
3.3153,0.69052
3.2953,0.69523
3.2752,0.69995
3.2552,0.70466
3.2351,0.70938
3.2151,0.71409
3.1951,0.71881
3.175,0.72353
3.155,0.72824
3.1349,0.73296
3.1149,0.73767
3.0949,0.74239
3.0748,0.7471
3.0548,0.75182
3.0347,0.75653
3.0147,0.76125
2.9947,0.76596
2.9746,0.77068
2.9546,0.77539
2.9345,0.78011
2.9145,0.78482
2.8945,0.78954
2.8744,0.79426
2.8544,0.79897
2.8343,0.80369
2.8143,0.8084
NaN,NaN
0.001336,0.79893
0.021376,0.7829
0.041416,0.76687
0.061456,0.75084
0.081496,0.7348
0.10154,0.71877
0.12158,0.70274
0.14162,0.68671
0.16166,0.67067
0.1817,0.65464
0.20174,0.63861
0.22178,0.62258
0.24182,0.60655
0.26186,0.59051
0.2819,0.57448
0.30194,0.55845
0.32198,0.54242
0.34202,0.52639
0.36206,0.51035
0.3821,0.49432
0.40214,0.47829
0.42218,0.46226
0.44222,0.44628
0.46226,0.44808
0.4823,0.45527
0.50234,0.46247
0.52238,0.46966
0.54242,0.47685
0.56246,0.48404
0.5825,0.49124
0.60254,0.49843
0.62258,0.50562
0.64262,0.51281
0.66266,0.52001
0.6827,0.5272
0.70274,0.53439
0.72278,0.54158
0.74282,0.54878
0.76286,0.55597
0.7829,0.56316
0.80294,0.57036
0.82298,0.57755
0.84302,0.58474
0.86306,0.59193
0.8831,0.59913
0.90314,0.60632
0.92318,0.61351
0.94322,0.6207
0.96326,0.6279
0.9833,0.63509
1.0033,0.64228
1.0234,0.64948
1.0434,0.65667
1.0635,0.66386
1.0835,0.67105
1.1035,0.67825
1.1236,0.68544
1.1436,0.69263
1.1637,0.69982
1.1837,0.70702
1.2037,0.71421
1.2238,0.7214
1.2438,0.7286
1.2639,0.73579
1.2839,0.74298
1.3039,0.75017
1.324,0.75737
1.344,0.76456
1.3641,0.77175
1.3841,0.77894
1.4041,0.78614
1.4242,0.79333
1.4442,0.80052
1.4643,0.80772
1.4843,0.81491
1.5043,0.8221
1.5244,0.82929
1.5444,0.83649
1.5645,0.84368
1.5845,0.85087
1.6045,0.85806
1.6246,0.86526
1.6446,0.87245
1.6647,0.87964
NaN,NaN
4.998,0.60027
4.978,0.60294
4.9579,0.60561
4.9379,0.60828
4.9178,0.61096
4.8978,0.61363
4.8778,0.6163
4.8577,0.61897
4.8377,0.62164
4.8176,0.62432
4.7976,0.62699
4.7776,0.62966
4.7575,0.63233
4.7375,0.635
4.7174,0.63768
4.6974,0.64035
4.6774,0.64302
4.6573,0.64569
4.6373,0.64836
4.6172,0.65104
4.5972,0.65371
4.5772,0.65638
4.5571,0.65905
4.5371,0.66172
4.517,0.6644
4.497,0.66707
4.477,0.66974
4.4569,0.67241
4.4369,0.67508
4.4168,0.67776
4.3968,0.68043
4.3768,0.6831
4.3567,0.68577
4.3367,0.68844
4.3166,0.69112
4.2966,0.69379
4.2766,0.69646
4.2565,0.69913
4.2365,0.7018
4.2164,0.70448
4.1964,0.70715
4.1764,0.70982
4.1563,0.71249
4.1363,0.71516
4.1162,0.71784
4.0962,0.72051
4.0762,0.72318
4.0561,0.72585
4.0361,0.72852
4.016,0.7312
3.996,0.73387
3.976,0.73654
3.9559,0.73921
3.9359,0.74188
3.9158,0.74456
3.8958,0.74723
3.8758,0.7499
3.8557,0.75257
3.8357,0.75524
3.8156,0.75792
3.7956,0.76059
3.7756,0.76326
3.7555,0.76593
3.7355,0.7686
3.7154,0.77128
3.6954,0.77395
3.6754,0.77662
3.6553,0.77929
3.6353,0.78196
3.6152,0.78464
3.5952,0.78731
3.5752,0.78998
3.5551,0.79265
3.5351,0.79532
3.515,0.798
3.495,0.80067
3.4749,0.80334
3.4549,0.80601
3.4349,0.80868
3.4148,0.81136
3.3948,0.81403
3.3747,0.8167
3.3547,0.81937
3.3347,0.82204
3.3146,0.82472
3.2946,0.82739
3.2745,0.83006
3.2545,0.83273
3.2345,0.8354
3.2144,0.83808
3.1944,0.84075
3.1743,0.84342
3.1543,0.84609
3.1343,0.84876
3.1142,0.85144
3.0942,0.85411
3.0741,0.85678
3.0541,0.85945
3.0341,0.86212
3.014,0.8648
2.994,0.86747
2.9739,0.87014
2.9539,0.87281
2.9339,0.87548
2.9138,0.87816
2.8938,0.88083
2.8737,0.8835
2.8537,0.88617
2.8337,0.88884
2.8136,0.89152
2.7936,0.89419
2.7735,0.89686
2.7535,0.89953
2.7335,0.9022
2.7134,0.90488
2.6934,0.90755
2.6733,0.91022
2.6533,0.91289
2.6333,0.91556
2.6132,0.91824
2.5932,0.92091
2.5731,0.92358
2.5531,0.92625
2.5331,0.92892
2.513,0.9316
2.493,0.93427
2.4729,0.93694
2.4529,0.93961
2.4329,0.94228
2.4128,0.94496
2.3928,0.94763
2.3727,0.9503
2.3527,0.95297
2.3327,0.95564
2.3126,0.95832
2.2926,0.96099
2.2725,0.96366
2.2525,0.96633
2.2325,0.969
2.2124,0.97168
2.1924,0.97435
2.1723,0.97702
2.1523,0.97969
2.1323,0.98236
2.1122,0.98504
2.0922,0.98771
2.0721,0.99038
2.0521,0.99305
2.0321,0.99572
NaN,NaN
0.001336,1.1984
0.018036,1.1784
0.034736,1.1583
0.051436,1.1383
0.068136,1.1182
0.084836,1.0982
0.10154,1.0782
0.11824,1.0581
0.13494,1.0381
0.15164,1.018
0.16834,0.998
0.18504,0.97796
0.20174,0.95792
0.21844,0.93788
0.23514,0.91784
0.25184,0.8978
0.26854,0.87776
0.28524,0.85772
0.30194,0.83768
0.31864,0.81764
0.33534,0.7976
0.35204,0.77756
0.36874,0.75752
0.38544,0.73747
0.40214,0.71743
0.41884,0.69739
0.43554,0.67735
0.45224,0.65731
0.46894,0.63727
0.48564,0.61723
0.50234,0.59719
0.51904,0.57715
0.53574,0.55711
NaN,NaN
0.001002,1.998
0.011022,1.978
0.021042,1.9579
0.031062,1.9379
0.041082,1.9178
0.051102,1.8978
0.061122,1.8778
0.071142,1.8577
0.081162,1.8377
0.091182,1.8176
0.1012,1.7976
0.11122,1.7776
0.12124,1.7575
0.13126,1.7375
0.14128,1.7174
0.1513,1.6974
0.16132,1.6774
0.17134,1.6573
0.18136,1.6373
0.19138,1.6172
0.2014,1.5972
0.21142,1.5772
0.22144,1.5571
0.23146,1.5371
0.24148,1.517
0.2515,1.497
0.26152,1.477
0.27154,1.4569
0.28156,1.4369
0.29158,1.4168
0.3016,1.3968
0.31162,1.3768
0.32164,1.3567
0.33166,1.3367
0.34168,1.3166
0.3517,1.2966
0.36172,1.2766
0.37174,1.2565
0.38176,1.2365
0.39178,1.2164
0.4018,1.1964
0.41182,1.1764
0.42184,1.1563
0.43186,1.1363
0.44188,1.1162
0.4519,1.0962
0.46192,1.0762
0.47194,1.0561
0.48196,1.0361
0.49198,1.016
0.502,0.99599
0.51202,0.97595
0.52204,0.95591
0.53206,0.93587
0.54208,0.91583
0.5521,0.89579
0.56212,0.87575
0.57214,0.85571
0.58216,0.83567
0.59218,0.81563
0.6022,0.79559
0.61222,0.77555
0.62224,0.75551
0.63226,0.73547
0.64228,0.71543
0.6523,0.69539
0.66232,0.67535
0.67946,0.66673
0.6995,0.67172
0.71954,0.67678
0.73958,0.68183
0.75962,0.68689
0.77966,0.69195
0.7997,0.69701
0.81974,0.70207
0.83978,0.70713
0.85982,0.71219
0.87986,0.71725
0.8999,0.7223
0.91994,0.72736
0.93998,0.73242
0.96002,0.73748
0.98006,0.74254
1.0001,0.7476
1.0201,0.75266
1.0402,0.75771
1.0602,0.76277
1.0803,0.76783
1.1003,0.77289
1.1203,0.77795
1.1404,0.78301
1.1604,0.78807
1.1805,0.79313
1.2005,0.79818
1.2205,0.80324
NaN,NaN
0.25033,4.498
0.25367,4.478
0.25701,4.4579
0.26035,4.4379
0.26369,4.4178
0.26703,4.3978
0.27037,4.3778
0.27371,4.3577
0.27705,4.3377
0.28039,4.3176
0.28373,4.2976
0.28707,4.2776
0.29041,4.2575
0.29375,4.2375
0.29709,4.2174
0.30043,4.1974
0.30377,4.1774
0.30711,4.1573
0.31045,4.1373
0.31379,4.1172
0.31713,4.0972
0.32047,4.0772
0.32381,4.0571
0.32715,4.0371
0.33049,4.017
0.33383,3.997
0.33717,3.977
0.34051,3.9569
0.34385,3.9369
0.34719,3.9168
0.35053,3.8968
0.35387,3.8768
0.35721,3.8567
0.36055,3.8367
0.36389,3.8166
0.36723,3.7966
0.37057,3.7766
0.37391,3.7565
0.37725,3.7365
0.38059,3.7164
0.38393,3.6964
0.38727,3.6764
0.39061,3.6563
0.39395,3.6363
0.39729,3.6162
0.40063,3.5962
0.40397,3.5762
0.40731,3.5561
0.41065,3.5361
0.41399,3.516
0.41733,3.496
0.42067,3.476
0.42401,3.4559
0.42735,3.4359
0.43069,3.4158
0.43403,3.3958
0.43737,3.3758
0.44071,3.3557
0.44405,3.3357
0.44739,3.3156
0.45073,3.2956
0.45407,3.2756
0.45741,3.2555
0.46075,3.2355
0.46409,3.2154
0.46743,3.1954
0.47077,3.1754
0.47411,3.1553
0.47745,3.1353
0.48079,3.1152
0.48413,3.0952
0.48747,3.0752
0.49081,3.0551
0.49415,3.0351
0.49749,3.015
0.50084,2.995
0.50418,2.9749
0.50752,2.9549
0.51086,2.9349
0.5142,2.9148
0.51754,2.8948
0.52088,2.8747
0.52422,2.8547
0.52756,2.8347
0.5309,2.8146
0.53424,2.7946
0.53758,2.7745
0.54092,2.7545
0.54426,2.7345
0.5476,2.7144
0.55094,2.6944
0.55428,2.6743
0.55762,2.6543
0.56096,2.6343
0.5643,2.6142
0.56764,2.5942
0.57098,2.5741
0.57432,2.5541
0.57766,2.5341
0.581,2.514
0.58434,2.494
0.58768,2.4739
0.59102,2.4539
0.59436,2.4339
0.5977,2.4138
0.60104,2.3938
0.60438,2.3737
0.60772,2.3537
0.61106,2.3337
0.6144,2.3136
0.61774,2.2936
0.62108,2.2735
0.62442,2.2535
0.62776,2.2335
0.6311,2.2134
0.63444,2.1934
0.63778,2.1733
0.64112,2.1533
0.64446,2.1333
0.6478,2.1132
0.65114,2.0932
0.65448,2.0731
0.65782,2.0531
0.66116,2.0331
0.6645,2.013
0.66784,1.993
0.67118,1.9729
0.67452,1.9529
0.67786,1.9329
0.6812,1.9128
0.68454,1.8928
0.68788,1.8727
0.69122,1.8527
0.69456,1.8327
0.6979,1.8126
0.70124,1.7926
0.70458,1.7725
0.70792,1.7525
0.71126,1.7325
0.7146,1.7124
0.71794,1.6924
0.72128,1.6723
0.72462,1.6523
0.72796,1.6323
0.7313,1.6122
0.73464,1.5922
0.73798,1.5721
0.74132,1.5521
0.74466,1.5321
0.748,1.512
0.75134,1.492
0.75468,1.4719
0.75802,1.4519
0.76136,1.4319
0.7647,1.4118
0.76804,1.3918
0.77138,1.3717
0.77472,1.3517
0.77806,1.3317
0.7814,1.3116
0.78474,1.2916
0.78808,1.2715
0.79142,1.2515
0.79476,1.2315
0.7981,1.2114
0.80144,1.1914
0.80478,1.1713
0.80812,1.1513
0.81146,1.1313
0.8148,1.1112
0.81814,1.0912
0.82148,1.0711
0.82482,1.0511
0.82816,1.0311
0.8315,1.011
0.83484,0.99098
0.83818,0.97094
0.84152,0.9509
0.84486,0.93086
0.8482,0.91082
0.85154,0.89078
0.85488,0.87074
0.86478,0.855
0.88482,0.85702
0.90486,0.85959
0.9249,0.86216
0.94494,0.86472
0.96498,0.86729
0.98502,0.86986
1.0051,0.87243
1.0251,0.875
1.0451,0.87757
1.0652,0.88014
1.0852,0.88271
1.1053,0.88528
1.1253,0.88785
1.1453,0.89042
1.1654,0.89299
1.1854,0.89556
1.2055,0.89813
1.2255,0.9007
1.2455,0.90327
1.2656,0.90584
1.2856,0.90841
1.3057,0.91097
1.3257,0.91354
1.3457,0.91611
1.3658,0.91868
1.3858,0.92125
1.4059,0.92382
1.4259,0.92639
1.4459,0.92896
1.466,0.93153
1.486,0.9341
1.5061,0.93667
1.5261,0.93924
1.5461,0.94181
1.5662,0.94438
1.5862,0.94695
1.6063,0.94952
1.6263,0.95209
1.6463,0.95466
1.6664,0.95723
1.6864,0.95979
1.7065,0.96236
1.7265,0.96493
1.7465,0.9675
1.7666,0.97007
1.7866,0.97264
1.8067,0.97521
1.8267,0.97778
NaN,NaN
4.998,1
4.978,1
4.9579,1
4.9379,1
4.9178,1
4.8978,1
4.8778,1
4.8577,1
4.8377,1
4.8176,1
4.7976,1
4.7776,1
4.7575,1
4.7375,1
4.7174,1
4.6974,1
4.6774,1
4.6573,1
4.6373,1
4.6172,1
4.5972,1
4.5772,1
4.5571,1
4.5371,1
4.517,1
4.497,1
4.477,1
4.4569,1
4.4369,1
4.4168,1
4.3968,1
4.3768,1
4.3567,1
4.3367,1
4.3166,1
4.2966,1
4.2766,1
4.2565,1
4.2365,1
4.2164,1
4.1964,1
4.1764,1
4.1563,1
4.1363,1
4.1162,1
4.0962,1
4.0762,1
4.0561,1
4.0361,1
4.016,1
3.996,1
3.976,1
3.9559,1
3.9359,1
3.9158,1
3.8958,1
3.8758,1
3.8557,1
3.8357,1
3.8156,1
3.7956,1
3.7756,1
3.7555,1
3.7355,1
3.7154,1
3.6954,1
3.6754,1
3.6553,1
3.6353,1
3.6152,1
3.5952,1
3.5752,1
3.5551,1
3.5351,1
3.515,1
3.495,1
3.4749,1
3.4549,1
3.4349,1
3.4148,1
3.3948,1
3.3747,1
3.3547,1
3.3347,1
3.3146,1
3.2946,1
3.2745,1
3.2545,1
3.2345,1
3.2144,1
3.1944,1
3.1743,1
3.1543,1
3.1343,1
3.1142,1
3.0942,1
3.0741,1
3.0541,1
3.0341,1
3.014,1
2.994,1
2.9739,1
2.9539,1
2.9339,1
2.9138,1
2.8938,1
2.8737,1
2.8537,1
2.8337,1
2.8136,1
2.7936,1
2.7735,1
2.7535,1
2.7335,1
2.7134,1
2.6934,1
2.6733,1
2.6533,1
2.6333,1
2.6132,1
2.5932,1
2.5731,1
2.5531,1
2.5331,1
2.513,1
2.493,1
2.4729,1
2.4529,1
2.4329,1
2.4128,1
2.3928,1
2.3727,1
2.3527,1
2.3327,1
2.3126,1
2.2926,1
2.2725,1
2.2525,1
2.2325,1
2.2124,1
2.1924,1
2.1723,1
2.1523,1
2.1323,1
2.1122,1
NaN,NaN
1.5623,4.4987
1.5598,4.4786
1.5573,4.4586
1.5548,4.4385
1.5523,4.4185
1.5498,4.3985
1.5473,4.3784
1.5448,4.3584
1.5423,4.3383
1.5398,4.3183
1.5373,4.2983
1.5348,4.2782
1.5323,4.2582
1.5298,4.2381
1.5273,4.2181
1.5248,4.1981
1.5223,4.178
1.5197,4.158
1.5172,4.1379
1.5147,4.1179
1.5122,4.0979
1.5097,4.0778
1.5072,4.0578
1.5047,4.0377
1.5022,4.0177
1.4997,3.9977
1.4972,3.9776
1.4947,3.9576
1.4922,3.9375
1.4897,3.9175
1.4872,3.8975
1.4847,3.8774
1.4822,3.8574
1.4797,3.8373
1.4772,3.8173
1.4747,3.7973
1.4722,3.7772
1.4696,3.7572
1.4671,3.7371
1.4646,3.7171
1.4621,3.6971
1.4596,3.677
1.4571,3.657
1.4546,3.6369
1.4521,3.6169
1.4496,3.5969
1.4471,3.5768
1.4446,3.5568
1.4421,3.5367
1.4396,3.5167
1.4371,3.4967
1.4346,3.4766
1.4321,3.4566
1.4296,3.4365
1.4271,3.4165
1.4246,3.3965
1.4221,3.3764
1.4195,3.3564
1.417,3.3363
1.4145,3.3163
1.412,3.2963
1.4095,3.2762
1.407,3.2562
1.4045,3.2361
1.402,3.2161
1.3995,3.1961
1.397,3.176
1.3945,3.156
1.392,3.1359
1.3895,3.1159
1.387,3.0959
1.3845,3.0758
1.382,3.0558
1.3795,3.0357
1.377,3.0157
1.3745,2.9957
1.372,2.9756
1.3694,2.9556
1.3669,2.9355
1.3644,2.9155
1.3619,2.8955
1.3594,2.8754
1.3569,2.8554
1.3544,2.8353
1.3519,2.8153
1.3494,2.7953
1.3469,2.7752
1.3444,2.7552
1.3419,2.7351
1.3394,2.7151
1.3369,2.6951
1.3344,2.675
1.3319,2.655
1.3294,2.6349
1.3269,2.6149
1.3244,2.5949
1.3219,2.5748
1.3193,2.5548
1.3168,2.5347
1.3143,2.5147
1.3118,2.4947
1.3093,2.4746
1.3068,2.4546
1.3043,2.4345
1.3018,2.4145
1.2993,2.3945
1.2968,2.3744
1.2943,2.3544
1.2918,2.3343
1.2893,2.3143
1.2868,2.2943
1.2843,2.2742
1.2818,2.2542
1.2793,2.2341
1.2768,2.2141
1.2743,2.1941
1.2718,2.174
1.2692,2.154
1.2667,2.1339
1.2642,2.1139
1.2617,2.0939
1.2592,2.0738
1.2567,2.0538
1.2542,2.0337
1.2517,2.0137
1.2492,1.9937
1.2467,1.9736
1.2442,1.9536
1.2417,1.9335
1.2392,1.9135
1.2367,1.8935
1.2342,1.8734
1.2317,1.8534
1.2292,1.8333
1.2267,1.8133
1.2242,1.7933
1.2217,1.7732
1.2191,1.7532
1.2166,1.7331
1.2141,1.7131
1.2116,1.6931
1.2091,1.673
1.2066,1.653
1.2041,1.6329
1.2016,1.6129
1.1991,1.5929
1.1966,1.5728
1.1941,1.5528
1.1916,1.5327
1.1891,1.5127
1.1866,1.4927
1.1841,1.4726
1.1816,1.4526
1.1791,1.4325
1.1766,1.4125
1.1741,1.3925
1.1716,1.3724
1.169,1.3524
1.1665,1.3323
1.164,1.3123
1.1615,1.2923
1.159,1.2722
1.1565,1.2522
1.154,1.2321
1.1515,1.2121
1.149,1.1921
1.1465,1.172
1.144,1.152
1.1507,1.135
1.1708,1.1318
1.1908,1.1286
1.2109,1.1254
1.2309,1.1222
1.2509,1.1191
1.271,1.1159
1.291,1.1127
1.3111,1.1095
1.3311,1.1063
1.3512,1.1031
1.3712,1.0999
1.3912,1.0968
1.4113,1.0936
1.4313,1.0904
1.4514,1.0872
1.4714,1.084
1.4914,1.0808
1.5115,1.0776
1.5315,1.0745
1.5516,1.0713
1.5716,1.0681
1.5916,1.0649
1.6117,1.0617
1.6317,1.0585
1.6518,1.0554
1.6718,1.0522
1.6918,1.049
1.7119,1.0458
1.7319,1.0426
1.752,1.0394
1.772,1.0362
1.792,1.0331
1.8121,1.0299
1.8321,1.0267
1.8522,1.0235
1.8722,1.0203
1.8922,1.0171
1.9123,1.0139
NaN,NaN
2.2942,4.4989
2.2885,4.4788
2.2827,4.4588
2.2769,4.4387
2.2712,4.4187
2.2654,4.3987
2.2596,4.3786
2.2539,4.3586
2.2481,4.3385
2.2423,4.3185
2.2366,4.2985
2.2308,4.2784
2.2251,4.2584
2.2193,4.2383
2.2135,4.2183
2.2078,4.1983
2.202,4.1782
2.1962,4.1582
2.1905,4.1381
2.1847,4.1181
2.1789,4.0981
2.1732,4.078
2.1674,4.058
2.1616,4.0379
2.1559,4.0179
2.1501,3.9979
2.1443,3.9778
2.1386,3.9578
2.1328,3.9377
2.127,3.9177
2.1213,3.8977
2.1155,3.8776
2.1097,3.8576
2.104,3.8375
2.0982,3.8175
2.0925,3.7975
2.0867,3.7774
2.0809,3.7574
2.0752,3.7373
2.0694,3.7173
2.0636,3.6973
2.0579,3.6772
2.0521,3.6572
2.0463,3.6371
2.0406,3.6171
2.0348,3.5971
2.029,3.577
2.0233,3.557
2.0175,3.5369
2.0117,3.5169
2.006,3.4969
2.0002,3.4768
1.9944,3.4568
1.9887,3.4367
1.9829,3.4167
1.9772,3.3967
1.9714,3.3766
1.9656,3.3566
1.9599,3.3365
1.9541,3.3165
1.9483,3.2965
1.9426,3.2764
1.9368,3.2564
1.931,3.2363
1.9253,3.2163
1.9195,3.1963
1.9137,3.1762
1.908,3.1562
1.9022,3.1361
1.8964,3.1161
1.8907,3.0961
1.8849,3.076
1.8791,3.056
1.8734,3.0359
1.8676,3.0159
1.8618,2.9959
1.8561,2.9758
1.8503,2.9558
1.8446,2.9357
1.8388,2.9157
1.833,2.8957
1.8273,2.8756
1.8215,2.8556
1.8157,2.8355
1.81,2.8155
1.8042,2.7955
1.7984,2.7754
1.7927,2.7554
1.7869,2.7353
1.7811,2.7153
1.7754,2.6953
1.7696,2.6752
1.7638,2.6552
1.7581,2.6351
1.7523,2.6151
1.7465,2.5951
1.7408,2.575
1.735,2.555
1.7293,2.5349
1.7235,2.5149
1.7177,2.4949
1.712,2.4748
1.7062,2.4548
1.7004,2.4347
1.6947,2.4147
1.6889,2.3947
1.6831,2.3746
1.6774,2.3546
1.6716,2.3345
1.6658,2.3145
1.6601,2.2945
1.6543,2.2744
1.6485,2.2544
1.6428,2.2343
1.637,2.2143
1.6312,2.1943
1.6255,2.1742
1.6197,2.1542
1.6139,2.1341
1.6082,2.1141
1.6024,2.0941
1.5967,2.074
1.5909,2.054
1.5851,2.0339
1.5794,2.0139
1.5736,1.9939
1.5678,1.9738
1.5621,1.9538
1.5563,1.9337
1.5505,1.9137
1.5448,1.8937
1.539,1.8736
1.5332,1.8536
1.5275,1.8335
1.5217,1.8135
1.5159,1.7935
1.5102,1.7734
1.5044,1.7534
1.4986,1.7333
1.4929,1.7133
1.4871,1.6933
1.4813,1.6732
1.4756,1.6532
1.4698,1.6331
1.4641,1.6131
1.4583,1.5931
1.4525,1.573
1.4468,1.553
1.441,1.5329
1.4352,1.5129
1.4295,1.4929
1.4237,1.4728
1.4179,1.4528
1.4122,1.4327
1.4064,1.4127
1.4098,1.3935
1.4299,1.3801
1.4499,1.3667
1.4699,1.3534
1.49,1.34
1.51,1.3267
1.5301,1.3133
1.5501,1.2999
1.5701,1.2866
1.5902,1.2732
1.6102,1.2599
1.6303,1.2465
1.6503,1.2331
1.6703,1.2198
1.6904,1.2064
1.7104,1.1931
1.7305,1.1797
1.7505,1.1663
1.7705,1.153
1.7906,1.1396
1.8106,1.1263
1.8307,1.1129
1.8507,1.0995
1.8707,1.0862
NaN,NaN
4.001,4.4987
3.9876,4.4786
3.9743,4.4586
3.9609,4.4385
3.9475,4.4185
3.9342,4.3985
3.9208,4.3784
3.9074,4.3584
3.8941,4.3383
3.8807,4.3183
3.8673,4.2983
3.854,4.2782
3.8406,4.2582
3.8272,4.2381
3.8139,4.2181
3.8005,4.1981
3.7871,4.178
3.7737,4.158
3.7604,4.1379
3.747,4.1179
3.7336,4.0979
3.7203,4.0778
3.7069,4.0578
3.6935,4.0377
3.6802,4.0177
3.6668,3.9977
3.6534,3.9776
3.6401,3.9576
3.6267,3.9375
3.6133,3.9175
3.6,3.8975
3.5866,3.8774
3.5732,3.8574
3.5599,3.8373
3.5465,3.8173
3.5331,3.7973
3.5197,3.7772
3.5064,3.7572
3.493,3.7371
3.4796,3.7171
3.4663,3.6971
3.4529,3.677
3.4395,3.657
3.4262,3.6369
3.4128,3.6169
3.3994,3.5969
3.3861,3.5768
3.3727,3.5568
3.3593,3.5367
3.346,3.5167
3.3326,3.4967
3.3192,3.4766
3.3058,3.4566
3.2925,3.4365
3.2791,3.4165
3.2657,3.3965
3.2524,3.3764
3.239,3.3564
3.2256,3.3363
3.2123,3.3163
3.1989,3.2963
3.1855,3.2762
3.1722,3.2562
3.1588,3.2361
3.1454,3.2161
3.1321,3.1961
3.1187,3.176
3.1053,3.156
3.092,3.1359
3.0786,3.1159
3.0652,3.0959
3.0518,3.0758
3.0385,3.0558
3.0251,3.0357
3.0118,3.0157
2.999,2.9957
2.9878,2.9756
2.9778,2.9556
2.9678,2.9355
2.9577,2.9155
2.9477,2.8955
2.9377,2.8754
2.9277,2.8554
2.9177,2.8353
2.9076,2.8153
2.8976,2.7953
2.8876,2.7752
2.8776,2.7552
2.8676,2.7351
2.8575,2.7151
2.8475,2.6951
2.8375,2.675
2.8275,2.655
2.8175,2.6349
2.8074,2.6149
2.7974,2.5949
2.7874,2.5748
2.7774,2.5548
2.7674,2.5347
2.7573,2.5147
2.7473,2.4947
2.7373,2.4746
2.7273,2.4546
2.7173,2.4345
2.7072,2.4145
2.6972,2.3945
2.6872,2.3744
2.6772,2.3544
2.6672,2.3343
2.6571,2.3143
2.6471,2.2943
2.6371,2.2742
2.6271,2.2542
2.6171,2.2341
2.607,2.2141
2.597,2.1941
2.587,2.174
2.577,2.154
2.567,2.1339
2.5569,2.1139
2.5469,2.0939
2.5369,2.0738
2.5269,2.0538
2.5169,2.0337
2.5068,2.0137
2.4968,1.9937
2.4868,1.9736
2.4768,1.9536
2.4668,1.9335
2.4567,1.9135
2.4467,1.8935
2.4367,1.8734
2.4267,1.8534
2.4167,1.8333
2.4066,1.8133
2.3966,1.7933
2.3866,1.7732
2.3766,1.7532
2.3666,1.7331
2.3565,1.7131
2.3465,1.6931
2.3365,1.673
2.3265,1.653
2.3165,1.6329
2.3064,1.6129
2.2964,1.5929
2.2864,1.5728
2.2764,1.5528
2.2664,1.5327
2.2563,1.5127
2.2463,1.4927
2.2363,1.4726
2.2263,1.4526
2.2163,1.4325
2.2062,1.4125
2.1962,1.3925
2.1862,1.3724
2.1762,1.3524
2.1662,1.3323
2.1561,1.3123
2.1461,1.2923
2.1361,1.2722
2.1261,1.2522
2.1161,1.2321
2.106,1.2121
2.096,1.1921
2.086,1.172
2.076,1.152
2.066,1.1319
2.0559,1.1119
2.0459,1.0919
NaN,NaN
4.998,2.9987
4.978,2.9853
4.9579,2.9719
4.9379,2.9586
4.9178,2.9452
4.8978,2.9319
4.8778,2.9185
4.8577,2.9051
4.8377,2.8918
4.8176,2.8784
4.7976,2.8651
4.7776,2.8517
4.7575,2.8383
4.7375,2.825
4.7174,2.8116
4.6974,2.7983
4.6774,2.7849
4.6573,2.7715
4.6373,2.7582
4.6172,2.7448
4.5972,2.7315
4.5772,2.7181
4.5571,2.7047
4.5371,2.6914
4.517,2.678
4.497,2.6647
4.477,2.6513
4.4569,2.6379
4.4369,2.6246
4.4168,2.6112
4.3968,2.5979
4.3768,2.5845
4.3567,2.5711
4.3367,2.5578
4.3166,2.5444
4.2966,2.5311
4.2766,2.5177
4.2565,2.5043
4.2365,2.491
4.2164,2.4776
4.1964,2.4643
4.1764,2.4509
4.1563,2.4375
4.1363,2.4242
4.1162,2.4108
4.0962,2.3975
4.0762,2.3841
4.0561,2.3707
4.0361,2.3574
4.016,2.344
3.996,2.3307
3.976,2.3173
3.9559,2.3039
3.9359,2.2906
3.9158,2.2772
3.8958,2.2639
3.8758,2.2505
3.8557,2.2371
3.8357,2.2238
3.8156,2.2104
3.7956,2.1971
3.7756,2.1837
3.7555,2.1703
3.7355,2.157
3.7154,2.1436
3.6954,2.1303
3.6754,2.1169
3.6553,2.1035
3.6353,2.0902
3.6152,2.0768
3.5952,2.0635
3.5752,2.0501
3.5551,2.0367
3.5351,2.0234
3.515,2.01
3.495,1.9967
3.4749,1.9833
3.4549,1.9699
3.4349,1.9566
3.4148,1.9432
3.3948,1.9299
3.3747,1.9165
3.3547,1.9031
3.3347,1.8898
3.3146,1.8764
3.2946,1.8631
3.2745,1.8497
3.2545,1.8363
3.2345,1.823
3.2144,1.8096
3.1944,1.7963
3.1743,1.7829
3.1543,1.7695
3.1343,1.7562
3.1142,1.7428
3.0942,1.7295
3.0741,1.7161
3.0541,1.7027
3.0341,1.6894
3.014,1.676
2.994,1.6627
2.9739,1.6493
2.9539,1.6359
2.9339,1.6226
2.9138,1.6092
2.8938,1.5959
2.8737,1.5825
2.8537,1.5691
2.8337,1.5558
2.8136,1.5424
2.7936,1.5291
2.7735,1.5157
2.7535,1.5023
2.7335,1.489
2.7134,1.4756
2.6934,1.4623
2.6733,1.4489
2.6533,1.4355
2.6333,1.4222
2.6132,1.4088
2.5932,1.3955
2.5731,1.3821
2.5531,1.3687
2.5331,1.3554
2.513,1.342
2.493,1.3287
2.4729,1.3153
2.4529,1.3019
2.4329,1.2886
2.4128,1.2752
2.3928,1.2619
2.3727,1.2485
2.3527,1.2351
2.3327,1.2218
2.3126,1.2084
2.2926,1.1951
2.2725,1.1817
2.2525,1.1683
2.2325,1.155
2.2124,1.1416
2.1924,1.1283
2.1723,1.1149
2.1523,1.1015
2.1323,1.0882
NaN,NaN
4.9983,1.8567
4.9783,1.8509
4.9582,1.8452
4.9382,1.8395
4.9182,1.8338
4.8981,1.828
4.8781,1.8223
4.858,1.8166
4.838,1.8109
4.818,1.8051
4.7979,1.7994
4.7779,1.7937
4.7578,1.788
4.7378,1.7822
4.7178,1.7765
4.6977,1.7708
4.6777,1.7651
4.6576,1.7593
4.6376,1.7536
4.6176,1.7479
4.5975,1.7422
4.5775,1.7364
4.5574,1.7307
4.5374,1.725
4.5174,1.7192
4.4973,1.7135
4.4773,1.7078
4.4572,1.7021
4.4372,1.6963
4.4172,1.6906
4.3971,1.6849
4.3771,1.6792
4.357,1.6734
4.337,1.6677
4.317,1.662
4.2969,1.6563
4.2769,1.6505
4.2568,1.6448
4.2368,1.6391
4.2168,1.6334
4.1967,1.6276
4.1767,1.6219
4.1566,1.6162
4.1366,1.6105
4.1166,1.6047
4.0965,1.599
4.0765,1.5933
4.0564,1.5876
4.0364,1.5818
4.0164,1.5761
3.9963,1.5704
3.9763,1.5647
3.9562,1.5589
3.9362,1.5532
3.9162,1.5475
3.8961,1.5418
3.8761,1.536
3.856,1.5303
3.836,1.5246
3.816,1.5188
3.7959,1.5131
3.7759,1.5074
3.7558,1.5017
3.7358,1.4959
3.7158,1.4902
3.6957,1.4845
3.6757,1.4788
3.6556,1.473
3.6356,1.4673
3.6156,1.4616
3.5955,1.4559
3.5755,1.4501
3.5554,1.4444
3.5354,1.4387
3.5154,1.433
3.4953,1.4272
3.4753,1.4215
3.4552,1.4158
3.4352,1.4101
3.4152,1.4043
3.3951,1.3986
3.3751,1.3929
3.355,1.3872
3.335,1.3814
3.315,1.3757
3.2949,1.37
3.2749,1.3643
3.2548,1.3585
3.2348,1.3528
3.2148,1.3471
3.1947,1.3413
3.1747,1.3356
3.1546,1.3299
3.1346,1.3242
3.1146,1.3184
3.0945,1.3127
3.0745,1.307
3.0544,1.3013
3.0344,1.2955
3.0144,1.2898
2.9943,1.2841
2.9743,1.2784
2.9542,1.2726
2.9342,1.2669
2.9142,1.2612
2.8941,1.2555
2.8741,1.2497
2.854,1.244
2.834,1.2383
2.814,1.2326
2.7939,1.2268
2.7739,1.2211
2.7538,1.2154
2.7338,1.2097
2.7138,1.2039
2.6937,1.1982
2.6737,1.1925
2.6536,1.1868
2.6336,1.181
2.6136,1.1753
2.5935,1.1696
2.5735,1.1639
2.5534,1.1581
2.5334,1.1524
2.5134,1.1467
2.4933,1.1409
2.4733,1.1352
2.4532,1.1295
2.4332,1.1238
2.4132,1.118
2.3931,1.1123
2.3731,1.1066
2.353,1.1009
2.333,1.0951
2.313,1.0894
2.2929,1.0837
NaN,NaN
4.9983,1.4613
4.9783,1.4582
4.9582,1.4551
4.9382,1.452
4.9182,1.4489
4.8981,1.4459
4.8781,1.4428
4.858,1.4397
4.838,1.4366
4.818,1.4335
4.7979,1.4305
4.7779,1.4274
4.7578,1.4243
4.7378,1.4212
4.7178,1.4181
4.6977,1.415
4.6777,1.412
4.6576,1.4089
4.6376,1.4058
4.6176,1.4027
4.5975,1.3996
4.5775,1.3965
4.5574,1.3935
4.5374,1.3904
4.5174,1.3873
4.4973,1.3842
4.4773,1.3811
4.4572,1.378
4.4372,1.375
4.4172,1.3719
4.3971,1.3688
4.3771,1.3657
4.357,1.3626
4.337,1.3595
4.317,1.3565
4.2969,1.3534
4.2769,1.3503
4.2568,1.3472
4.2368,1.3441
4.2168,1.341
4.1967,1.338
4.1767,1.3349
4.1566,1.3318
4.1366,1.3287
4.1166,1.3256
4.0965,1.3225
4.0765,1.3195
4.0564,1.3164
4.0364,1.3133
4.0164,1.3102
3.9963,1.3071
3.9763,1.304
3.9562,1.301
3.9362,1.2979
3.9162,1.2948
3.8961,1.2917
3.8761,1.2886
3.856,1.2855
3.836,1.2825
3.816,1.2794
3.7959,1.2763
3.7759,1.2732
3.7558,1.2701
3.7358,1.267
3.7158,1.264
3.6957,1.2609
3.6757,1.2578
3.6556,1.2547
3.6356,1.2516
3.6156,1.2485
3.5955,1.2455
3.5755,1.2424
3.5554,1.2393
3.5354,1.2362
3.5154,1.2331
3.4953,1.23
3.4753,1.227
3.4552,1.2239
3.4352,1.2208
3.4152,1.2177
3.3951,1.2146
3.3751,1.2116
3.355,1.2085
3.335,1.2054
3.315,1.2023
3.2949,1.1992
3.2749,1.1961
3.2548,1.1931
3.2348,1.19
3.2148,1.1869
3.1947,1.1838
3.1747,1.1807
3.1546,1.1776
3.1346,1.1746
3.1146,1.1715
3.0945,1.1684
3.0745,1.1653
3.0544,1.1622
3.0344,1.1591
3.0144,1.1561
2.9943,1.153
2.9743,1.1499
2.9542,1.1468
2.9342,1.1437
2.9142,1.1406
2.8941,1.1376
2.8741,1.1345
2.854,1.1314
2.834,1.1283
2.814,1.1252
2.7939,1.1221
2.7739,1.1191
2.7538,1.116
2.7338,1.1129
2.7138,1.1098
2.6937,1.1067
2.6737,1.1036
2.6536,1.1006
2.6336,1.0975
NaN,NaN
0.0004008,3.332
0.0064128,3.312
0.012425,3.2919
0.018437,3.2719
0.024449,3.2518
0.030461,3.2318
0.036473,3.2118
0.042485,3.1917
0.048497,3.1717
0.054509,3.1516
0.060521,3.1316
0.066533,3.1116
0.072545,3.0915
0.078557,3.0715
0.084569,3.0514
0.090581,3.0314
0.096593,3.0114
0.10261,2.9913
0.10862,2.9713
0.11463,2.9512
0.12064,2.9312
0.12665,2.9112
0.13267,2.8911
0.13868,2.8711
0.14469,2.851
0.1507,2.831
0.15671,2.811
0.16273,2.7909
0.16874,2.7709
0.17475,2.7508
0.18076,2.7308
0.18677,2.7108
0.19279,2.6907
0.1988,2.6707
0.20481,2.6506
0.21082,2.6306
0.21683,2.6106
0.22285,2.5905
0.22886,2.5705
0.23487,2.5504
0.24088,2.5304
0.24689,2.5104
0.25291,2.4903
0.25892,2.4703
0.26493,2.4502
0.27094,2.4302
0.27695,2.4102
0.28297,2.3901
0.28898,2.3701
0.29499,2.35
0.301,2.33
0.30701,2.31
0.31303,2.2899
0.31904,2.2699
0.32505,2.2498
0.33106,2.2298
0.33707,2.2098
0.34309,2.1897
0.3491,2.1697
0.35511,2.1496
0.36112,2.1296
0.36713,2.1096
0.37315,2.0895
0.37916,2.0695
0.38517,2.0494
0.39118,2.0294
0.39719,2.0094
0.40321,1.9893
0.40922,1.9693
0.41523,1.9492
0.42124,1.9292
0.42725,1.9092
0.43327,1.8891
0.43928,1.8691
0.44529,1.849
0.4513,1.829
0.45731,1.809
0.46333,1.7889
0.46934,1.7689
0.47535,1.7488
0.48136,1.7288
0.48737,1.7088
0.49339,1.6887
0.4994,1.6687
0.50541,1.6486
0.51142,1.6286
0.51743,1.6086
0.52345,1.5885
0.52946,1.5685
0.53547,1.5484
0.54148,1.5284
0.54749,1.5084
0.55351,1.4883
0.55952,1.4683
0.56553,1.4482
0.57154,1.4282
0.57756,1.4081
0.58357,1.3881
0.58958,1.3681
0.59559,1.348
0.6016,1.328
0.60762,1.3079
0.61363,1.2879
0.61964,1.2679
0.62565,1.2478
0.63166,1.2278
0.63768,1.2077
0.64369,1.1877
0.6497,1.1677
0.65571,1.1476
0.66172,1.1276
0.66774,1.1075
0.67375,1.0875
0.67976,1.0675
0.68577,1.0474
0.69178,1.0274
0.6978,1.0073
0.70381,0.98731
0.70982,0.96727
0.71583,0.94723
0.72184,0.92719
0.72786,0.90715
0.73387,0.88711
0.73988,0.86707
0.74589,0.84703
0.7519,0.82699
0.75792,0.80695
0.76393,0.78691
0.77215,0.76753
0.79219,0.76934
0.81223,0.77316
0.83227,0.77699
0.85231,0.78082
0.87235,0.78465
NaN,NaN
3.0039,4.4983
2.995,4.4783
2.9861,4.4582
2.9771,4.4382
2.9682,4.4182
2.9593,4.3981
2.9503,4.3781
2.9414,4.358
2.9325,4.338
2.9236,4.318
2.9146,4.2979
2.9057,4.2779
2.8968,4.2578
2.8878,4.2378
2.8789,4.2178
2.87,4.1977
2.8611,4.1777
2.8521,4.1576
2.8432,4.1376
2.8343,4.1176
2.8254,4.0975
2.8164,4.0775
2.8075,4.0574
2.7986,4.0374
2.7896,4.0174
2.7807,3.9973
2.7718,3.9773
2.7629,3.9572
2.7539,3.9372
2.745,3.9172
2.7361,3.8971
2.7272,3.8771
2.7182,3.857
2.7093,3.837
2.7004,3.817
2.6914,3.7969
2.6825,3.7769
2.6736,3.7568
2.6647,3.7368
2.6557,3.7168
2.6468,3.6967
2.6379,3.6767
2.629,3.6566
2.62,3.6366
2.6111,3.6166
2.6022,3.5965
2.5932,3.5765
2.5843,3.5564
2.5754,3.5364
2.5665,3.5164
2.5575,3.4963
2.5486,3.4763
2.5397,3.4562
2.5308,3.4362
2.5218,3.4162
2.5129,3.3961
2.504,3.3761
2.495,3.356
2.4861,3.336
2.4772,3.316
2.4683,3.2959
2.4593,3.2759
2.4504,3.2558
2.4415,3.2358
2.4326,3.2158
2.4236,3.1957
2.4147,3.1757
2.4058,3.1556
2.3968,3.1356
2.3879,3.1156
2.379,3.0955
2.3701,3.0755
2.3611,3.0554
2.3522,3.0354
2.3433,3.0154
2.3343,2.9953
2.3254,2.9753
2.3165,2.9552
2.3076,2.9352
2.2986,2.9152
2.2897,2.8951
2.2808,2.8751
2.2719,2.855
2.2629,2.835
2.254,2.815
2.2451,2.7949
2.2361,2.7749
2.2272,2.7548
2.2183,2.7348
2.2094,2.7148
2.2004,2.6947
2.1915,2.6747
2.1826,2.6546
2.1737,2.6346
2.1647,2.6146
2.1558,2.5945
2.1469,2.5745
2.1379,2.5544
2.129,2.5344
2.1201,2.5144
2.1112,2.4943
2.1022,2.4743
2.0933,2.4542
2.0844,2.4342
2.0755,2.4142
2.0665,2.3941
2.0576,2.3741
2.0487,2.354
2.0397,2.334
2.0308,2.314
2.0219,2.2939
2.013,2.2739
2.004,2.2538
1.9951,2.2338
1.9862,2.2138
1.9773,2.1937
1.9683,2.1737
1.9594,2.1536
1.9505,2.1336
1.9415,2.1136
1.9326,2.0935
1.9237,2.0735
1.9148,2.0534
1.9058,2.0334
1.8969,2.0134
1.888,1.9933
1.8791,1.9733
1.8701,1.9532
1.8612,1.9332
1.8523,1.9132
1.8433,1.8931
1.8344,1.8731
1.8255,1.853
1.8166,1.833
1.8077,1.813
1.8022,1.7929
1.8068,1.7729
1.8118,1.7528
1.8168,1.7328
1.8218,1.7128
1.8268,1.6927
1.8318,1.6727
1.8368,1.6526
1.8419,1.6326
1.8469,1.6126
1.8519,1.5925
1.8569,1.5725
1.8619,1.5524
1.8669,1.5324
1.8719,1.5124
1.8769,1.4923
1.8819,1.4723
1.8869,1.4522
1.892,1.4322
1.897,1.4122
1.902,1.3921
1.907,1.3721
1.912,1.352
1.917,1.332
1.922,1.312
1.927,1.2919
1.932,1.2719
1.937,1.2518
1.9421,1.2318
1.9471,1.2118
1.9521,1.1917
1.9571,1.1717
1.9621,1.1516
1.9671,1.1316
1.9721,1.1116
1.9771,1.0915
NaN,NaN
4.998,2.3324
4.978,2.3235
4.9579,2.3146
4.9379,2.3057
4.9178,2.2968
4.8978,2.2879
4.8778,2.279
4.8577,2.2701
4.8377,2.2612
4.8176,2.2523
4.7976,2.2434
4.7776,2.2345
4.7575,2.2256
4.7375,2.2167
4.7174,2.2077
4.6974,2.1988
4.6774,2.1899
4.6573,2.181
4.6373,2.1721
4.6172,2.1632
4.5972,2.1543
4.5772,2.1454
4.5571,2.1365
4.5371,2.1276
4.517,2.1187
4.497,2.1098
4.477,2.1009
4.4569,2.092
4.4369,2.0831
4.4168,2.0741
4.3968,2.0652
4.3768,2.0563
4.3567,2.0474
4.3367,2.0385
4.3166,2.0296
4.2966,2.0207
4.2766,2.0118
4.2565,2.0029
4.2365,1.994
4.2164,1.9851
4.1964,1.9762
4.1764,1.9673
4.1563,1.9584
4.1363,1.9495
4.1162,1.9405
4.0962,1.9316
4.0762,1.9227
4.0561,1.9138
4.0361,1.9049
4.016,1.896
3.996,1.8871
3.976,1.8782
3.9559,1.8693
3.9359,1.8604
3.9158,1.8515
3.8958,1.8426
3.8758,1.8337
3.8557,1.8248
3.8357,1.8159
3.8156,1.8069
3.7956,1.798
3.7756,1.7891
3.7555,1.7802
3.7355,1.7713
3.7154,1.7624
3.6954,1.7535
3.6754,1.7446
3.6553,1.7357
3.6353,1.7268
3.6152,1.7179
3.5952,1.709
3.5752,1.7001
3.5551,1.6912
3.5351,1.6823
3.515,1.6733
3.495,1.6644
3.4749,1.6555
3.4549,1.6466
3.4349,1.6377
3.4148,1.6288
3.3948,1.6199
3.3747,1.611
3.3547,1.6021
3.3347,1.5932
3.3146,1.5843
3.2946,1.5754
3.2745,1.5665
3.2545,1.5576
3.2345,1.5487
3.2144,1.5397
3.1944,1.5308
3.1743,1.5219
3.1543,1.513
3.1343,1.5041
3.1142,1.4952
3.0942,1.4863
3.0741,1.4774
3.0541,1.4685
3.0341,1.4596
3.014,1.4507
2.994,1.4418
2.9739,1.4329
2.9539,1.424
2.9339,1.4151
2.9138,1.4061
2.8938,1.3972
2.8737,1.3883
2.8537,1.3794
2.8337,1.3705
2.8136,1.3616
2.7936,1.3527
2.7735,1.3438
2.7535,1.3349
2.7335,1.326
2.7134,1.3171
2.6934,1.3082
2.6733,1.2993
2.6533,1.2904
2.6333,1.2815
2.6132,1.2725
2.5932,1.2636
2.5731,1.2547
NaN,NaN
3.457,4.498
3.4461,4.478
3.4351,4.4579
3.4242,4.4379
3.4132,4.4178
3.4023,4.3978
3.3913,4.3778
3.3804,4.3577
3.3694,4.3377
3.3585,4.3176
3.3475,4.2976
3.3366,4.2776
3.3256,4.2575
3.3147,4.2375
3.3037,4.2174
3.2928,4.1974
3.2819,4.1774
3.2709,4.1573
3.26,4.1373
3.249,4.1172
3.2381,4.0972
3.2271,4.0772
3.2162,4.0571
3.2052,4.0371
3.1943,4.017
3.1833,3.997
3.1724,3.977
3.1614,3.9569
3.1505,3.9369
3.1395,3.9168
3.1286,3.8968
3.1177,3.8768
3.1067,3.8567
3.0958,3.8367
3.0848,3.8166
3.0739,3.7966
3.0629,3.7766
3.052,3.7565
3.041,3.7365
3.0301,3.7164
3.0191,3.6964
3.0082,3.6764
2.9972,3.6563
2.9863,3.6363
2.9753,3.6162
2.9644,3.5962
2.9535,3.5762
2.9425,3.5561
2.9316,3.5361
2.9206,3.516
2.9097,3.496
2.8987,3.476
2.8878,3.4559
2.8768,3.4359
2.8659,3.4158
2.8549,3.3958
2.844,3.3758
2.833,3.3557
2.8221,3.3357
2.8111,3.3156
2.8002,3.2956
2.7892,3.2756
2.7783,3.2555
2.7674,3.2355
2.7564,3.2154
2.7455,3.1954
2.7345,3.1754
2.7236,3.1553
2.7126,3.1353
2.7017,3.1152
2.6907,3.0952
2.6798,3.0752
2.6688,3.0551
2.6579,3.0351
2.6469,3.015
2.636,2.995
2.625,2.9749
2.6141,2.9549
2.6032,2.9349
2.5922,2.9148
2.5813,2.8948
2.5703,2.8747
2.5594,2.8547
2.5484,2.8347
2.5375,2.8146
2.5265,2.7946
2.5156,2.7745
2.5046,2.7545
2.4937,2.7345
2.4827,2.7144
2.4718,2.6944
2.4608,2.6743
2.4499,2.6543
2.439,2.6343
2.428,2.6142
2.4171,2.5942
2.4061,2.5741
2.3952,2.5541
2.3842,2.5341
2.3733,2.514
2.3623,2.494
2.3514,2.4739
2.3404,2.4539
2.3295,2.4339
2.3185,2.4138
2.3076,2.3938
2.2966,2.3737
2.2857,2.3537
2.2748,2.3337
2.2638,2.3136
2.2529,2.2936
2.2419,2.2735
2.231,2.2535
2.22,2.2335
2.2091,2.2134
2.1998,2.1934
2.1956,2.1733
2.1922,2.1533
2.1889,2.1333
2.1855,2.1132
2.1822,2.0932
2.1789,2.0731
2.1755,2.0531
2.1722,2.0331
2.1688,2.013
2.1655,1.993
2.1622,1.9729
2.1588,1.9529
2.1555,1.9329
2.1521,1.9128
2.1488,1.8928
2.1455,1.8727
2.1421,1.8527
2.1388,1.8327
2.1354,1.8126
2.1321,1.7926
2.1288,1.7725
2.1254,1.7525
2.1221,1.7325
2.1187,1.7124
2.1154,1.6924
2.1121,1.6723
2.1087,1.6523
2.1054,1.6323
2.102,1.6122
2.0987,1.5922
2.0954,1.5721
2.092,1.5521
2.0887,1.5321
2.0853,1.512
2.082,1.492
2.0787,1.4719
2.0753,1.4519
2.072,1.4319
2.0686,1.4118
2.0653,1.3918
2.062,1.3717
2.0586,1.3517
2.0553,1.3317
2.0519,1.3116
2.0486,1.2916
2.0453,1.2715
NaN,NaN
4.915,4.498
4.8983,4.478
4.8816,4.4579
4.8649,4.4379
4.8482,4.4178
4.8315,4.3978
4.8148,4.3778
4.7981,4.3577
4.7814,4.3377
4.7647,4.3176
4.748,4.2976
4.7313,4.2776
4.7146,4.2575
4.6979,4.2375
4.6812,4.2174
4.6645,4.1974
4.6478,4.1774
4.6311,4.1573
4.6144,4.1373
4.5977,4.1172
4.581,4.0972
4.5643,4.0772
4.5476,4.0571
4.5309,4.0371
4.5142,4.017
4.4975,3.997
4.4808,3.977
4.4641,3.9569
4.4474,3.9369
4.4307,3.9168
4.414,3.8968
4.3973,3.8768
4.3806,3.8567
4.3639,3.8367
4.3472,3.8166
4.3305,3.7966
4.3138,3.7766
4.2971,3.7565
4.2804,3.7365
4.2637,3.7164
4.247,3.6964
4.2303,3.6764
4.2136,3.6563
4.1969,3.6363
4.1802,3.6162
4.1635,3.5962
4.1468,3.5762
4.1301,3.5561
4.1134,3.5361
4.0967,3.516
4.08,3.496
4.0633,3.476
4.0466,3.4559
4.0299,3.4359
4.0132,3.4158
3.9965,3.3958
3.9798,3.3758
3.9631,3.3557
3.9464,3.3357
3.9297,3.3156
3.913,3.2956
3.8963,3.2756
3.8796,3.2555
3.8629,3.2355
3.8462,3.2154
3.8295,3.1954
3.8128,3.1754
3.7961,3.1553
3.7794,3.1353
3.7627,3.1152
3.746,3.0952
3.7293,3.0752
3.7126,3.0551
3.6959,3.0351
3.6792,3.015
3.6625,2.995
3.6458,2.9749
3.6291,2.9549
3.6124,2.9349
3.5957,2.9148
3.579,2.8948
3.5623,2.8747
3.5456,2.8547
3.5289,2.8347
3.5122,2.8146
3.4955,2.7946
3.4788,2.7745
3.4621,2.7545
3.4454,2.7345
3.4287,2.7144
3.412,2.6944
3.3953,2.6743
3.3786,2.6543
3.3619,2.6343
3.3452,2.6142
3.3285,2.5942
3.3118,2.5741
3.2951,2.5541
3.2784,2.5341
3.2617,2.514
3.245,2.494
3.2283,2.4739
3.2116,2.4539
3.1949,2.4339
3.1782,2.4138
3.1615,2.3938
3.1448,2.3737
3.1281,2.3537
3.1114,2.3337
3.0947,2.3136
3.078,2.2936
3.0613,2.2735
3.0446,2.2535
3.0279,2.2335
3.0112,2.2134
2.9945,2.1934
2.9778,2.1733
2.9611,2.1533
2.9444,2.1333
2.9277,2.1132
2.911,2.0932
2.8943,2.0731
2.8776,2.0531
2.8609,2.0331
2.8442,2.013
2.8275,1.993
2.8108,1.9729
2.7941,1.9529
2.7774,1.9329
2.7607,1.9128
2.744,1.8928
2.7273,1.8727
2.7106,1.8527
2.6939,1.8327
2.6772,1.8126
2.6605,1.7926
2.6438,1.7725
2.6271,1.7525
2.6104,1.7325
2.5937,1.7124
2.577,1.6924
2.5603,1.6723
2.5436,1.6523
2.5269,1.6323
2.5102,1.6122
2.4935,1.5922
2.4768,1.5721
2.4601,1.5521
2.4434,1.5321
2.4267,1.512
2.41,1.492
2.3933,1.4719
2.3766,1.4519
2.3599,1.4319
2.3432,1.4118
2.3265,1.3918
2.3098,1.3717
2.2931,1.3517
2.2764,1.3317
2.2597,1.3116
2.243,1.2916
2.2263,1.2715
NaN,NaN
0.67867,4.4987
0.6801,4.4786
0.68153,4.4586
0.68296,4.4385
0.68439,4.4185
0.68582,4.3985
0.68726,4.3784
0.68869,4.3584
0.69012,4.3383
0.69155,4.3183
0.69298,4.2983
0.69441,4.2782
0.69584,4.2582
0.69728,4.2381
0.69871,4.2181
0.70014,4.1981
0.70157,4.178
0.703,4.158
0.70443,4.1379
0.70586,4.1179
0.7073,4.0979
0.70873,4.0778
0.71016,4.0578
0.71159,4.0377
0.71302,4.0177
0.71445,3.9977
0.71588,3.9776
0.71732,3.9576
0.71875,3.9375
0.72018,3.9175
0.72161,3.8975
0.72304,3.8774
0.72447,3.8574
0.7259,3.8373
0.72734,3.8173
0.72877,3.7973
0.7302,3.7772
0.73163,3.7572
0.73306,3.7371
0.73449,3.7171
0.73592,3.6971
0.73736,3.677
0.73879,3.657
0.74022,3.6369
0.74165,3.6169
0.74308,3.5969
0.74451,3.5768
0.74594,3.5568
0.74738,3.5367
0.74881,3.5167
0.75024,3.4967
0.75167,3.4766
0.7531,3.4566
0.75453,3.4365
0.75596,3.4165
0.7574,3.3965
0.75883,3.3764
0.76026,3.3564
0.76169,3.3363
0.76312,3.3163
0.76455,3.2963
0.76598,3.2762
0.76742,3.2562
0.76885,3.2361
0.77028,3.2161
0.77171,3.1961
0.77314,3.176
0.77457,3.156
0.776,3.1359
0.77744,3.1159
0.77887,3.0959
0.7803,3.0758
0.78173,3.0558
0.78316,3.0357
0.78459,3.0157
0.78602,2.9957
0.78746,2.9756
0.78889,2.9556
0.79032,2.9355
0.79175,2.9155
0.79318,2.8955
0.79461,2.8754
0.79604,2.8554
0.79748,2.8353
0.79891,2.8153
0.80034,2.7953
0.80177,2.7752
0.8032,2.7552
0.80463,2.7351
0.80606,2.7151
0.8075,2.6951
0.80893,2.675
0.81036,2.655
0.81179,2.6349
0.81322,2.6149
0.81465,2.5949
0.81608,2.5748
0.81752,2.5548
0.81895,2.5347
0.82038,2.5147
0.82181,2.4947
0.82324,2.4746
0.82467,2.4546
0.8261,2.4345
0.82754,2.4145
0.82897,2.3945
0.8304,2.3744
0.83183,2.3544
0.83326,2.3343
0.83469,2.3143
0.83612,2.2943
0.83756,2.2742
0.83899,2.2542
0.84042,2.2341
0.84185,2.2141
0.84328,2.1941
0.84471,2.174
0.84614,2.154
0.84758,2.1339
0.84901,2.1139
0.85044,2.0939
0.85187,2.0738
0.8533,2.0538
0.85473,2.0337
0.85616,2.0137
0.8576,1.9937
0.85903,1.9736
0.86046,1.9536
0.86189,1.9335
0.86332,1.9135
0.86475,1.8935
0.86618,1.8734
0.86762,1.8534
0.86905,1.8333
0.87048,1.8133
0.87191,1.7933
0.87334,1.7732
0.87477,1.7532
0.8762,1.7331
0.87764,1.7131
0.87907,1.6931
0.8805,1.673
0.88193,1.653
0.88336,1.6329
0.88479,1.6129
0.88622,1.5929
0.88766,1.5728
0.88909,1.5528
0.89052,1.5327
0.89195,1.5127
0.89338,1.4927
0.89481,1.4726
0.89624,1.4526
0.89768,1.4325
0.89911,1.4125
0.90054,1.3925
0.90197,1.3724
0.9034,1.3524
0.90483,1.3323
0.90626,1.3123
0.9077,1.2923
0.90913,1.2722
0.91056,1.2522
0.91199,1.2321
0.91342,1.2121
0.91485,1.1921
0.91628,1.172
0.91772,1.152
0.91915,1.1319
0.92058,1.1119
0.92201,1.0919
0.92344,1.0718
0.92487,1.0518
0.9263,1.0317
0.92774,1.0117
0.92917,0.99165
0.9306,0.97161
0.93203,0.95157
0.93495,0.93153
0.95486,0.9299
0.9749,0.93124
0.99494,0.93258
1.015,0.93393
1.035,0.93527
1.0551,0.93662
1.0751,0.93796
1.0951,0.93931
1.1152,0.94065
1.1352,0.94199
1.1553,0.94334
1.1753,0.94468
1.1953,0.94603
1.2154,0.94737
NaN,NaN
4.998,3.6649
4.978,3.6471
4.9579,3.6293
4.9379,3.6114
4.9178,3.5936
4.8978,3.5758
4.8778,3.558
4.8577,3.5402
4.8377,3.5224
4.8176,3.5046
4.7976,3.4868
4.7776,3.4689
4.7575,3.4511
4.7375,3.4333
4.7174,3.4155
4.6974,3.3977
4.6774,3.3799
4.6573,3.3621
4.6373,3.3442
4.6172,3.3264
4.5972,3.3086
4.5772,3.2908
4.5571,3.273
4.5371,3.2552
4.517,3.2374
4.497,3.2196
4.477,3.2017
4.4569,3.1839
4.4369,3.1661
4.4168,3.1483
4.3968,3.1305
4.3768,3.1127
4.3567,3.0949
4.3367,3.077
4.3166,3.0592
4.2966,3.0414
4.2766,3.0236
4.2565,3.0058
4.2365,2.988
4.2164,2.9702
4.1964,2.9523
4.1764,2.9345
4.1563,2.9167
4.1363,2.8989
4.1162,2.8811
4.0962,2.8633
4.0762,2.8455
4.0561,2.8277
4.0361,2.8098
4.016,2.792
3.996,2.7742
3.976,2.7564
3.9559,2.7386
3.9359,2.7208
3.9158,2.703
3.8958,2.6851
3.8758,2.6673
3.8557,2.6495
3.8357,2.6317
3.8156,2.6139
3.7956,2.5961
3.7756,2.5783
3.7555,2.5605
3.7355,2.5426
3.7154,2.5248
3.6954,2.507
3.6754,2.4892
3.6553,2.4714
3.6353,2.4536
3.6152,2.4358
3.5952,2.4179
3.5752,2.4001
3.5551,2.3823
3.5351,2.3645
3.515,2.3467
3.495,2.3289
3.4749,2.3111
3.4549,2.2933
3.4349,2.2754
3.4148,2.2576
3.3948,2.2398
3.3747,2.222
3.3547,2.2042
3.3347,2.1864
3.3146,2.1686
3.2946,2.1507
3.2745,2.1329
3.2545,2.1151
3.2345,2.0973
3.2144,2.0795
3.1944,2.0617
3.1743,2.0439
3.1543,2.0261
3.1343,2.0082
3.1142,1.9904
3.0942,1.9726
3.0741,1.9548
3.0541,1.937
3.0341,1.9192
3.014,1.9014
2.994,1.8835
2.9739,1.8657
2.9539,1.8479
2.9339,1.8301
2.9138,1.8123
2.8938,1.7945
2.8737,1.7767
2.8537,1.7589
2.8337,1.741
2.8136,1.7232
2.7936,1.7054
2.7735,1.6876
2.7535,1.6698
2.7335,1.652
2.7134,1.6342
2.6934,1.6163
2.6733,1.5985
2.6533,1.5807
2.6333,1.5629
2.6132,1.5451
2.5932,1.5273
2.5731,1.5095
2.5531,1.4916
2.5331,1.4738
2.513,1.456
2.493,1.4382
NaN,NaN
1.2499,4.498
1.2488,4.478
1.2477,4.4579
1.2465,4.4379
1.2454,4.4178
1.2443,4.3978
1.2432,4.3778
1.2421,4.3577
1.241,4.3377
1.2399,4.3176
1.2388,4.2976
1.2376,4.2776
1.2365,4.2575
1.2354,4.2375
1.2343,4.2174
1.2332,4.1974
1.2321,4.1774
1.231,4.1573
1.2298,4.1373
1.2287,4.1172
1.2276,4.0972
1.2265,4.0772
1.2254,4.0571
1.2243,4.0371
1.2232,4.017
1.2221,3.997
1.2209,3.977
1.2198,3.9569
1.2187,3.9369
1.2176,3.9168
1.2165,3.8968
1.2154,3.8768
1.2143,3.8567
1.2131,3.8367
1.212,3.8166
1.2109,3.7966
1.2098,3.7766
1.2087,3.7565
1.2076,3.7365
1.2065,3.7164
1.2054,3.6964
1.2042,3.6764
1.2031,3.6563
1.202,3.6363
1.2009,3.6162
1.1998,3.5962
1.1987,3.5762
1.1976,3.5561
1.1964,3.5361
1.1953,3.516
1.1942,3.496
1.1931,3.476
1.192,3.4559
1.1909,3.4359
1.1898,3.4158
1.1887,3.3958
1.1875,3.3758
1.1864,3.3557
1.1853,3.3357
1.1842,3.3156
1.1831,3.2956
1.182,3.2756
1.1809,3.2555
1.1797,3.2355
1.1786,3.2154
1.1775,3.1954
1.1764,3.1754
1.1753,3.1553
1.1742,3.1353
1.1731,3.1152
1.172,3.0952
1.1708,3.0752
1.1697,3.0551
1.1686,3.0351
1.1675,3.015
1.1664,2.995
1.1653,2.9749
1.1642,2.9549
1.163,2.9349
1.1619,2.9148
1.1608,2.8948
1.1597,2.8747
1.1586,2.8547
1.1575,2.8347
1.1564,2.8146
1.1553,2.7946
1.1541,2.7745
1.153,2.7545
1.1519,2.7345
1.1508,2.7144
1.1497,2.6944
1.1486,2.6743
1.1475,2.6543
1.1463,2.6343
1.1452,2.6142
1.1441,2.5942
1.143,2.5741
1.1419,2.5541
1.1408,2.5341
1.1397,2.514
1.1386,2.494
1.1374,2.4739
1.1363,2.4539
1.1352,2.4339
1.1341,2.4138
1.133,2.3938
1.1319,2.3737
1.1308,2.3537
1.1296,2.3337
1.1285,2.3136
1.1274,2.2936
1.1263,2.2735
1.1252,2.2535
1.1241,2.2335
1.123,2.2134
1.1219,2.1934
1.1207,2.1733
1.1196,2.1533
1.1185,2.1333
1.1174,2.1132
1.1163,2.0932
1.1152,2.0731
1.1141,2.0531
1.1129,2.0331
1.1118,2.013
1.1107,1.993
1.1096,1.9729
1.1085,1.9529
1.1074,1.9329
1.1063,1.9128
1.1052,1.8928
1.104,1.8727
1.1029,1.8527
1.1018,1.8327
1.1007,1.8126
1.0996,1.7926
1.0985,1.7725
1.0974,1.7525
1.0962,1.7325
1.0951,1.7124
1.094,1.6924
1.0929,1.6723
1.0918,1.6523
1.0907,1.6323
1.0896,1.6122
1.0885,1.5922
1.0873,1.5721
1.0862,1.5521
1.0851,1.5321
1.084,1.512
1.0829,1.492
1.0818,1.4719
1.0807,1.4519
1.0795,1.4319
1.0784,1.4118
1.0773,1.3918
1.0762,1.3717
1.0751,1.3517
1.074,1.3317
1.0729,1.3116
1.0718,1.2916
1.0706,1.2715
1.0695,1.2515
1.0684,1.2315
1.0673,1.2114
1.0662,1.1914
1.0651,1.1713
1.064,1.1513
1.0628,1.1313
1.0617,1.1112
1.0606,1.0912
1.0595,1.0711
1.0658,1.0542
1.0858,1.0528
1.1058,1.0516
1.1259,1.0505
1.1459,1.0493
1.166,1.0481
1.186,1.047
1.206,1.0458
1.2261,1.0447
1.2461,1.0435
1.2662,1.0424
1.2862,1.0412
1.3062,1.04
1.3263,1.0389
1.3463,1.0377
1.3664,1.0366
1.3864,1.0354
1.4064,1.0343
1.4265,1.0331
1.4465,1.032
1.4666,1.0308
1.4866,1.0296
NaN,NaN
0.00042509,4.3981
0.0049797,4.3781
0.0095342,4.358
0.014089,4.338
0.018643,4.318
0.023198,4.2979
0.027752,4.2779
0.032307,4.2578
0.036862,4.2378
0.041416,4.2178
0.045971,4.1977
0.050525,4.1777
0.05508,4.1576
0.059634,4.1376
0.064189,4.1176
0.068744,4.0975
0.073298,4.0775
0.077853,4.0574
0.082407,4.0374
0.086962,4.0174
0.091516,3.9973
0.096071,3.9773
0.10063,3.9572
0.10518,3.9372
0.10973,3.9172
0.11429,3.8971
0.11884,3.8771
0.1234,3.857
0.12795,3.837
0.13251,3.817
0.13706,3.7969
0.14162,3.7769
0.14617,3.7568
0.15073,3.7368
0.15528,3.7168
0.15983,3.6967
0.16439,3.6767
0.16894,3.6566
0.1735,3.6366
0.17805,3.6166
0.18261,3.5965
0.18716,3.5765
0.19172,3.5564
0.19627,3.5364
0.20083,3.5164
0.20538,3.4963
0.20994,3.4763
0.21449,3.4562
0.21904,3.4362
0.2236,3.4162
0.22815,3.3961
0.23271,3.3761
0.23726,3.356
0.24182,3.336
0.24637,3.316
0.25093,3.2959
0.25548,3.2759
0.26004,3.2558
0.26459,3.2358
0.26914,3.2158
0.2737,3.1957
0.27825,3.1757
0.28281,3.1556
0.28736,3.1356
0.29192,3.1156
0.29647,3.0955
0.30103,3.0755
0.30558,3.0554
0.31014,3.0354
0.31469,3.0154
0.31924,2.9953
0.3238,2.9753
0.32835,2.9552
0.33291,2.9352
0.33746,2.9152
0.34202,2.8951
0.34657,2.8751
0.35113,2.855
0.35568,2.835
0.36024,2.815
0.36479,2.7949
0.36934,2.7749
0.3739,2.7548
0.37845,2.7348
0.38301,2.7148
0.38756,2.6947
0.39212,2.6747
0.39667,2.6546
0.40123,2.6346
0.40578,2.6146
0.41034,2.5945
0.41489,2.5745
0.41944,2.5544
0.424,2.5344
0.42855,2.5144
0.43311,2.4943
0.43766,2.4743
0.44222,2.4542
0.44677,2.4342
0.45133,2.4142
0.45588,2.3941
0.46044,2.3741
0.46499,2.354
0.46955,2.334
0.4741,2.314
0.47865,2.2939
0.48321,2.2739
0.48776,2.2538
0.49232,2.2338
0.49687,2.2138
0.50143,2.1937
0.50598,2.1737
0.51054,2.1536
0.51509,2.1336
0.51965,2.1136
0.5242,2.0935
0.52875,2.0735
0.53331,2.0534
0.53786,2.0334
0.54242,2.0134
0.54697,1.9933
0.55153,1.9733
0.55608,1.9532
0.56064,1.9332
0.56519,1.9132
0.56975,1.8931
0.5743,1.8731
0.57885,1.853
0.58341,1.833
0.58796,1.813
0.59252,1.7929
0.59707,1.7729
0.60163,1.7528
0.60618,1.7328
0.61074,1.7128
0.61529,1.6927
0.61985,1.6727
0.6244,1.6526
0.62895,1.6326
0.63351,1.6126
0.63806,1.5925
0.64262,1.5725
0.64717,1.5524
0.65173,1.5324
0.65628,1.5124
0.66084,1.4923
0.66539,1.4723
0.66995,1.4522
0.6745,1.4322
0.67906,1.4122
0.68361,1.3921
0.68816,1.3721
0.69272,1.352
NaN,NaN
2.0223,4.4983
2.0178,4.4783
2.0132,4.4582
2.0087,4.4382
2.0041,4.4182
1.9996,4.3981
1.995,4.3781
1.9905,4.358
1.9859,4.338
1.9814,4.318
1.9768,4.2979
1.9722,4.2779
1.9677,4.2578
1.9631,4.2378
1.9586,4.2178
1.954,4.1977
1.9495,4.1777
1.9449,4.1576
1.9404,4.1376
1.9358,4.1176
1.9313,4.0975
1.9267,4.0775
1.9221,4.0574
1.9176,4.0374
1.913,4.0174
1.9085,3.9973
1.9039,3.9773
1.8994,3.9572
1.8948,3.9372
1.8903,3.9172
1.8857,3.8971
1.8812,3.8771
1.8766,3.857
1.872,3.837
1.8675,3.817
1.8629,3.7969
1.8584,3.7769
1.8538,3.7568
1.8493,3.7368
1.8447,3.7168
1.8402,3.6967
1.8356,3.6767
1.8311,3.6566
1.8265,3.6366
1.8219,3.6166
1.8174,3.5965
1.8128,3.5765
1.8083,3.5564
1.8037,3.5364
1.7992,3.5164
1.7946,3.4963
1.7901,3.4763
1.7855,3.4562
1.781,3.4362
1.7764,3.4162
1.7718,3.3961
1.7673,3.3761
1.7627,3.356
1.7582,3.336
1.7536,3.316
1.7491,3.2959
1.7445,3.2759
1.74,3.2558
1.7354,3.2358
1.7309,3.2158
1.7263,3.1957
1.7217,3.1757
1.7172,3.1556
1.7126,3.1356
1.7081,3.1156
1.7035,3.0955
1.699,3.0755
1.6944,3.0554
1.6899,3.0354
1.6853,3.0154
1.6808,2.9953
1.6762,2.9753
1.6716,2.9552
1.6671,2.9352
1.6625,2.9152
1.658,2.8951
1.6534,2.8751
1.6489,2.855
1.6443,2.835
1.6398,2.815
1.6352,2.7949
1.6307,2.7749
1.6261,2.7548
1.6215,2.7348
1.617,2.7148
1.6124,2.6947
1.6079,2.6747
1.6033,2.6546
1.5988,2.6346
1.5942,2.6146
1.5897,2.5945
1.5851,2.5745
1.5806,2.5544
1.576,2.5344
1.5714,2.5144
1.5669,2.4943
1.5623,2.4743
1.5578,2.4542
1.5532,2.4342
1.5487,2.4142
1.5441,2.3941
1.5396,2.3741
1.535,2.354
1.5305,2.334
1.5259,2.314
1.5213,2.2939
1.5168,2.2739
1.5122,2.2538
1.5077,2.2338
1.5031,2.2138
1.4986,2.1937
1.494,2.1737
1.4895,2.1536
1.4849,2.1336
1.4804,2.1136
1.4758,2.0935
1.4712,2.0735
1.4667,2.0534
1.4621,2.0334
1.4576,2.0134
1.453,1.9933
1.4485,1.9733
1.4439,1.9532
1.4394,1.9332
1.4348,1.9132
1.4303,1.8931
1.4257,1.8731
1.4211,1.853
1.4166,1.833
1.412,1.813
1.4075,1.7929
NaN,NaN
4.4283,4.4983
4.413,4.4783
4.3977,4.4582
4.3825,4.4382
4.3672,4.4182
4.3519,4.3981
4.3367,4.3781
4.3214,4.358
4.3061,4.338
4.2908,4.318
4.2756,4.2979
4.2603,4.2779
4.245,4.2578
4.2297,4.2378
4.2145,4.2178
4.1995,4.1977
4.1849,4.1777
4.1709,4.1576
4.1571,4.1376
4.1433,4.1176
4.1296,4.0975
4.1158,4.0775
4.102,4.0574
4.0882,4.0374
4.0744,4.0174
4.0607,3.9973
4.0469,3.9773
4.0331,3.9572
4.0193,3.9372
4.0056,3.9172
3.9918,3.8971
3.978,3.8771
3.9642,3.857
3.9504,3.837
3.9367,3.817
3.9229,3.7969
3.9091,3.7769
3.8953,3.7568
3.8816,3.7368
3.8678,3.7168
3.854,3.6967
3.8402,3.6767
3.8264,3.6566
3.8127,3.6366
3.7989,3.6166
3.7851,3.5965
3.7713,3.5765
3.7576,3.5564
3.7438,3.5364
3.73,3.5164
3.7162,3.4963
3.7024,3.4763
3.6887,3.4562
3.6749,3.4362
3.6611,3.4162
3.6473,3.3961
3.6336,3.3761
3.6198,3.356
3.606,3.336
3.5922,3.316
3.5784,3.2959
3.5647,3.2759
3.5509,3.2558
3.5371,3.2358
3.5233,3.2158
3.5096,3.1957
3.4958,3.1757
3.482,3.1556
3.4682,3.1356
3.4545,3.1156
3.4407,3.0955
3.4269,3.0755
3.4131,3.0554
3.3993,3.0354
3.3856,3.0154
3.3718,2.9953
3.358,2.9753
3.3442,2.9552
3.3305,2.9352
3.3167,2.9152
3.3029,2.8951
3.2891,2.8751
3.2753,2.855
3.2616,2.835
3.2478,2.815
3.234,2.7949
3.2202,2.7749
3.2065,2.7548
3.1927,2.7348
3.1789,2.7148
3.1651,2.6947
3.1513,2.6747
3.1376,2.6546
3.1238,2.6346
3.11,2.6146
3.0962,2.5945
3.0825,2.5745
3.0687,2.5544
3.0549,2.5344
3.0411,2.5144
3.0273,2.4943
3.0136,2.4743
2.9998,2.4542
2.986,2.4342
2.9722,2.4142
2.9585,2.3941
2.9447,2.3741
2.9309,2.354
2.9171,2.334
2.9033,2.314
2.8896,2.2939
2.8758,2.2739
2.862,2.2538
2.8482,2.2338
2.8345,2.2138
2.8207,2.1937
2.8069,2.1737
2.7931,2.1536
2.7794,2.1336
2.7656,2.1136
2.7518,2.0935
2.738,2.0735
2.7242,2.0534
2.7105,2.0334
2.6967,2.0134
2.6829,1.9933
2.6691,1.9733
2.6554,1.9532
2.6416,1.9332
2.6278,1.9132
2.614,1.8931
2.6002,1.8731
2.5865,1.853
2.5727,1.833
2.5589,1.813
2.5451,1.7929
2.5314,1.7729
2.5176,1.7528
2.5038,1.7328
2.49,1.7128
NaN,NaN
2.6867,4.498
2.6792,4.478
2.6717,4.4579
2.6642,4.4379
2.6567,4.4178
2.6492,4.3978
2.6417,4.3778
2.6341,4.3577
2.6266,4.3377
2.6191,4.3176
2.6116,4.2976
2.6041,4.2776
2.5966,4.2575
2.5891,4.2375
2.5815,4.2174
2.574,4.1974
2.5665,4.1774
2.559,4.1573
2.5515,4.1373
2.544,4.1172
2.5364,4.0972
2.5289,4.0772
2.5214,4.0571
2.5139,4.0371
2.5064,4.017
2.4989,3.997
2.4914,3.977
2.4838,3.9569
2.4763,3.9369
2.4688,3.9168
2.4613,3.8968
2.4538,3.8768
2.4463,3.8567
2.4388,3.8367
2.4312,3.8166
2.4237,3.7966
2.4162,3.7766
2.4087,3.7565
2.4012,3.7365
2.3937,3.7164
2.3861,3.6964
2.3786,3.6764
2.3711,3.6563
2.3636,3.6363
2.3561,3.6162
2.3486,3.5962
2.3411,3.5762
2.3335,3.5561
2.326,3.5361
2.3185,3.516
2.311,3.496
2.3035,3.476
2.296,3.4559
2.2885,3.4359
2.2809,3.4158
2.2734,3.3958
2.2659,3.3758
2.2584,3.3557
2.2509,3.3357
2.2434,3.3156
2.2358,3.2956
2.2283,3.2756
2.2208,3.2555
2.2133,3.2355
2.2058,3.2154
2.1983,3.1954
2.1908,3.1754
2.1832,3.1553
2.1757,3.1353
2.1682,3.1152
2.1607,3.0952
2.1532,3.0752
2.1457,3.0551
2.1382,3.0351
2.1306,3.015
2.1231,2.995
2.1156,2.9749
2.1081,2.9549
2.1006,2.9349
2.0931,2.9148
2.0855,2.8948
2.078,2.8747
2.0705,2.8547
2.063,2.8347
2.0555,2.8146
2.048,2.7946
2.0405,2.7745
2.0329,2.7545
2.0254,2.7345
2.0179,2.7144
2.0104,2.6944
2.0029,2.6743
1.9954,2.6543
1.9879,2.6343
1.9803,2.6142
1.9728,2.5942
1.9653,2.5741
1.9578,2.5541
1.9503,2.5341
1.9428,2.514
1.9352,2.494
1.9277,2.4739
1.9202,2.4539
1.9127,2.4339
1.9052,2.4138
1.8977,2.3938
1.8902,2.3737
1.8826,2.3537
1.8751,2.3337
1.8676,2.3136
1.8601,2.2936
1.8526,2.2735
1.8451,2.2535
1.8376,2.2335
1.83,2.2134
1.8225,2.1934
1.815,2.1733
1.8075,2.1533
1.8,2.1333
1.7925,2.1132
1.7849,2.0932
1.7774,2.0731
1.7699,2.0531
1.7624,2.0331
1.7549,2.013
1.7474,1.993
1.7399,1.9729
1.7323,1.9529
1.7248,1.9329
1.7173,1.9128
1.7098,1.8928
1.7023,1.8727
1.6948,1.8527
1.6872,1.8327
1.6797,1.8126
1.6722,1.7926
1.6647,1.7725
1.6572,1.7525
1.6497,1.7325
1.6422,1.7124
1.6346,1.6924
1.6271,1.6723
1.6196,1.6523
1.6121,1.6323
1.6046,1.6122
1.5996,1.5922
1.6108,1.5721
1.6244,1.5521
1.6381,1.5321
1.6517,1.512
1.6653,1.492
1.679,1.4719
1.6926,1.4519
1.7062,1.4319
1.7199,1.4118
1.7335,1.3918
1.7471,1.3717
1.7608,1.3517
1.7744,1.3317
1.788,1.3116
1.8017,1.2916
1.8153,1.2715
1.8289,1.2515
1.8425,1.2315
1.8562,1.2114
1.8698,1.1914
1.8834,1.1713
NaN,NaN
4.9989,4.1754
4.98,4.1553
4.9611,4.1353
4.9422,4.1152
4.9232,4.0952
4.9043,4.0752
4.8854,4.0551
4.8665,4.0351
4.8475,4.015
4.8286,3.995
4.8097,3.9749
4.7907,3.9549
4.7718,3.9349
4.7529,3.9148
4.734,3.8948
4.715,3.8747
4.6961,3.8547
4.6772,3.8347
4.6583,3.8146
4.6393,3.7946
4.6204,3.7745
4.6015,3.7545
4.5826,3.7345
4.5636,3.7144
4.5447,3.6944
4.5258,3.6743
4.5068,3.6543
4.4879,3.6343
4.469,3.6142
4.4501,3.5942
4.4311,3.5741
4.4122,3.5541
4.3933,3.5341
4.3744,3.514
4.3554,3.494
4.3365,3.4739
4.3176,3.4539
4.2987,3.4339
4.2797,3.4138
4.2608,3.3938
4.2419,3.3737
4.2229,3.3537
4.204,3.3337
4.1851,3.3136
4.1662,3.2936
4.1472,3.2735
4.1283,3.2535
4.1094,3.2335
4.0905,3.2134
4.0715,3.1934
4.0526,3.1733
4.0337,3.1533
4.0148,3.1333
3.9958,3.1132
3.9769,3.0932
3.958,3.0731
3.939,3.0531
3.9201,3.0331
3.9012,3.013
3.8823,2.993
3.8633,2.9729
3.8444,2.9529
3.8255,2.9329
3.8066,2.9128
3.7876,2.8928
3.7687,2.8727
3.7498,2.8527
3.7309,2.8327
3.7119,2.8126
3.693,2.7926
3.6741,2.7725
3.6551,2.7525
3.6362,2.7325
3.6173,2.7124
3.5984,2.6924
3.5794,2.6723
3.5605,2.6523
3.5416,2.6323
3.5227,2.6122
3.5037,2.5922
3.4848,2.5721
3.4659,2.5521
3.4469,2.5321
3.428,2.512
3.4091,2.492
3.3902,2.4719
3.3712,2.4519
3.3523,2.4319
3.3334,2.4118
3.3145,2.3918
3.2955,2.3717
3.2766,2.3517
3.2577,2.3317
NaN,NaN
0.48092,4.4987
0.48324,4.4786
0.48555,4.4586
0.48786,4.4385
0.49017,4.4185
0.49248,4.3985
0.4948,4.3784
0.49711,4.3584
0.49942,4.3383
0.50173,4.3183
0.50405,4.2983
0.50636,4.2782
0.50867,4.2582
0.51098,4.2381
0.5133,4.2181
0.51561,4.1981
0.51792,4.178
0.52023,4.158
0.52255,4.1379
0.52486,4.1179
0.52717,4.0979
0.52948,4.0778
0.53179,4.0578
0.53411,4.0377
0.53642,4.0177
0.53873,3.9977
0.54104,3.9776
0.54336,3.9576
0.54567,3.9375
0.54798,3.9175
0.55029,3.8975
0.55261,3.8774
0.55492,3.8574
0.55723,3.8373
0.55954,3.8173
0.56185,3.7973
0.56417,3.7772
0.56648,3.7572
0.56879,3.7371
0.5711,3.7171
0.57342,3.6971
0.57573,3.677
0.57804,3.657
0.58035,3.6369
0.58267,3.6169
0.58498,3.5969
0.58729,3.5768
0.5896,3.5568
0.59191,3.5367
0.59423,3.5167
0.59654,3.4967
0.59885,3.4766
0.60116,3.4566
0.60348,3.4365
0.60579,3.4165
0.6081,3.3965
0.61041,3.3764
0.61273,3.3564
0.61504,3.3363
0.61735,3.3163
0.61966,3.2963
0.62197,3.2762
0.62429,3.2562
0.6266,3.2361
0.62891,3.2161
0.63122,3.1961
0.63354,3.176
0.63585,3.156
0.63816,3.1359
0.64047,3.1159
0.64279,3.0959
0.6451,3.0758
0.64741,3.0558
0.64972,3.0357
0.65203,3.0157
0.65435,2.9957
0.65666,2.9756
0.65897,2.9556
0.66128,2.9355
0.6636,2.9155
0.66591,2.8955
0.66822,2.8754
0.67053,2.8554
0.67285,2.8353
0.67516,2.8153
0.67747,2.7953
0.67978,2.7752
0.68209,2.7552
0.68441,2.7351
0.68672,2.7151
0.68903,2.6951
0.69134,2.675
0.69366,2.655
0.69597,2.6349
0.69828,2.6149
0.70059,2.5949
0.70291,2.5748
0.70522,2.5548
0.70753,2.5347
0.70984,2.5147
0.71216,2.4947
0.71447,2.4746
0.71678,2.4546
0.71909,2.4345
0.7214,2.4145
0.72372,2.3945
0.72603,2.3744
0.72834,2.3544
0.73065,2.3343
0.73297,2.3143
0.73528,2.2943
0.73759,2.2742
0.7399,2.2542
0.74222,2.2341
0.74453,2.2141
0.74684,2.1941
0.74915,2.174
0.75146,2.154
0.75378,2.1339
0.75609,2.1139
0.7584,2.0939
0.76071,2.0738
0.76303,2.0538
0.76534,2.0337
0.76765,2.0137
0.76996,1.9937
0.77228,1.9736
0.77459,1.9536
0.7769,1.9335
0.77921,1.9135
0.78152,1.8935
0.78384,1.8734
NaN,NaN
0.33166,-0.31826
0.39613,-0.16645
0.23185,-0.18101
NaN,NaN
1.3309,-0.2307
1.3339,-0.065798
1.187,-0.14075
NaN,NaN
2.5664,-0.26862
2.4372,-0.166
2.4075,-0.32821
NaN,NaN
3.8316,-0.027494
3.6667,-0.025641
3.7426,-0.17203
NaN,NaN
4.6427,-0.14985
4.4786,-0.16641
4.5705,-0.3034
NaN,NaN
2.6332,0.8665
2.4716,0.83355
2.5767,0.70647
NaN,NaN
1.432,0.70597
1.5364,0.83361
1.3746,0.8657
NaN,NaN
0.36136,1.0875
0.5005,0.999
0.51315,1.1634
NaN,NaN
0.55955,2.1265
0.6665,2.001
0.72695,2.1544
NaN,NaN
0.42077,2.9592
0.52772,2.8337
0.58817,2.9871
NaN,NaN
0.25411,3.9592
0.36106,3.8337
0.4215,3.9871
NaN,NaN
3.6404,1.0849
3.499,1
3.6404,0.91515
NaN,NaN
4.4751,1.0849
4.3337,1
4.4751,0.91515
NaN,NaN
1.2875,2.9842
1.3542,2.8333
1.4559,2.9631
NaN,NaN
1.4125,3.9842
1.4792,3.8333
1.5809,3.9631
NaN,NaN
1.485,1.9929
1.5275,1.8335
1.6481,1.946
NaN,NaN
2.4045,1.9988
2.4172,1.8343
2.5563,1.9229
NaN,NaN
3.5651,3.9981
3.5572,3.8333
3.7062,3.9039
NaN,NaN
3.4043,2.0382
3.3337,1.8891
3.4984,1.897
NaN,NaN
2.3135,3.157
2.3335,2.9933
2.4685,3.088
NaN,NaN
4.4284,2.1722
4.3337,2.0372
4.4974,2.0171
NaN,NaN
3.5534,2.9966
3.5281,2.8337
3.6838,2.888
NaN,NaN
4.3867,3.9966
4.3614,3.8337
4.5171,3.888
NaN,NaN
4.383,3.2317
4.3337,3.0744
4.4957,3.1049
NaN,NaN
2.4698,4.1612
2.4996,3.999
2.6287,4.1016
NaN,NaN
