0.001336,-0.39216
0.021376,-0.38517
0.041416,-0.37813
0.061456,-0.37106
0.081496,-0.36396
0.10154,-0.35681
0.12158,-0.34963
0.14162,-0.34241
0.16166,-0.33515
0.1817,-0.32786
0.20174,-0.32052
0.22178,-0.31314
0.24182,-0.30572
0.26186,-0.29826
0.2819,-0.29076
0.30194,-0.28321
0.32198,-0.27562
0.34202,-0.26798
0.36206,-0.26029
0.3821,-0.25256
0.40214,-0.24478
0.42218,-0.23695
0.44222,-0.22907
0.46226,-0.22114
0.4823,-0.21316
0.50234,-0.20512
0.52238,-0.19703
0.54242,-0.18889
0.56246,-0.18069
0.5825,-0.17243
0.60254,-0.16412
0.62258,-0.15574
0.64262,-0.14731
0.66266,-0.13881
0.6827,-0.13024
0.70274,-0.12162
0.72278,-0.11292
0.74282,-0.10416
0.76286,-0.095322
0.7829,-0.086416
0.80294,-0.077437
0.82298,-0.068382
0.84302,-0.05925
0.86306,-0.050038
0.8831,-0.040745
0.90314,-0.031368
0.92318,-0.021905
0.94322,-0.012353
0.96326,-0.002711
0.9833,0.0070251
1.0033,0.016858
1.0234,0.026789
1.0434,0.036824
1.0635,0.046963
1.0835,0.057212
1.1035,0.067574
1.1236,0.078052
1.1436,0.08865
1.1637,0.099374
1.1837,0.11023
1.2037,0.12121
1.2238,0.13234
1.2438,0.14361
1.2639,0.15503
1.2839,0.16661
1.3039,0.17835
1.324,0.19026
1.344,0.20234
1.3641,0.21462
1.3841,0.22709
1.4041,0.23976
1.4242,0.25265
1.4442,0.26576
1.4643,0.27911
1.4843,0.29272
1.5043,0.30659
1.5244,0.32075
1.5444,0.3352
1.5645,0.34998
1.5845,0.3651
1.6045,0.38059
1.6246,0.39648
1.6446,0.4128
1.6647,0.42958
1.6847,0.44688
1.7047,0.46473
1.7248,0.4832
1.7448,0.50235
1.7648,0.52222
1.7841,0.54226
1.8027,0.5623
1.8203,0.58234
1.8372,0.60238
1.8532,0.62242
1.8684,0.64246
1.8827,0.6625
1.8963,0.68254
1.909,0.70258
1.9209,0.72262
1.9319,0.74266
1.9421,0.7627
1.9515,0.78274
1.96,0.80278
1.9678,0.82282
1.9747,0.84286
1.9807,0.8629
1.986,0.88294
1.9904,0.90298
1.994,0.92302
1.9967,0.94306
1.9986,0.9631
1.9997,0.98314
2,0.99918
NaN,NaN
0.52472,-0.49938
0.54476,-0.48916
0.5648,-0.47887
0.58484,-0.46851
0.60488,-0.45807
0.62492,-0.44756
0.64496,-0.43697
0.665,-0.4263
0.68504,-0.41556
0.70508,-0.40473
0.72512,-0.39381
0.74516,-0.38281
0.7652,-0.37172
0.78524,-0.36055
0.80528,-0.34927
0.82532,-0.33791
0.84536,-0.32645
0.8654,-0.31489
0.88544,-0.30323
0.90548,-0.29146
0.92552,-0.27958
0.94556,-0.2676
0.9656,-0.2555
0.98564,-0.24328
1.0057,-0.23094
1.0257,-0.21848
1.0458,-0.20588
1.0658,-0.19316
1.0858,-0.18029
1.1059,-0.16729
1.1259,-0.15414
1.146,-0.14083
1.166,-0.12737
1.186,-0.11375
1.2061,-0.099958
1.2261,-0.085991
1.2462,-0.071842
1.2662,-0.057504
1.2862,-0.042969
1.3063,-0.028228
1.3263,-0.013273
1.3464,0.001906
1.3664,0.01732
1.3864,0.032979
1.4065,0.048896
1.4265,0.065084
1.4466,0.081557
1.4666,0.098331
1.4866,0.11542
1.5067,0.13285
1.5267,0.15064
1.5468,0.16881
1.5668,0.18738
1.5868,0.20639
1.6069,0.22586
1.6269,0.2458
1.6465,0.26584
1.6655,0.28588
1.684,0.30592
1.702,0.32596
1.7195,0.346
1.7364,0.36604
NaN,NaN
1.3684,-0.49866
1.3851,-0.47862
1.4017,-0.45858
1.418,-0.43854
1.4341,-0.4185
1.45,-0.39846
1.4656,-0.37842
1.481,-0.35838
1.4962,-0.33834
1.5112,-0.3183
1.526,-0.29826
1.5405,-0.27822
1.5548,-0.25818
1.5689,-0.23814
1.5827,-0.2181
1.5963,-0.19806
1.6097,-0.17802
1.6229,-0.15798
1.6359,-0.13794
1.6486,-0.1179
1.6611,-0.097862
1.6733,-0.077822
1.6854,-0.057782
1.6972,-0.037742
1.7088,-0.017702
1.7201,0.002338
1.7313,0.022378
1.7422,0.042418
1.7529,0.062458
1.7633,0.082498
1.7736,0.10254
1.7836,0.12258
1.7933,0.14262
1.8029,0.16266
1.8122,0.1827
1.8213,0.20274
1.8302,0.22278
1.8388,0.24282
1.8473,0.26286
1.8555,0.2829
1.8634,0.30294
1.8712,0.32298
1.8787,0.34302
1.886,0.36306
1.8931,0.3831
1.8999,0.40314
1.9065,0.42318
1.9129,0.44322
1.9191,0.46326
1.925,0.4833
1.9307,0.50334
1.9362,0.52338
1.9415,0.54342
1.9465,0.56346
1.9513,0.5835
1.9559,0.60354
1.9602,0.62358
1.9644,0.64362
1.9683,0.66366
1.9719,0.6837
1.9754,0.70374
1.9786,0.72378
NaN,NaN
1.7895,-0.49866
1.795,-0.47862
1.8006,-0.45858
1.806,-0.43854
1.8114,-0.4185
1.8167,-0.39846
1.8219,-0.37842
1.827,-0.35838
1.8321,-0.33834
1.8371,-0.3183
1.842,-0.29826
1.8468,-0.27822
1.8516,-0.25818
1.8563,-0.23814
1.8609,-0.2181
1.8654,-0.19806
1.8699,-0.17802
1.8743,-0.15798
1.8786,-0.13794
1.8829,-0.1179
1.887,-0.097862
1.8911,-0.077822
1.8951,-0.057782
1.8991,-0.037742
1.9029,-0.017702
1.9067,0.002338
1.9104,0.022378
1.9141,0.042418
1.9176,0.062458
1.9211,0.082498
1.9245,0.10254
1.9279,0.12258
1.9311,0.14262
1.9343,0.16266
1.9374,0.1827
1.9404,0.20274
1.9434,0.22278
1.9463,0.24282
1.9491,0.26286
1.9518,0.2829
1.9545,0.30294
1.9571,0.32298
1.9596,0.34302
1.962,0.36306
1.9644,0.3831
1.9666,0.40314
1.9688,0.42318
1.971,0.44322
1.973,0.46326
NaN,NaN
2.2105,-0.49866
2.205,-0.47862
2.1994,-0.45858
2.194,-0.43854
2.1886,-0.4185
2.1833,-0.39846
2.1781,-0.37842
2.173,-0.35838
2.1679,-0.33834
2.1629,-0.3183
2.158,-0.29826
2.1532,-0.27822
2.1484,-0.25818
2.1437,-0.23814
2.1391,-0.2181
2.1346,-0.19806
2.1301,-0.17802
2.1257,-0.15798
2.1214,-0.13794
2.1171,-0.1179
2.113,-0.097862
2.1089,-0.077822
2.1049,-0.057782
2.1009,-0.037742
2.0971,-0.017702
2.0933,0.002338
2.0896,0.022378
2.0859,0.042418
2.0824,0.062458
2.0789,0.082498
2.0755,0.10254
2.0721,0.12258
2.0689,0.14262
2.0657,0.16266
2.0626,0.1827
2.0596,0.20274
2.0566,0.22278
2.0537,0.24282
2.0509,0.26286
2.0482,0.2829
2.0455,0.30294
2.0429,0.32298
2.0404,0.34302
2.038,0.36306
2.0356,0.3831
2.0334,0.40314
2.0312,0.42318
2.029,0.44322
2.027,0.46326
2.025,0.4833
2.0231,0.50334
2.0213,0.52338
2.0195,0.54342
2.0178,0.56346
NaN,NaN
2.6316,-0.49866
2.6149,-0.47862
2.5983,-0.45858
2.582,-0.43854
2.5659,-0.4185
2.55,-0.39846
2.5344,-0.37842
2.519,-0.35838
2.5038,-0.33834
2.4888,-0.3183
2.474,-0.29826
2.4595,-0.27822
2.4452,-0.25818
2.4311,-0.23814
2.4173,-0.2181
2.4037,-0.19806
2.3903,-0.17802
2.3771,-0.15798
2.3641,-0.13794
2.3514,-0.1179
2.3389,-0.097862
2.3267,-0.077822
2.3146,-0.057782
2.3028,-0.037742
2.2912,-0.017702
2.2799,0.002338
2.2687,0.022378
2.2578,0.042418
2.2471,0.062458
2.2367,0.082498
2.2264,0.10254
2.2164,0.12258
2.2067,0.14262
2.1971,0.16266
2.1878,0.1827
2.1787,0.20274
2.1698,0.22278
2.1612,0.24282
2.1527,0.26286
2.1445,0.2829
2.1366,0.30294
2.1288,0.32298
2.1213,0.34302
2.114,0.36306
2.1069,0.3831
NaN,NaN
3.0528,-0.49868
3.0327,-0.48435
3.0127,-0.46987
2.9927,-0.45525
2.9726,-0.44048
2.9526,-0.42556
2.9325,-0.41048
2.9125,-0.39524
2.8925,-0.37983
2.8724,-0.36425
2.8524,-0.34848
2.8323,-0.33253
2.8123,-0.3164
2.7923,-0.30006
2.7722,-0.28352
2.7522,-0.26676
2.7321,-0.24978
2.7121,-0.23256
2.6921,-0.2151
2.672,-0.19738
2.652,-0.1794
2.6319,-0.16114
2.6119,-0.14259
2.5919,-0.12373
2.5718,-0.10455
2.5518,-0.08503
2.5317,-0.065154
2.5119,-0.045114
2.4924,-0.025074
2.4734,-0.0050335
2.4547,0.015007
2.4364,0.035047
2.4184,0.055087
2.4008,0.075127
2.3836,0.095167
2.3668,0.11521
2.3504,0.13525
2.3343,0.15529
2.3186,0.17533
2.3033,0.19537
2.2884,0.21541
2.2739,0.23545
2.2597,0.25549
2.2459,0.27553
2.2325,0.29557
2.2194,0.31561
2.2067,0.33565
2.1944,0.35569
NaN,NaN
3.8968,-0.49938
3.8768,-0.49143
3.8567,-0.48345
3.8367,-0.47542
3.8166,-0.46735
3.7966,-0.45923
3.7766,-0.45107
3.7565,-0.44286
3.7365,-0.4346
3.7164,-0.4263
3.6964,-0.41795
3.6764,-0.40955
3.6563,-0.4011
3.6363,-0.39259
3.6162,-0.38404
3.5962,-0.37543
3.5762,-0.36677
3.5561,-0.35805
3.5361,-0.34927
3.516,-0.34044
3.496,-0.33155
3.476,-0.3226
3.4559,-0.3136
3.4359,-0.30453
3.4158,-0.29539
3.3958,-0.28619
3.3758,-0.27693
3.3557,-0.2676
3.3357,-0.25819
3.3156,-0.24872
3.2956,-0.23918
3.2756,-0.22956
3.2555,-0.21986
3.2355,-0.21009
3.2154,-0.20024
3.1954,-0.1903
3.1754,-0.18028
3.1553,-0.17018
3.1353,-0.15999
3.1152,-0.14971
3.0952,-0.13933
3.0752,-0.12887
3.0551,-0.1183
3.0351,-0.10763
3.015,-0.096857
2.995,-0.085978
2.9749,-0.074988
2.9549,-0.063886
2.9349,-0.052666
2.9148,-0.041325
2.8948,-0.02986
2.8747,-0.018265
2.8547,-0.006537
2.8347,0.0053295
2.8146,0.017339
2.7946,0.029498
2.7745,0.04181
2.7545,0.054283
2.7345,0.066923
2.7144,0.079736
2.6944,0.09273
2.6743,0.10591
2.6543,0.11929
2.6343,0.13288
2.6142,0.14668
2.5942,0.16071
2.5741,0.17498
2.5541,0.1895
2.5341,0.20429
2.514,0.21935
2.494,0.23471
2.4739,0.25039
2.4539,0.2664
2.4339,0.28277
2.4138,0.29952
2.3938,0.31668
2.3737,0.33428
2.3537,0.35236
2.3337,0.37096
2.3136,0.39013
2.2936,0.40992
2.274,0.42996
2.255,0.45
2.2368,0.47004
2.2192,0.49008
2.2023,0.51012
2.1861,0.53016
2.1705,0.5502
2.1556,0.57024
2.1414,0.59028
2.1279,0.61032
2.1151,0.63036
2.1029,0.6504
2.0915,0.67044
2.0807,0.69048
2.0705,0.71052
2.0611,0.73056
2.0523,0.7506
2.0442,0.77064
2.0368,0.79068
2.0301,0.81072
2.024,0.83076
2.0187,0.8508
NaN,NaN
4.7408,-0.49964
4.7208,-0.49415
4.7007,-0.48864
4.6807,-0.4831
4.6607,-0.47755
4.6406,-0.47197
4.6206,-0.46638
4.6005,-0.46076
4.5805,-0.45512
4.5605,-0.44946
4.5404,-0.44377
4.5204,-0.43807
4.5003,-0.43234
4.4803,-0.42658
4.4603,-0.42081
4.4402,-0.41501
4.4202,-0.40919
4.4001,-0.40334
4.3801,-0.39747
4.3601,-0.39157
4.34,-0.38565
4.32,-0.3797
4.2999,-0.37373
4.2799,-0.36773
4.2599,-0.36171
4.2398,-0.35566
4.2198,-0.34958
4.1997,-0.34347
4.1797,-0.33734
4.1597,-0.33117
4.1396,-0.32498
4.1196,-0.31876
4.0995,-0.31252
4.0795,-0.30624
4.0595,-0.29993
4.0394,-0.29359
4.0194,-0.28722
3.9993,-0.28082
3.9793,-0.27438
3.9593,-0.26792
3.9392,-0.26142
3.9192,-0.25488
3.8991,-0.24831
3.8791,-0.24171
3.8591,-0.23507
3.839,-0.2284
3.819,-0.22169
3.7989,-0.21494
3.7789,-0.20816
3.7589,-0.20133
3.7388,-0.19447
3.7188,-0.18757
3.6987,-0.18062
3.6787,-0.17364
3.6587,-0.16662
3.6386,-0.15955
3.6186,-0.15244
3.5985,-0.14528
3.5785,-0.13808
3.5585,-0.13083
3.5384,-0.12354
3.5184,-0.1162
3.4983,-0.10881
3.4783,-0.10137
3.4582,-0.093883
3.4382,-0.086342
3.4182,-0.078748
3.3981,-0.0711
3.3781,-0.063398
3.358,-0.055639
3.338,-0.047823
3.318,-0.039948
3.2979,-0.032013
3.2779,-0.024016
3.2578,-0.015956
3.2378,-0.0078324
3.2178,0.00035757
3.1977,0.0086152
3.1777,0.016942
3.1576,0.02534
3.1376,0.033812
3.1176,0.042358
3.0975,0.050981
3.0775,0.059683
3.0574,0.068466
3.0374,0.077333
3.0174,0.086286
2.9973,0.095328
2.9773,0.10446
2.9572,0.11369
2.9372,0.12301
2.9172,0.13244
2.8971,0.14196
2.8771,0.1516
2.857,0.16134
2.837,0.1712
2.817,0.18118
2.7969,0.19129
2.7769,0.20152
2.7568,0.21188
2.7368,0.22238
2.7168,0.23302
2.6967,0.24382
2.6767,0.25477
2.6566,0.26588
2.6366,0.27717
2.6166,0.28863
2.5965,0.30028
2.5765,0.31213
2.5564,0.32419
2.5364,0.33646
2.5164,0.34897
2.4963,0.36172
2.4763,0.37473
2.4562,0.38802
2.4362,0.4016
2.4162,0.4155
2.3961,0.42974
2.3761,0.44434
NaN,NaN
0.001336,-0.044123
0.021376,-0.038875
0.041416,-0.033599
0.061456,-0.028297
0.081496,-0.022968
0.10154,-0.01761
0.12158,-0.012224
0.14162,-0.0068096
0.16166,-0.0013656
0.1817,0.004107
0.20174,0.0096094
0.22178,0.015143
0.24182,0.020707
0.26186,0.026303
0.2819,0.031932
0.30194,0.037594
0.32198,0.043289
0.34202,0.049018
0.36206,0.054782
0.3821,0.060581
0.40214,0.066416
0.42218,0.072288
0.44222,0.078197
0.46226,0.084145
0.4823,0.090131
0.50234,0.096157
0.52238,0.10222
0.54242,0.10833
0.56246,0.11448
0.5825,0.12067
0.60254,0.12691
0.62258,0.13319
0.64262,0.13952
0.66266,0.14589
0.6827,0.15232
0.70274,0.15879
0.72278,0.16531
0.74282,0.17188
0.76286,0.17851
0.7829,0.18519
0.80294,0.19192
0.82298,0.19871
0.84302,0.20556
0.86306,0.21247
0.8831,0.21944
0.90314,0.22647
0.92318,0.23357
0.94322,0.24073
0.96326,0.24797
0.9833,0.25527
1.0033,0.26264
1.0234,0.27009
1.0434,0.27762
1.0635,0.28522
1.0835,0.29291
1.1035,0.30068
1.1236,0.30854
1.1436,0.31649
1.1637,0.32453
1.1837,0.33267
1.2037,0.34091
1.2238,0.34925
1.2438,0.35771
1.2639,0.36627
1.2839,0.37495
1.3039,0.38376
1.324,0.39269
1.344,0.40176
1.3641,0.41096
1.3841,0.42031
1.4041,0.42982
1.4242,0.43949
1.4442,0.44932
1.4643,0.45934
1.4843,0.46954
1.5043,0.47994
1.5244,0.49056
1.5444,0.5014
1.5645,0.51249
1.5845,0.52383
1.6045,0.53545
1.6246,0.54736
1.6446,0.5596
1.6647,0.57219
1.6847,0.58516
1.7047,0.59855
1.7248,0.6124
1.7448,0.62676
NaN,NaN
4.9987,-0.27895
4.9786,-0.27467
4.9586,-0.27038
4.9385,-0.26607
4.9185,-0.26174
4.8985,-0.2574
4.8784,-0.25305
4.8584,-0.24868
4.8383,-0.24429
4.8183,-0.23989
4.7983,-0.23547
4.7782,-0.23104
4.7582,-0.22659
4.7381,-0.22213
4.7181,-0.21765
4.6981,-0.21315
4.678,-0.20864
4.658,-0.20411
4.6379,-0.19956
4.6179,-0.19499
4.5979,-0.19041
4.5778,-0.18581
4.5578,-0.18119
4.5377,-0.17655
4.5177,-0.1719
4.4977,-0.16722
4.4776,-0.16253
4.4576,-0.15782
4.4375,-0.15309
4.4175,-0.14834
4.3975,-0.14357
4.3774,-0.13878
4.3574,-0.13397
4.3373,-0.12914
4.3173,-0.12429
4.2973,-0.11941
4.2772,-0.11452
4.2572,-0.1096
4.2371,-0.10467
4.2171,-0.099707
4.1971,-0.094725
4.177,-0.089721
4.157,-0.084693
4.1369,-0.079642
4.1169,-0.074567
4.0969,-0.069468
4.0768,-0.064345
4.0568,-0.059196
4.0367,-0.054023
4.0167,-0.048824
3.9967,-0.043599
3.9766,-0.038348
3.9566,-0.03307
3.9365,-0.027766
3.9165,-0.022433
3.8965,-0.017073
3.8764,-0.011684
3.8564,-0.0062665
3.8363,-0.0008196
3.8163,0.0046559
3.7963,0.010161
3.7762,0.015698
3.7562,0.021265
3.7361,0.026865
3.7161,0.032497
3.6961,0.038162
3.676,0.04386
3.656,0.049593
3.6359,0.05536
3.6159,0.061163
3.5959,0.067002
3.5758,0.072877
3.5558,0.07879
3.5357,0.084742
3.5157,0.090732
3.4957,0.096762
3.4756,0.10283
3.4556,0.10894
3.4355,0.1151
3.4155,0.1213
3.3955,0.12754
3.3754,0.13382
3.3554,0.14016
3.3353,0.14653
3.3153,0.15296
3.2953,0.15944
3.2752,0.16596
3.2552,0.17254
3.2351,0.17917
3.2151,0.18586
3.1951,0.1926
3.175,0.1994
3.155,0.20625
3.1349,0.21317
3.1149,0.22014
3.0949,0.22718
3.0748,0.23428
3.0548,0.24146
3.0347,0.24869
3.0147,0.256
2.9947,0.26338
2.9746,0.27084
2.9546,0.27837
2.9345,0.28599
2.9145,0.29368
2.8945,0.30146
2.8744,0.30933
2.8544,0.31729
2.8343,0.32534
2.8143,0.33349
2.7943,0.34174
2.7742,0.35009
2.7542,0.35856
2.7341,0.36713
2.7141,0.37583
2.6941,0.38465
2.674,0.39359
2.654,0.40267
2.6339,0.41189
2.6139,0.42126
2.5939,0.43078
2.5738,0.44046
2.5538,0.45031
NaN,NaN
4.9987,-0.028765
4.9786,-0.025321
4.9586,-0.021866
4.9385,-0.018399
4.9185,-0.01492
4.8985,-0.011429
4.8784,-0.0079264
4.8584,-0.0044113
4.8383,-0.00088381
4.8183,0.0026557
4.7983,0.0062076
4.7782,0.0097722
4.7582,0.01335
4.7381,0.01694
4.7181,0.020544
4.6981,0.024161
4.678,0.027792
4.658,0.031436
4.6379,0.035093
4.6179,0.038765
4.5979,0.042451
4.5778,0.046151
4.5578,0.049866
4.5377,0.053595
4.5177,0.057339
4.4977,0.061097
4.4776,0.064871
4.4576,0.06866
4.4375,0.072465
4.4175,0.076285
4.3975,0.080121
4.3774,0.083974
4.3574,0.087842
4.3373,0.091727
4.3173,0.095629
4.2973,0.099547
4.2772,0.10348
4.2572,0.10744
4.2371,0.11141
4.2171,0.1154
4.1971,0.1194
4.177,0.12343
4.157,0.12747
4.1369,0.13153
4.1169,0.13561
4.0969,0.13971
4.0768,0.14383
4.0568,0.14797
4.0367,0.15214
4.0167,0.15632
3.9967,0.16052
3.9766,0.16474
3.9566,0.16899
3.9365,0.17325
3.9165,0.17754
3.8965,0.18185
3.8764,0.18618
3.8564,0.19054
3.8363,0.19492
3.8163,0.19933
3.7963,0.20375
3.7762,0.20821
3.7562,0.21269
3.7361,0.21719
3.7161,0.22172
3.6961,0.22628
3.676,0.23086
3.656,0.23547
3.6359,0.24011
3.6159,0.24478
3.5959,0.24948
3.5758,0.2542
3.5558,0.25896
3.5357,0.26375
3.5157,0.26857
3.4957,0.27342
3.4756,0.2783
3.4556,0.28322
3.4355,0.28817
3.4155,0.29315
3.3955,0.29817
3.3754,0.30323
3.3554,0.30832
3.3353,0.31346
3.3153,0.31863
3.2953,0.32384
3.2752,0.32909
3.2552,0.33438
3.2351,0.33971
3.2151,0.34509
3.1951,0.35051
3.175,0.35598
3.155,0.36149
3.1349,0.36706
3.1149,0.37267
3.0949,0.37833
3.0748,0.38404
3.0548,0.38981
3.0347,0.39563
3.0147,0.40151
2.9947,0.40745
2.9746,0.41345
2.9546,0.41951
2.9345,0.42563
2.9145,0.43182
2.8945,0.43808
2.8744,0.44441
2.8544,0.45081
2.8343,0.45729
2.8143,0.46385
2.7943,0.47048
2.7742,0.4772
2.7542,0.48401
2.7341,0.49091
2.7141,0.4979
2.6941,0.505
2.674,0.51219
2.654,0.5195
2.6339,0.52691
2.6139,0.53445
2.5939,0.54211
2.5738,0.5499
2.5538,0.55782
2.5337,0.56589
2.5137,0.57412
2.4937,0.5825
2.4736,0.59106
2.4536,0.5998
2.4335,0.60874
2.4135,0.61788
2.3935,0.62725
2.3734,0.63686
2.3534,0.64673
2.3333,0.65689
2.3133,0.66735
2.2933,0.67816
2.2732,0.68934
2.2532,0.70094
2.2331,0.71301
2.2131,0.72561
2.1931,0.73881
2.173,0.75272
2.153,0.76746
2.1329,0.7832
2.1129,0.80018
NaN,NaN
0.001336,0.47862
0.021376,0.45962
0.041416,0.44099
0.061456,0.42276
0.081496,0.40491
0.10154,0.38744
0.12158,0.37036
0.14162,0.35366
0.16166,0.33735
0.1817,0.32141
0.20174,0.30585
0.22178,0.29068
0.24182,0.27589
0.26186,0.26161
0.2819,0.2641
0.30194,0.26841
0.32198,0.27274
0.34202,0.27709
0.36206,0.28147
0.3821,0.28588
0.40214,0.29032
0.42218,0.29478
0.44222,0.29927
0.46226,0.30379
0.4823,0.30834
0.50234,0.31292
0.52238,0.31754
0.54242,0.32218
0.56246,0.32685
0.5825,0.33156
0.60254,0.3363
0.62258,0.34108
0.64262,0.34589
0.66266,0.35073
0.6827,0.35562
0.70274,0.36054
0.72278,0.36549
0.74282,0.37049
0.76286,0.37553
0.7829,0.3806
0.80294,0.38572
0.82298,0.39089
0.84302,0.39609
0.86306,0.40134
0.8831,0.40664
0.90314,0.41199
0.92318,0.41738
0.94322,0.42283
0.96326,0.42833
0.9833,0.43388
1.0033,0.43948
1.0234,0.44515
1.0434,0.45087
1.0635,0.45665
1.0835,0.46249
1.1035,0.4684
1.1236,0.47437
1.1436,0.48041
1.1637,0.48653
1.1837,0.49271
1.2037,0.49898
1.2238,0.50532
1.2438,0.51175
1.2639,0.51826
1.2839,0.52486
1.3039,0.53155
1.324,0.53834
1.344,0.54523
1.3641,0.55223
1.3841,0.55934
1.4041,0.56657
1.4242,0.57391
1.4442,0.58139
1.4643,0.589
1.4843,0.59676
1.5043,0.60467
1.5244,0.61274
1.5444,0.62098
1.5645,0.62941
NaN,NaN
4.9983,0.21574
4.9783,0.21837
4.9582,0.221
4.9382,0.22364
4.9182,0.2263
4.8981,0.22896
4.8781,0.23163
4.858,0.23431
4.838,0.237
4.818,0.2397
4.7979,0.24241
4.7779,0.24512
4.7578,0.24785
4.7378,0.25059
4.7178,0.25334
4.6977,0.2561
4.6777,0.25886
4.6576,0.26164
4.6376,0.26443
4.6176,0.26723
4.5975,0.27004
4.5775,0.27287
4.5574,0.2757
4.5374,0.27854
4.5174,0.2814
4.4973,0.28426
4.4773,0.28714
4.4572,0.29003
4.4372,0.29293
4.4172,0.29584
4.3971,0.29877
4.3771,0.30171
4.357,0.30466
4.337,0.30762
4.317,0.3106
4.2969,0.31358
4.2769,0.31658
4.2568,0.3196
4.2368,0.32263
4.2168,0.32567
4.1967,0.32872
4.1767,0.33179
4.1566,0.33488
4.1366,0.33797
4.1166,0.34109
4.0965,0.34421
4.0765,0.34735
4.0564,0.35051
4.0364,0.35368
4.0164,0.35687
3.9963,0.36007
3.9763,0.36329
3.9562,0.36653
3.9362,0.36978
3.9162,0.37305
3.8961,0.37634
3.8761,0.37964
3.856,0.38296
3.836,0.3863
3.816,0.38966
3.7959,0.39304
3.7759,0.39643
3.7558,0.39985
3.7358,0.40328
3.7158,0.40674
3.6957,0.41021
3.6757,0.4137
3.6556,0.41722
3.6356,0.42076
3.6156,0.42432
3.5955,0.4279
3.5755,0.4315
3.5554,0.43513
3.5354,0.43878
3.5154,0.44245
3.4953,0.44615
3.4753,0.44987
3.4552,0.45362
3.4352,0.4574
3.4152,0.4612
3.3951,0.46503
3.3751,0.46888
3.355,0.47276
3.335,0.47668
3.315,0.48062
3.2949,0.48459
3.2749,0.48859
3.2548,0.49263
3.2348,0.4967
3.2148,0.5008
3.1947,0.50493
3.1747,0.5091
3.1546,0.5133
3.1346,0.51754
3.1146,0.52182
3.0945,0.52614
3.0745,0.5305
3.0544,0.5349
3.0344,0.53934
3.0144,0.54382
2.9943,0.54835
2.9743,0.55292
2.9542,0.55754
2.9342,0.56221
2.9142,0.56693
2.8941,0.5717
2.8741,0.57653
2.854,0.58141
2.834,0.58635
2.814,0.59135
2.7939,0.59641
2.7739,0.60153
2.7538,0.60672
2.7338,0.61198
2.7138,0.61732
2.6937,0.62272
2.6737,0.62821
2.6536,0.63378
2.6336,0.63944
NaN,NaN
0.00085484,0.95825
0.01136,0.93821
0.021979,0.91817
0.032714,0.89813
0.043569,0.87809
0.05455,0.85805
0.065659,0.83801
0.076902,0.81797
0.088283,0.79793
0.099809,0.77789
0.11148,0.75785
0.12331,0.73781
0.13531,0.71777
0.14747,0.69773
0.1598,0.67769
0.17232,0.65765
0.18502,0.63761
0.19793,0.61757
0.21104,0.59753
0.22438,0.57749
0.23795,0.55745
0.25177,0.53741
0.26585,0.51737
0.2802,0.49733
0.29484,0.47729
0.3098,0.45725
0.32508,0.43721
0.34072,0.41717
0.35674,0.39713
0.37345,0.37724
NaN,NaN
0.00023499,2.6647
0.0040019,2.6446
0.0077831,2.6246
0.011579,2.6045
0.015389,2.5845
0.019214,2.5645
0.023054,2.5444
0.02691,2.5244
0.03078,2.5043
0.034666,2.4843
0.038568,2.4643
0.042486,2.4442
0.046419,2.4242
0.05037,2.4041
0.054336,2.3841
0.058319,2.3641
0.06232,2.344
0.066337,2.324
0.070372,2.3039
0.074424,2.2839
0.078494,2.2639
0.082582,2.2438
0.086689,2.2238
0.090814,2.2037
0.094958,2.1837
0.099121,2.1637
0.1033,2.1436
0.1075,2.1236
0.11173,2.1035
0.11597,2.0835
0.12023,2.0635
0.12451,2.0434
0.12882,2.0234
0.13314,2.0033
0.13749,1.9833
0.14186,1.9633
0.14625,1.9432
0.15067,1.9232
0.1551,1.9031
0.15956,1.8831
0.16405,1.8631
0.16856,1.843
0.17309,1.823
0.17765,1.8029
0.18223,1.7829
0.18684,1.7629
0.19148,1.7428
0.19614,1.7228
0.20083,1.7027
0.20555,1.6827
0.21029,1.6627
0.21507,1.6426
0.21987,1.6226
0.2247,1.6025
0.22957,1.5825
0.23446,1.5625
0.23939,1.5424
0.24435,1.5224
0.24934,1.5023
0.25436,1.4823
0.25942,1.4623
0.26451,1.4422
0.26964,1.4222
0.27481,1.4021
0.28001,1.3821
0.28525,1.3621
0.29053,1.342
0.29585,1.322
0.3012,1.3019
0.3066,1.2819
0.31205,1.2619
0.31753,1.2418
0.32306,1.2218
0.32864,1.2017
0.33426,1.1817
0.33993,1.1617
0.34565,1.1416
0.35142,1.1216
0.35724,1.1015
0.36312,1.0815
0.36905,1.0615
0.37503,1.0414
0.38108,1.0214
0.38718,1.0013
0.39334,0.9813
0.39957,0.96126
0.40587,0.94122
0.41223,0.92118
0.41866,0.90114
0.42516,0.8811
0.43174,0.86106
0.43839,0.84102
0.44512,0.82098
0.45194,0.80094
0.45884,0.7809
0.46583,0.76086
0.47292,0.74081
0.4801,0.72077
0.48738,0.70073
0.49476,0.68069
0.50226,0.66065
0.50986,0.64061
0.51759,0.62057
0.52544,0.60053
0.53342,0.58049
0.54154,0.56045
0.55532,0.5464
0.57536,0.54915
0.5954,0.55233
NaN,NaN
0.053875,4.498
0.055986,4.478
0.0581,4.4579
0.06022,4.4379
0.062344,4.4179
0.064474,4.3978
0.066608,4.3778
0.068747,4.3577
0.070891,4.3377
0.073039,4.3177
0.075193,4.2976
0.077352,4.2776
0.079516,4.2575
0.081685,4.2375
0.083859,4.2175
0.086039,4.1974
0.088223,4.1774
0.090413,4.1573
0.092608,4.1373
0.094808,4.1173
0.097014,4.0972
0.099225,4.0772
0.10144,4.0571
0.10366,4.0371
0.10589,4.0171
0.10812,3.997
0.11036,3.977
0.11261,3.9569
0.11486,3.9369
0.11711,3.9169
0.11938,3.8968
0.12164,3.8768
0.12392,3.8567
0.1262,3.8367
0.12848,3.8167
0.13077,3.7966
0.13307,3.7766
0.13537,3.7565
0.13768,3.7365
0.14,3.7164
0.14232,3.6964
0.14465,3.6764
0.14698,3.6563
0.14932,3.6363
0.15167,3.6162
0.15403,3.5962
0.15639,3.5762
0.15875,3.5561
0.16113,3.5361
0.16351,3.516
0.16589,3.496
0.16829,3.476
0.17069,3.4559
0.1731,3.4359
0.17551,3.4158
0.17794,3.3958
0.18037,3.3758
0.1828,3.3557
0.18525,3.3357
0.1877,3.3156
0.19016,3.2956
0.19262,3.2756
0.1951,3.2555
0.19758,3.2355
0.20007,3.2154
0.20256,3.1954
0.20507,3.1754
0.20758,3.1553
0.2101,3.1353
0.21263,3.1152
0.21517,3.0952
0.21771,3.0752
0.22027,3.0551
0.22283,3.0351
0.2254,3.015
0.22798,2.995
0.23056,2.975
0.23316,2.9549
0.23576,2.9349
0.23838,2.9148
0.241,2.8948
0.24363,2.8748
0.24627,2.8547
0.24892,2.8347
0.25158,2.8146
0.25425,2.7946
0.25693,2.7746
0.25962,2.7545
0.26232,2.7345
0.26503,2.7144
0.26775,2.6944
0.27048,2.6744
0.27321,2.6543
0.27596,2.6343
0.27872,2.6142
0.28149,2.5942
0.28427,2.5742
0.28707,2.5541
0.28987,2.5341
0.29268,2.514
0.29551,2.494
0.29834,2.474
0.30119,2.4539
0.30405,2.4339
0.30692,2.4138
0.30981,2.3938
0.3127,2.3738
0.31561,2.3537
0.31853,2.3337
0.32146,2.3136
0.32441,2.2936
0.32736,2.2736
0.33034,2.2535
0.33332,2.2335
0.33632,2.2134
0.33933,2.1934
0.34236,2.1734
0.34539,2.1533
0.34845,2.1333
0.35152,2.1132
0.3546,2.0932
0.3577,2.0732
0.36081,2.0531
0.36394,2.0331
0.36708,2.013
0.37024,1.993
0.37341,1.973
0.3766,1.9529
0.37981,1.9329
0.38303,1.9128
0.38627,1.8928
0.38953,1.8728
0.39281,1.8527
0.3961,1.8327
0.39941,1.8126
0.40274,1.7926
0.40609,1.7726
0.40946,1.7525
0.41284,1.7325
0.41625,1.7124
0.41968,1.6924
0.42312,1.6724
0.42659,1.6523
0.43008,1.6323
0.43359,1.6122
0.43712,1.5922
0.44068,1.5722
0.44425,1.5521
0.44785,1.5321
0.45148,1.512
0.45512,1.492
0.4588,1.472
0.46249,1.4519
0.46622,1.4319
0.46997,1.4118
0.47374,1.3918
0.47754,1.3718
0.48138,1.3517
0.48523,1.3317
0.48912,1.3116
0.49304,1.2916
0.49699,1.2716
0.50097,1.2515
0.50498,1.2315
0.50903,1.2114
0.51311,1.1914
0.51722,1.1714
0.52137,1.1513
0.52555,1.1313
0.52978,1.1112
0.53404,1.0912
0.53834,1.0712
0.54268,1.0511
0.54706,1.0311
0.55148,1.011
0.55595,0.991
0.56046,0.97096
0.56502,0.95092
0.56963,0.93088
0.57429,0.91084
0.579,0.8908
0.58377,0.87076
0.58859,0.85072
0.59346,0.83068
0.5984,0.81064
0.60339,0.7906
0.60845,0.77056
0.61358,0.75052
0.61878,0.73048
0.62404,0.71044
0.62939,0.6904
0.63481,0.67036
0.64031,0.65032
0.65598,0.64223
0.67602,0.6449
0.69606,0.6476
0.7161,0.65032
0.73614,0.65306
0.75618,0.65582
0.77622,0.6586
0.79626,0.66141
0.8163,0.66424
0.83634,0.6671
0.85638,0.66997
0.87642,0.67288
0.89646,0.67581
0.9165,0.67876
0.93654,0.68175
0.95658,0.68476
0.97662,0.6878
0.99666,0.69087
1.0167,0.69397
1.0367,0.69711
1.0568,0.70028
1.0768,0.70348
1.0969,0.70671
1.1169,0.70998
1.1369,0.71329
1.157,0.71664
1.177,0.72002
1.1971,0.72345
1.2171,0.72693
1.2371,0.73044
1.2572,0.73401
1.2772,0.73762
1.2973,0.74128
1.3173,0.74499
1.3373,0.74876
1.3574,0.75259
1.3774,0.75648
1.3975,0.76043
1.4175,0.76444
1.4375,0.76853
1.4576,0.77269
1.4776,0.77692
1.4977,0.78124
1.5177,0.78565
1.5377,0.79015
1.5578,0.79474
1.5778,0.79944
1.5979,0.80426
1.6179,0.8092
1.6379,0.81426
1.658,0.81947
1.678,0.82484
1.6981,0.83037
1.7181,0.83609
1.7381,0.84202
1.7582,0.84818
1.7782,0.8546
1.7983,0.86132
1.8183,0.86838
1.8383,0.87584
1.8584,0.88377
1.8784,0.8923
1.8985,0.90155
1.9185,0.91177
NaN,NaN
4.998,0.52873
4.978,0.53031
4.9579,0.53189
4.9379,0.53348
4.9178,0.53508
4.8978,0.53668
4.8778,0.53828
4.8577,0.53989
4.8377,0.54151
4.8176,0.54313
4.7976,0.54476
4.7776,0.54639
4.7575,0.54803
4.7375,0.54968
4.7174,0.55133
4.6974,0.55299
4.6774,0.55465
4.6573,0.55632
4.6373,0.558
4.6172,0.55968
4.5972,0.56137
4.5772,0.56306
4.5571,0.56477
4.5371,0.56647
4.517,0.56819
4.497,0.56991
4.477,0.57164
4.4569,0.57338
4.4369,0.57512
4.4168,0.57687
4.3968,0.57863
4.3768,0.5804
4.3567,0.58217
4.3367,0.58395
4.3166,0.58574
4.2966,0.58753
4.2766,0.58934
4.2565,0.59115
4.2365,0.59297
4.2164,0.5948
4.1964,0.59663
4.1764,0.59848
4.1563,0.60033
4.1363,0.60219
4.1162,0.60406
4.0962,0.60594
4.0762,0.60783
4.0561,0.60973
4.0361,0.61164
4.016,0.61355
3.996,0.61548
3.976,0.61741
3.9559,0.61936
3.9359,0.62131
3.9158,0.62328
3.8958,0.62525
3.8758,0.62724
3.8557,0.62924
3.8357,0.63125
3.8156,0.63326
3.7956,0.63529
3.7756,0.63734
3.7555,0.63939
3.7355,0.64145
3.7154,0.64353
3.6954,0.64562
3.6754,0.64772
3.6553,0.64983
3.6353,0.65196
3.6152,0.6541
3.5952,0.65625
3.5752,0.65842
3.5551,0.6606
3.5351,0.66279
3.515,0.665
3.495,0.66722
3.4749,0.66946
3.4549,0.67171
3.4349,0.67398
3.4148,0.67627
3.3948,0.67857
3.3747,0.68088
3.3547,0.68322
3.3347,0.68557
3.3146,0.68794
3.2946,0.69033
3.2745,0.69273
3.2545,0.69516
3.2345,0.6976
3.2144,0.70006
3.1944,0.70255
3.1743,0.70505
3.1543,0.70758
3.1343,0.71013
3.1142,0.7127
3.0942,0.7153
3.0741,0.71792
3.0541,0.72056
3.0341,0.72323
3.014,0.72592
2.994,0.72864
2.9739,0.73139
2.9539,0.73417
2.9339,0.73697
2.9138,0.73981
2.8938,0.74268
2.8737,0.74558
2.8537,0.74851
2.8337,0.75148
2.8136,0.75449
2.7936,0.75753
2.7735,0.76061
2.7535,0.76373
2.7335,0.76689
2.7134,0.7701
2.6934,0.77335
2.6733,0.77664
2.6533,0.77999
2.6333,0.78339
2.6132,0.78684
2.5932,0.79036
2.5731,0.79393
2.5531,0.79756
2.5331,0.80126
2.513,0.80503
2.493,0.80887
2.4729,0.81279
2.4529,0.8168
2.4329,0.8209
2.4128,0.82509
2.3928,0.82939
2.3727,0.83379
2.3527,0.83832
2.3327,0.84298
2.3126,0.84778
2.2926,0.85273
2.2725,0.85786
2.2525,0.86318
2.2325,0.86872
2.2124,0.8745
2.1924,0.88056
2.1723,0.88694
2.1523,0.89371
2.1323,0.90093
2.1122,0.90873
2.0922,0.91726
2.0721,0.92678
2.0521,0.93773
2.0321,0.95108
NaN,NaN
0.64649,4.498
0.64728,4.478
0.64807,4.4579
0.64886,4.4379
0.64966,4.4178
0.65045,4.3978
0.65125,4.3778
0.65205,4.3577
0.65285,4.3377
0.65365,4.3176
0.65446,4.2976
0.65526,4.2776
0.65607,4.2575
0.65688,4.2375
0.65769,4.2174
0.65851,4.1974
0.65932,4.1774
0.66014,4.1573
0.66096,4.1373
0.66179,4.1172
0.66261,4.0972
0.66344,4.0772
0.66426,4.0571
0.66509,4.0371
0.66593,4.017
0.66676,3.997
0.6676,3.977
0.66844,3.9569
0.66928,3.9369
0.67012,3.9168
0.67096,3.8968
0.67181,3.8768
0.67266,3.8567
0.67351,3.8367
0.67437,3.8166
0.67522,3.7966
0.67608,3.7766
0.67694,3.7565
0.6778,3.7365
0.67867,3.7164
0.67954,3.6964
0.68041,3.6764
0.68128,3.6563
0.68215,3.6363
0.68303,3.6162
0.68391,3.5962
0.68479,3.5762
0.68568,3.5561
0.68656,3.5361
0.68745,3.516
0.68835,3.496
0.68924,3.476
0.69014,3.4559
0.69104,3.4359
0.69194,3.4158
0.69284,3.3958
0.69375,3.3758
0.69466,3.3557
0.69558,3.3357
0.69649,3.3156
0.69741,3.2956
0.69833,3.2756
0.69926,3.2555
0.70018,3.2355
0.70111,3.2154
0.70205,3.1954
0.70298,3.1754
0.70392,3.1553
0.70486,3.1353
0.70581,3.1152
0.70676,3.0952
0.70771,3.0752
0.70866,3.0551
0.70962,3.0351
0.71058,3.015
0.71154,2.995
0.71251,2.9749
0.71348,2.9549
0.71445,2.9349
0.71543,2.9148
0.71641,2.8948
0.71739,2.8747
0.71838,2.8547
0.71937,2.8347
0.72036,2.8146
0.72136,2.7946
0.72236,2.7745
0.72337,2.7545
0.72437,2.7345
0.72539,2.7144
0.7264,2.6944
0.72742,2.6743
0.72844,2.6543
0.72947,2.6343
0.7305,2.6142
0.73154,2.5942
0.73258,2.5741
0.73362,2.5541
0.73467,2.5341
0.73572,2.514
0.73677,2.494
0.73783,2.4739
0.7389,2.4539
0.73997,2.4339
0.74104,2.4138
0.74212,2.3938
0.7432,2.3737
0.74428,2.3537
0.74538,2.3337
0.74647,2.3136
0.74757,2.2936
0.74868,2.2735
0.74979,2.2535
0.7509,2.2335
0.75202,2.2134
0.75315,2.1934
0.75428,2.1733
0.75541,2.1533
0.75656,2.1333
0.7577,2.1132
0.75885,2.0932
0.76001,2.0731
0.76117,2.0531
0.76234,2.0331
0.76352,2.013
0.7647,1.993
0.76588,1.9729
0.76708,1.9529
0.76827,1.9329
0.76948,1.9128
0.77069,1.8928
0.77191,1.8727
0.77313,1.8527
0.77436,1.8327
0.7756,1.8126
0.77684,1.7926
0.77809,1.7725
0.77935,1.7525
0.78062,1.7325
0.78189,1.7124
0.78317,1.6924
0.78446,1.6723
0.78575,1.6523
0.78706,1.6323
0.78837,1.6122
0.78969,1.5922
0.79102,1.5721
0.79235,1.5521
0.7937,1.5321
0.79505,1.512
0.79641,1.492
0.79779,1.4719
0.79917,1.4519
0.80056,1.4319
0.80196,1.4118
0.80337,1.3918
0.80479,1.3717
0.80622,1.3517
0.80766,1.3317
0.80912,1.3116
0.81058,1.2916
0.81206,1.2715
0.81354,1.2515
0.81504,1.2315
0.81655,1.2114
0.81808,1.1914
0.81962,1.1713
0.82117,1.1513
0.82273,1.1313
0.82431,1.1112
0.8259,1.0912
0.82751,1.0711
0.82913,1.0511
0.83076,1.0311
0.83242,1.011
0.83409,0.99098
0.83577,0.97094
0.83748,0.9509
0.8392,0.93086
0.84094,0.91082
0.8427,0.89078
0.84447,0.87074
0.84634,0.8507
0.86401,0.84461
0.88405,0.84599
0.90409,0.84737
0.92413,0.84878
0.94417,0.85019
0.96421,0.85162
0.98425,0.85306
1.0043,0.85452
1.0243,0.85599
1.0444,0.85747
1.0644,0.85898
1.0844,0.8605
1.1045,0.86203
1.1245,0.86358
1.1446,0.86515
1.1646,0.86674
1.1846,0.86835
1.2047,0.86998
1.2247,0.87162
1.2448,0.87329
1.2648,0.87498
1.2848,0.8767
1.3049,0.87844
1.3249,0.8802
1.345,0.88199
1.365,0.88381
1.385,0.88566
1.4051,0.88754
1.4251,0.88945
1.4452,0.89139
1.4652,0.89337
1.4852,0.89539
1.5053,0.89744
1.5253,0.89954
1.5454,0.90168
1.5654,0.90387
1.5854,0.90611
1.6055,0.90841
1.6255,0.91076
1.6456,0.91318
1.6656,0.91567
1.6856,0.91823
1.7057,0.92088
1.7257,0.92362
1.7458,0.92646
1.7658,0.92942
1.7858,0.9325
1.8059,0.93573
1.8259,0.93914
NaN,NaN
4.9987,1
4.9786,1
4.9586,1
4.9385,1
4.9185,1
4.8985,1
4.8784,1
4.8584,1
4.8383,1
4.8183,1
4.7983,1
4.7782,1
4.7582,1
4.7381,1
4.7181,1
4.6981,1
4.678,1
4.658,1
4.6379,1
4.6179,1
4.5979,1
4.5778,1
4.5578,1
4.5377,1
4.5177,1
4.4977,1
4.4776,1
4.4576,1
4.4375,1
4.4175,1
4.3975,1
4.3774,1
4.3574,1
4.3373,1
4.3173,1
4.2973,1
4.2772,1
4.2572,1
4.2371,1
4.2171,1
4.1971,1
4.177,1
4.157,1
4.1369,1
4.1169,1
4.0969,1
4.0768,1
4.0568,1
4.0367,1
4.0167,1
3.9967,1
3.9766,1
3.9566,1
3.9365,1
3.9165,1
3.8965,1
3.8764,1
3.8564,1
3.8363,1
3.8163,1
3.7963,1
3.7762,1
3.7562,1
3.7361,1
3.7161,1
3.6961,1
3.676,1
3.656,1
3.6359,1
3.6159,1
3.5959,1
3.5758,1
3.5558,1
3.5357,1
3.5157,1
3.4957,1
3.4756,1
3.4556,1
3.4355,1
3.4155,1
3.3955,1
3.3754,1
3.3554,1
3.3353,1
3.3153,1
3.2953,1
3.2752,1
3.2552,1
3.2351,1
3.2151,1
3.1951,1
3.175,1
3.155,1
3.1349,1
3.1149,1
3.0949,1
3.0748,1
3.0548,1
3.0347,1
3.0147,1
2.9947,1
2.9746,1
2.9546,1
2.9345,1
2.9145,1
2.8945,1
2.8744,1
2.8544,1
2.8343,1
2.8143,1
2.7943,1
2.7742,1
2.7542,1
2.7341,1
2.7141,1
2.6941,1
2.674,1
2.654,1
2.6339,1
2.6139,1
2.5939,1
2.5738,1
2.5538,1
2.5337,1
2.5137,1
2.4937,1
2.4736,1
2.4536,1
2.4335,1
2.4135,1
2.3935,1
2.3734,1
2.3534,1
2.3333,1
2.3133,1
2.2933,1
2.2732,1
2.2532,1
2.2331,1
2.2131,1
2.1931,1
2.173,1
2.153,1
2.1329,1
2.1129,1
2.0929,1
2.0728,1
2.0528,1
2.0327,1
NaN,NaN
1.3062,4.4987
1.3055,4.4786
1.3048,4.4586
1.3041,4.4385
1.3034,4.4185
1.3027,4.3985
1.302,4.3784
1.3013,4.3584
1.3007,4.3383
1.3,4.3183
1.2993,4.2983
1.2986,4.2782
1.2979,4.2582
1.2972,4.2381
1.2965,4.2181
1.2958,4.1981
1.295,4.178
1.2943,4.158
1.2936,4.1379
1.2929,4.1179
1.2922,4.0979
1.2915,4.0778
1.2908,4.0578
1.2901,4.0377
1.2893,4.0177
1.2886,3.9977
1.2879,3.9776
1.2872,3.9576
1.2864,3.9375
1.2857,3.9175
1.285,3.8975
1.2842,3.8774
1.2835,3.8574
1.2828,3.8373
1.282,3.8173
1.2813,3.7973
1.2805,3.7772
1.2798,3.7572
1.279,3.7371
1.2783,3.7171
1.2775,3.6971
1.2768,3.677
1.276,3.657
1.2753,3.6369
1.2745,3.6169
1.2738,3.5969
1.273,3.5768
1.2722,3.5568
1.2715,3.5367
1.2707,3.5167
1.2699,3.4967
1.2691,3.4766
1.2684,3.4566
1.2676,3.4365
1.2668,3.4165
1.266,3.3965
1.2652,3.3764
1.2644,3.3564
1.2637,3.3363
1.2629,3.3163
1.2621,3.2963
1.2613,3.2762
1.2605,3.2562
1.2597,3.2361
1.2589,3.2161
1.2581,3.1961
1.2572,3.176
1.2564,3.156
1.2556,3.1359
1.2548,3.1159
1.254,3.0959
1.2532,3.0758
1.2523,3.0558
1.2515,3.0357
1.2507,3.0157
1.2498,2.9957
1.249,2.9756
1.2482,2.9556
1.2473,2.9355
1.2465,2.9155
1.2456,2.8955
1.2448,2.8754
1.2439,2.8554
1.2431,2.8353
1.2422,2.8153
1.2413,2.7953
1.2405,2.7752
1.2396,2.7552
1.2387,2.7351
1.2378,2.7151
1.237,2.6951
1.2361,2.675
1.2352,2.655
1.2343,2.6349
1.2334,2.6149
1.2325,2.5949
1.2316,2.5748
1.2307,2.5548
1.2298,2.5347
1.2289,2.5147
1.228,2.4947
1.2271,2.4746
1.2261,2.4546
1.2252,2.4345
1.2243,2.4145
1.2234,2.3945
1.2224,2.3744
1.2215,2.3544
1.2205,2.3343
1.2196,2.3143
1.2186,2.2943
1.2177,2.2742
1.2167,2.2542
1.2157,2.2341
1.2148,2.2141
1.2138,2.1941
1.2128,2.174
1.2118,2.154
1.2109,2.1339
1.2099,2.1139
1.2089,2.0939
1.2079,2.0738
1.2069,2.0538
1.2058,2.0337
1.2048,2.0137
1.2038,1.9937
1.2028,1.9736
1.2017,1.9536
1.2007,1.9335
1.1997,1.9135
1.1986,1.8935
1.1976,1.8734
1.1965,1.8534
1.1954,1.8333
1.1944,1.8133
1.1933,1.7933
1.1922,1.7732
1.1911,1.7532
1.19,1.7331
1.1889,1.7131
1.1878,1.6931
1.1867,1.673
1.1856,1.653
1.1844,1.6329
1.1833,1.6129
1.1822,1.5929
1.181,1.5728
1.1799,1.5528
1.1787,1.5327
1.1775,1.5127
1.1763,1.4927
1.1752,1.4726
1.174,1.4526
1.1728,1.4325
1.1715,1.4125
1.1703,1.3925
1.1691,1.3724
1.1679,1.3524
1.1666,1.3323
1.1653,1.3123
1.1641,1.2923
1.1628,1.2722
1.1615,1.2522
1.1602,1.2321
1.1589,1.2121
1.1576,1.1921
1.1563,1.172
1.1571,1.152
1.1769,1.1477
1.197,1.1459
1.217,1.144
1.2371,1.1422
1.2571,1.1403
1.2771,1.1384
1.2972,1.1365
1.3172,1.1345
1.3373,1.1325
1.3573,1.1305
1.3773,1.1285
1.3974,1.1264
1.4174,1.1243
1.4375,1.1221
1.4575,1.1199
1.4775,1.1177
1.4976,1.1154
1.5176,1.1131
1.5377,1.1107
1.5577,1.1083
1.5777,1.1058
1.5978,1.1033
1.6178,1.1007
1.6379,1.098
1.6579,1.0952
1.6779,1.0924
1.698,1.0895
1.718,1.0865
1.7381,1.0833
1.7581,1.0801
1.7781,1.0767
1.7982,1.0732
1.8182,1.0694
1.8383,1.0655
1.8583,1.0613
1.8783,1.0568
1.8984,1.0519
1.9184,1.0466
NaN,NaN
1.6812,4.4981
1.6796,4.4781
1.6781,4.458
1.6766,4.438
1.6751,4.418
1.6735,4.3979
1.672,4.3779
1.6704,4.3578
1.6689,4.3378
1.6674,4.3178
1.6658,4.2977
1.6643,4.2777
1.6627,4.2576
1.6611,4.2376
1.6596,4.2176
1.658,4.1975
1.6564,4.1775
1.6549,4.1574
1.6533,4.1374
1.6517,4.1174
1.6501,4.0973
1.6485,4.0773
1.6469,4.0572
1.6453,4.0372
1.6437,4.0172
1.6421,3.9971
1.6405,3.9771
1.6389,3.957
1.6373,3.937
1.6356,3.917
1.634,3.8969
1.6324,3.8769
1.6307,3.8568
1.6291,3.8368
1.6274,3.8168
1.6258,3.7967
1.6241,3.7767
1.6225,3.7566
1.6208,3.7366
1.6192,3.7166
1.6175,3.6965
1.6158,3.6765
1.6141,3.6564
1.6124,3.6364
1.6108,3.6164
1.6091,3.5963
1.6074,3.5763
1.6057,3.5562
1.6039,3.5362
1.6022,3.5162
1.6005,3.4961
1.5988,3.4761
1.5971,3.456
1.5953,3.436
1.5936,3.416
1.5918,3.3959
1.5901,3.3759
1.5883,3.3558
1.5866,3.3358
1.5848,3.3158
1.583,3.2957
1.5813,3.2757
1.5795,3.2556
1.5777,3.2356
1.5759,3.2156
1.5741,3.1955
1.5723,3.1755
1.5705,3.1554
1.5687,3.1354
1.5669,3.1154
1.565,3.0953
1.5632,3.0753
1.5614,3.0552
1.5595,3.0352
1.5577,3.0152
1.5558,2.9951
1.554,2.9751
1.5521,2.955
1.5502,2.935
1.5483,2.915
1.5464,2.8949
1.5445,2.8749
1.5426,2.8548
1.5407,2.8348
1.5388,2.8148
1.5369,2.7947
1.535,2.7747
1.533,2.7546
1.5311,2.7346
1.5291,2.7146
1.5272,2.6945
1.5252,2.6745
1.5232,2.6544
1.5213,2.6344
1.5193,2.6144
1.5173,2.5943
1.5153,2.5743
1.5133,2.5542
1.5113,2.5342
1.5092,2.5142
1.5072,2.4941
1.5052,2.4741
1.5031,2.454
1.501,2.434
1.499,2.414
1.4969,2.3939
1.4948,2.3739
1.4927,2.3538
1.4906,2.3338
1.4885,2.3138
1.4864,2.2937
1.4843,2.2737
1.4821,2.2536
1.48,2.2336
1.4778,2.2136
1.4757,2.1935
1.4735,2.1735
1.4713,2.1534
1.4691,2.1334
1.4669,2.1134
1.4647,2.0933
1.4624,2.0733
1.4602,2.0532
1.4579,2.0332
1.4557,2.0132
1.4534,1.9931
1.4511,1.9731
1.4488,1.953
1.4465,1.933
1.4442,1.913
1.4419,1.8929
1.4395,1.8729
1.4372,1.8528
1.4348,1.8328
1.4324,1.8128
1.43,1.7927
1.4276,1.7727
1.4252,1.7526
1.4227,1.7326
1.4203,1.7126
1.4178,1.6925
1.4153,1.6725
1.4128,1.6524
1.4103,1.6324
1.4078,1.6124
1.4053,1.5923
1.4027,1.5723
1.4001,1.5522
1.3975,1.5322
1.3949,1.5122
1.3923,1.4921
1.3896,1.4721
1.387,1.452
1.3843,1.432
1.3816,1.412
1.3789,1.3919
1.3798,1.3719
1.3998,1.3652
1.4198,1.3591
1.4399,1.3528
1.4599,1.3464
1.48,1.34
1.5,1.3333
1.52,1.3266
1.5401,1.3197
1.5601,1.3127
1.5802,1.3055
1.6002,1.2981
1.6202,1.2905
1.6403,1.2828
1.6603,1.2748
1.6804,1.2666
1.7004,1.2581
1.7204,1.2493
1.7405,1.2402
1.7605,1.2308
1.7806,1.2209
1.8006,1.2106
1.8206,1.1997
1.8407,1.1883
1.8607,1.176
1.8808,1.1629
1.9008,1.1486
1.9208,1.1328
1.9409,1.1148
1.9597,1.0949
NaN,NaN
4.9983,2.4148
4.9783,2.4101
4.9582,2.4053
4.9382,2.4006
4.9182,2.3958
4.8981,2.391
4.8781,2.3862
4.858,2.3813
4.838,2.3765
4.818,2.3716
4.7979,2.3667
4.7779,2.3618
4.7578,2.3569
4.7378,2.352
4.7178,2.347
4.6977,2.342
4.6777,2.337
4.6576,2.332
4.6376,2.327
4.6176,2.3219
4.5975,2.3169
4.5775,2.3118
4.5574,2.3067
4.5374,2.3015
4.5174,2.2964
4.4973,2.2912
4.4773,2.286
4.4572,2.2808
4.4372,2.2756
4.4172,2.2703
4.3971,2.265
4.3771,2.2597
4.357,2.2544
4.337,2.2491
4.317,2.2437
4.2969,2.2383
4.2769,2.2329
4.2568,2.2275
4.2368,2.222
4.2168,2.2165
4.1967,2.211
4.1767,2.2055
4.1566,2.1999
4.1366,2.1943
4.1166,2.1887
4.0965,2.1831
4.0765,2.1774
4.0564,2.1717
4.0364,2.166
4.0164,2.1602
3.9963,2.1544
3.9763,2.1486
3.9562,2.1428
3.9362,2.1369
3.9162,2.131
3.8961,2.1251
3.8761,2.1191
3.856,2.1131
3.836,2.1071
3.816,2.101
3.7959,2.095
3.7759,2.0888
3.7558,2.0827
3.7358,2.0765
3.7158,2.0702
3.6957,2.064
3.6757,2.0577
3.6556,2.0513
3.6356,2.0449
3.6156,2.0385
3.5955,2.032
3.5755,2.0255
3.5554,2.019
3.5354,2.0124
3.5154,2.0058
3.4953,1.9991
3.4753,1.9924
3.4552,1.9856
3.4352,1.9788
3.4152,1.972
3.3951,1.965
3.3751,1.9581
3.355,1.9511
3.335,1.944
3.315,1.9369
3.2949,1.9297
3.2749,1.9225
3.2548,1.9152
3.2348,1.9079
3.2148,1.9005
3.1947,1.893
3.1747,1.8855
3.1546,1.8779
3.1346,1.8703
3.1146,1.8625
3.0945,1.8548
3.0745,1.8469
3.0544,1.839
3.0344,1.8309
3.0144,1.8229
2.9943,1.8147
2.9743,1.8064
2.9542,1.7981
2.9342,1.7897
2.9142,1.7811
2.8941,1.7725
2.8741,1.7638
2.854,1.755
2.834,1.7461
2.814,1.7371
2.7939,1.7279
2.7739,1.7187
2.7538,1.7093
2.7338,1.6998
2.7138,1.6902
2.6937,1.6804
2.6737,1.6705
2.6536,1.6605
2.6336,1.6503
2.6136,1.6399
2.5935,1.6294
2.5735,1.6187
2.5534,1.6077
2.5334,1.5966
2.5134,1.5853
2.4933,1.5738
2.4733,1.562
2.4532,1.55
2.4332,1.5376
2.4132,1.5251
2.3931,1.5122
2.3731,1.4989
2.353,1.4853
2.333,1.4713
2.313,1.4569
2.2929,1.442
2.2729,1.4266
2.2528,1.4107
2.2328,1.394
2.2128,1.3767
2.1927,1.3585
2.1727,1.3393
2.1529,1.3193
2.1343,1.2993
2.1169,1.2792
2.1007,1.2592
2.0857,1.2391
2.0719,1.2191
2.0593,1.1991
2.0479,1.179
2.0378,1.159
2.0288,1.1389
2.0211,1.1189
NaN,NaN
4.9987,1.6324
4.9786,1.6303
4.9586,1.6281
4.9385,1.626
4.9185,1.6239
4.8985,1.6217
4.8784,1.6196
4.8584,1.6174
4.8383,1.6152
4.8183,1.6131
4.7983,1.6109
4.7782,1.6087
4.7582,1.6065
4.7381,1.6043
4.7181,1.6021
4.6981,1.5998
4.678,1.5976
4.658,1.5954
4.6379,1.5931
4.6179,1.5909
4.5979,1.5886
4.5778,1.5863
4.5578,1.584
4.5377,1.5818
4.5177,1.5794
4.4977,1.5771
4.4776,1.5748
4.4576,1.5725
4.4375,1.5701
4.4175,1.5678
4.3975,1.5654
4.3774,1.5631
4.3574,1.5607
4.3373,1.5583
4.3173,1.5559
4.2973,1.5535
4.2772,1.5511
4.2572,1.5486
4.2371,1.5462
4.2171,1.5438
4.1971,1.5413
4.177,1.5388
4.157,1.5363
4.1369,1.5338
4.1169,1.5313
4.0969,1.5288
4.0768,1.5263
4.0568,1.5237
4.0367,1.5212
4.0167,1.5186
3.9967,1.516
3.9766,1.5134
3.9566,1.5108
3.9365,1.5082
3.9165,1.5055
3.8965,1.5029
3.8764,1.5002
3.8564,1.4976
3.8363,1.4949
3.8163,1.4922
3.7963,1.4894
3.7762,1.4867
3.7562,1.4839
3.7361,1.4812
3.7161,1.4784
3.6961,1.4756
3.676,1.4728
3.656,1.4699
3.6359,1.4671
3.6159,1.4642
3.5959,1.4613
3.5758,1.4584
3.5558,1.4555
3.5357,1.4525
3.5157,1.4496
3.4957,1.4466
3.4756,1.4436
3.4556,1.4406
3.4355,1.4375
3.4155,1.4345
3.3955,1.4314
3.3754,1.4283
3.3554,1.4251
3.3353,1.422
3.3153,1.4188
3.2953,1.4156
3.2752,1.4124
3.2552,1.4091
3.2351,1.4058
3.2151,1.4025
3.1951,1.3992
3.175,1.3958
3.155,1.3924
3.1349,1.389
3.1149,1.3856
3.0949,1.3821
3.0748,1.3786
3.0548,1.375
3.0347,1.3714
3.0147,1.3678
2.9947,1.3642
2.9746,1.3605
2.9546,1.3568
2.9345,1.353
2.9145,1.3492
2.8945,1.3453
2.8744,1.3415
2.8544,1.3375
2.8343,1.3335
2.8143,1.3295
2.7943,1.3254
2.7742,1.3213
2.7542,1.3171
2.7341,1.3129
2.7141,1.3086
2.6941,1.3042
2.674,1.2998
2.654,1.2953
2.6339,1.2907
2.6139,1.2861
2.5939,1.2814
2.5738,1.2766
2.5538,1.2717
2.5337,1.2668
2.5137,1.2617
2.4937,1.2566
2.4736,1.2513
2.4536,1.246
2.4335,1.2405
2.4135,1.2348
2.3935,1.2291
2.3734,1.2232
2.3534,1.2171
2.3333,1.2109
2.3133,1.2044
2.2933,1.1978
2.2732,1.1909
2.2532,1.1838
2.2331,1.1764
2.2131,1.1686
2.1931,1.1605
2.173,1.152
2.153,1.1429
2.1329,1.1332
2.1129,1.1228
NaN,NaN
4.9983,1.3921
4.9783,1.3908
4.9582,1.3895
4.9382,1.3882
4.9182,1.3869
4.8981,1.3855
4.8781,1.3842
4.858,1.3828
4.838,1.3815
4.818,1.3802
4.7979,1.3788
4.7779,1.3774
4.7578,1.3761
4.7378,1.3747
4.7178,1.3733
4.6977,1.372
4.6777,1.3706
4.6576,1.3692
4.6376,1.3678
4.6176,1.3664
4.5975,1.365
4.5775,1.3636
4.5574,1.3622
4.5374,1.3607
4.5174,1.3593
4.4973,1.3579
4.4773,1.3564
4.4572,1.355
4.4372,1.3535
4.4172,1.3521
4.3971,1.3506
4.3771,1.3491
4.357,1.3477
4.337,1.3462
4.317,1.3447
4.2969,1.3432
4.2769,1.3417
4.2568,1.3402
4.2368,1.3387
4.2168,1.3372
4.1967,1.3356
4.1767,1.3341
4.1566,1.3326
4.1366,1.331
4.1166,1.3295
4.0965,1.3279
4.0765,1.3263
4.0564,1.3247
4.0364,1.3232
4.0164,1.3216
3.9963,1.32
3.9763,1.3184
3.9562,1.3167
3.9362,1.3151
3.9162,1.3135
3.8961,1.3118
3.8761,1.3102
3.856,1.3085
3.836,1.3068
3.816,1.3052
3.7959,1.3035
3.7759,1.3018
3.7558,1.3001
3.7358,1.2984
3.7158,1.2966
3.6957,1.2949
3.6757,1.2931
3.6556,1.2914
3.6356,1.2896
3.6156,1.2878
3.5955,1.2861
3.5755,1.2842
3.5554,1.2824
3.5354,1.2806
3.5154,1.2788
3.4953,1.2769
3.4753,1.2751
3.4552,1.2732
3.4352,1.2713
3.4152,1.2694
3.3951,1.2675
3.3751,1.2656
3.355,1.2636
3.335,1.2617
3.315,1.2597
3.2949,1.2577
3.2749,1.2557
3.2548,1.2537
3.2348,1.2517
3.2148,1.2496
3.1947,1.2475
3.1747,1.2455
3.1546,1.2433
3.1346,1.2412
3.1146,1.2391
3.0945,1.2369
3.0745,1.2348
3.0544,1.2326
3.0344,1.2303
3.0144,1.2281
2.9943,1.2258
2.9743,1.2235
2.9542,1.2212
2.9342,1.2189
2.9142,1.2165
2.8941,1.2141
2.8741,1.2117
2.854,1.2093
2.834,1.2068
2.814,1.2043
2.7939,1.2018
2.7739,1.1992
2.7538,1.1966
2.7338,1.194
2.7138,1.1913
2.6937,1.1886
2.6737,1.1859
2.6536,1.1831
2.6336,1.1803
2.6136,1.1774
2.5935,1.1745
2.5735,1.1715
2.5534,1.1685
NaN,NaN
2.2389,4.4983
2.2361,4.4783
2.2334,4.4582
2.2306,4.4382
2.2278,4.4182
2.225,4.3981
2.2222,4.3781
2.2194,4.358
2.2166,4.338
2.2138,4.318
2.211,4.2979
2.2082,4.2779
2.2053,4.2578
2.2025,4.2378
2.1996,4.2178
2.1968,4.1977
2.1939,4.1777
2.1911,4.1576
2.1882,4.1376
2.1853,4.1176
2.1824,4.0975
2.1795,4.0775
2.1766,4.0574
2.1737,4.0374
2.1708,4.0174
2.1679,3.9973
2.1649,3.9773
2.162,3.9572
2.1591,3.9372
2.1561,3.9172
2.1531,3.8971
2.1502,3.8771
2.1472,3.857
2.1442,3.837
2.1412,3.817
2.1382,3.7969
2.1352,3.7769
2.1322,3.7568
2.1292,3.7368
2.1261,3.7168
2.1231,3.6967
2.12,3.6767
2.117,3.6566
2.1139,3.6366
2.1109,3.6166
2.1078,3.5965
2.1047,3.5765
2.1016,3.5564
2.0985,3.5364
2.0954,3.5164
2.0922,3.4963
2.0891,3.4763
2.0859,3.4562
2.0828,3.4362
2.0796,3.4162
2.0765,3.3961
2.0733,3.3761
2.0701,3.356
2.0669,3.336
2.0637,3.316
2.0605,3.2959
2.0572,3.2759
2.054,3.2558
2.0507,3.2358
2.0475,3.2158
2.0442,3.1957
2.0409,3.1757
2.0376,3.1556
2.0343,3.1356
2.031,3.1156
2.0277,3.0955
2.0244,3.0755
2.021,3.0554
2.0177,3.0354
2.0143,3.0154
2.0109,2.9953
2.0076,2.9753
2.0042,2.9552
2.0007,2.9352
1.9973,2.9152
1.9939,2.8951
1.9904,2.8751
1.987,2.855
1.9835,2.835
1.98,2.815
1.9765,2.7949
1.973,2.7749
1.9695,2.7548
1.966,2.7348
1.9624,2.7148
1.9589,2.6947
1.9553,2.6747
1.9517,2.6546
1.9481,2.6346
1.9445,2.6146
1.9409,2.5945
1.9372,2.5745
1.9336,2.5544
1.9299,2.5344
1.9262,2.5144
1.9225,2.4943
1.9188,2.4743
1.9151,2.4542
1.9113,2.4342
1.9076,2.4142
1.9038,2.3941
1.9,2.3741
1.8962,2.354
1.8924,2.334
1.8885,2.314
1.8847,2.2939
1.8808,2.2739
1.8769,2.2538
1.873,2.2338
1.8691,2.2138
1.8651,2.1937
1.8612,2.1737
1.8572,2.1536
1.8532,2.1336
1.8492,2.1136
1.8452,2.0935
1.8411,2.0735
1.837,2.0534
1.8329,2.0334
1.8288,2.0134
1.8247,1.9933
1.8205,1.9733
1.8163,1.9532
1.8121,1.9332
1.8079,1.9132
1.8037,1.8931
1.7994,1.8731
1.7951,1.853
1.7908,1.833
1.7865,1.813
1.7821,1.7929
1.7788,1.7729
1.7875,1.7528
1.7987,1.7328
1.8095,1.7128
1.8201,1.6927
1.8303,1.6727
1.8403,1.6526
1.8499,1.6326
1.8593,1.6126
1.8684,1.5925
1.8771,1.5725
1.8856,1.5524
1.8937,1.5324
1.9016,1.5124
1.9092,1.4923
1.9164,1.4723
1.9234,1.4522
1.93,1.4322
1.9364,1.4122
1.9424,1.3921
1.9481,1.3721
1.9536,1.352
1.9587,1.332
1.9636,1.312
1.9681,1.2919
1.9723,1.2719
1.9763,1.2518
1.9799,1.2318
1.9832,1.2118
1.9863,1.1917
1.989,1.1717
NaN,NaN
4.9985,3.8292
4.9785,3.8197
4.9584,3.8102
4.9384,3.8007
4.9183,3.7911
4.8983,3.7815
4.8783,3.7719
4.8582,3.7622
4.8382,3.7525
4.8181,3.7428
4.7981,3.733
4.7781,3.7232
4.758,3.7134
4.738,3.7035
4.7179,3.6936
4.6979,3.6836
4.6779,3.6736
4.6578,3.6636
4.6378,3.6536
4.6177,3.6435
4.5977,3.6333
4.5777,3.6231
4.5576,3.6129
4.5376,3.6027
4.5175,3.5924
4.4975,3.582
4.4775,3.5716
4.4574,3.5612
4.4374,3.5507
4.4173,3.5402
4.3973,3.5297
4.3773,3.5191
4.3572,3.5085
4.3372,3.4978
4.3171,3.487
4.2971,3.4763
4.2771,3.4654
4.257,3.4546
4.237,3.4436
4.2169,3.4327
4.1969,3.4216
4.1769,3.4106
4.1568,3.3994
4.1368,3.3883
4.1167,3.377
4.0967,3.3658
4.0767,3.3544
4.0566,3.343
4.0366,3.3316
4.0165,3.3201
3.9965,3.3085
3.9765,3.2969
3.9564,3.2852
3.9364,3.2735
3.9163,3.2617
3.8963,3.2498
3.8763,3.2379
3.8562,3.2259
3.8362,3.2139
3.8161,3.2018
3.7961,3.1896
3.7761,3.1773
3.756,3.165
3.736,3.1526
3.7159,3.1402
3.6959,3.1276
3.6759,3.115
3.6558,3.1023
3.6358,3.0896
3.6157,3.0767
3.5957,3.0638
3.5757,3.0508
3.5556,3.0377
3.5356,3.0246
3.5155,3.0113
3.4955,2.9979
3.4755,2.9845
3.4554,2.971
3.4354,2.9574
3.4153,2.9437
3.3953,2.9298
3.3753,2.9159
3.3552,2.9019
3.3352,2.8878
3.3151,2.8736
3.2951,2.8592
3.2751,2.8448
3.255,2.8302
3.235,2.8156
3.2149,2.8008
3.1949,2.7859
3.1748,2.7708
3.1548,2.7556
3.1348,2.7403
3.1147,2.7249
3.0947,2.7093
3.0746,2.6936
3.0546,2.6777
3.0346,2.6617
3.0145,2.6455
2.9945,2.6292
2.9744,2.6127
2.9544,2.596
2.9344,2.5792
2.9143,2.5621
2.8943,2.5449
2.8742,2.5275
2.8542,2.5099
2.8342,2.4921
2.8141,2.474
2.7941,2.4558
2.774,2.4373
2.754,2.4186
2.734,2.3996
2.7139,2.3803
2.6939,2.3608
2.6738,2.341
2.6539,2.321
2.6342,2.3009
2.6148,2.2809
2.5957,2.2609
2.577,2.2408
2.5585,2.2208
2.5403,2.2007
2.5224,2.1807
2.5048,2.1607
2.4876,2.1406
2.4706,2.1206
2.4539,2.1005
2.4375,2.0805
2.4215,2.0605
2.4057,2.0404
2.3902,2.0204
2.3751,2.0003
2.3602,1.9803
2.3456,1.9603
2.3314,1.9402
2.3174,1.9202
2.3037,1.9001
2.2904,1.8801
2.2773,1.8601
2.2645,1.84
2.2521,1.82
2.2399,1.7999
2.228,1.7799
2.2165,1.7599
2.2052,1.7398
2.1943,1.7198
2.1836,1.6997
2.1732,1.6797
2.1632,1.6597
2.1534,1.6396
2.1439,1.6196
2.1348,1.5995
2.1259,1.5795
2.1173,1.5595
2.1091,1.5394
2.1011,1.5194
2.0935,1.4993
2.0861,1.4793
2.079,1.4593
2.0723,1.4392
2.0658,1.4192
2.0597,1.3991
2.0538,1.3791
2.0483,1.3591
NaN,NaN
4.998,1.9425
4.978,1.9394
4.9579,1.9362
4.9379,1.933
4.9178,1.9298
4.8978,1.9266
4.8778,1.9234
4.8577,1.9202
4.8377,1.917
4.8176,1.9137
4.7976,1.9105
4.7776,1.9072
4.7575,1.9039
4.7375,1.9006
4.7174,1.8973
4.6974,1.894
4.6774,1.8907
4.6573,1.8874
4.6373,1.884
4.6172,1.8806
4.5972,1.8773
4.5772,1.8739
4.5571,1.8705
4.5371,1.8671
4.517,1.8636
4.497,1.8602
4.477,1.8567
4.4569,1.8532
4.4369,1.8498
4.4168,1.8463
4.3968,1.8427
4.3768,1.8392
4.3567,1.8357
4.3367,1.8321
4.3166,1.8285
4.2966,1.8249
4.2766,1.8213
4.2565,1.8177
4.2365,1.8141
4.2164,1.8104
4.1964,1.8067
4.1764,1.803
4.1563,1.7993
4.1363,1.7956
4.1162,1.7919
4.0962,1.7881
4.0762,1.7843
4.0561,1.7805
4.0361,1.7767
4.016,1.7729
3.996,1.769
3.976,1.7652
3.9559,1.7613
3.9359,1.7574
3.9158,1.7534
3.8958,1.7495
3.8758,1.7455
3.8557,1.7415
3.8357,1.7375
3.8156,1.7335
3.7956,1.7294
3.7756,1.7253
3.7555,1.7212
3.7355,1.7171
3.7154,1.7129
3.6954,1.7088
3.6754,1.7046
3.6553,1.7003
3.6353,1.6961
3.6152,1.6918
3.5952,1.6875
3.5752,1.6832
3.5551,1.6788
3.5351,1.6744
3.515,1.67
3.495,1.6656
3.4749,1.6611
3.4549,1.6566
3.4349,1.652
3.4148,1.6475
3.3948,1.6429
3.3747,1.6382
3.3547,1.6336
3.3347,1.6289
3.3146,1.6241
3.2946,1.6193
3.2745,1.6145
3.2545,1.6097
3.2345,1.6048
3.2144,1.5999
3.1944,1.5949
3.1743,1.5899
3.1543,1.5848
3.1343,1.5797
3.1142,1.5746
3.0942,1.5694
3.0741,1.5642
3.0541,1.5589
3.0341,1.5535
3.014,1.5482
2.994,1.5427
2.9739,1.5372
2.9539,1.5317
2.9339,1.5261
2.9138,1.5204
2.8938,1.5146
2.8737,1.5088
2.8537,1.503
2.8337,1.497
2.8136,1.491
2.7936,1.4849
2.7735,1.4788
2.7535,1.4725
2.7335,1.4662
2.7134,1.4598
2.6934,1.4533
2.6733,1.4467
2.6533,1.44
2.6333,1.4332
2.6132,1.4263
2.5932,1.4193
2.5731,1.4121
2.5531,1.4049
2.5331,1.3975
2.513,1.3899
2.493,1.3823
2.4729,1.3744
2.4529,1.3664
2.4329,1.3582
2.4128,1.3498
2.3928,1.3412
2.3727,1.3324
2.3527,1.3234
2.3327,1.314
2.3126,1.3044
2.2926,1.2945
2.2725,1.2843
2.2525,1.2736
2.2325,1.2626
NaN,NaN
4.9987,2.8971
4.9786,2.8908
4.9586,2.8844
4.9385,2.878
4.9185,2.8716
4.8985,2.8652
4.8784,2.8587
4.8584,2.8522
4.8383,2.8457
4.8183,2.8392
4.7983,2.8327
4.7782,2.8261
4.7582,2.8195
4.7381,2.8129
4.7181,2.8062
4.6981,2.7995
4.678,2.7928
4.658,2.7861
4.6379,2.7794
4.6179,2.7726
4.5979,2.7658
4.5778,2.759
4.5578,2.7521
4.5377,2.7453
4.5177,2.7383
4.4977,2.7314
4.4776,2.7245
4.4576,2.7175
4.4375,2.7104
4.4175,2.7034
4.3975,2.6963
4.3774,2.6892
4.3574,2.6821
4.3373,2.6749
4.3173,2.6677
4.2973,2.6605
4.2772,2.6532
4.2572,2.6459
4.2371,2.6386
4.2171,2.6313
4.1971,2.6239
4.177,2.6164
4.157,2.609
4.1369,2.6015
4.1169,2.594
4.0969,2.5864
4.0768,2.5788
4.0568,2.5712
4.0367,2.5635
4.0167,2.5558
3.9967,2.548
3.9766,2.5402
3.9566,2.5324
3.9365,2.5245
3.9165,2.5166
3.8965,2.5087
3.8764,2.5007
3.8564,2.4927
3.8363,2.4846
3.8163,2.4765
3.7963,2.4683
3.7762,2.4601
3.7562,2.4518
3.7361,2.4435
3.7161,2.4351
3.6961,2.4267
3.676,2.4183
3.656,2.4098
3.6359,2.4012
3.6159,2.3926
3.5959,2.3839
3.5758,2.3752
3.5558,2.3665
3.5357,2.3576
3.5157,2.3487
3.4957,2.3398
3.4756,2.3308
3.4556,2.3217
3.4355,2.3126
3.4155,2.3034
3.3955,2.2941
3.3754,2.2848
3.3554,2.2754
3.3353,2.2659
3.3153,2.2564
3.2953,2.2468
3.2752,2.2371
3.2552,2.2273
3.2351,2.2175
3.2151,2.2076
3.1951,2.1976
3.175,2.1875
3.155,2.1773
3.1349,2.1671
3.1149,2.1567
3.0949,2.1463
3.0748,2.1357
3.0548,2.1251
3.0347,2.1143
3.0147,2.1035
2.9947,2.0925
2.9746,2.0815
2.9546,2.0703
2.9345,2.059
2.9145,2.0476
2.8945,2.036
2.8744,2.0244
2.8544,2.0126
2.8343,2.0006
2.8143,1.9885
2.7943,1.9763
2.7742,1.9639
2.7542,1.9513
2.7341,1.9386
2.7141,1.9257
2.6941,1.9126
2.674,1.8994
2.654,1.8859
2.6339,1.8722
2.6139,1.8583
2.5939,1.8442
2.5738,1.8299
2.5538,1.8152
2.5337,1.8004
2.5137,1.7852
2.4937,1.7697
2.4736,1.754
2.4536,1.7379
2.4335,1.7214
2.4135,1.7045
2.3935,1.6872
2.3734,1.6695
2.3534,1.6513
2.3333,1.6326
2.3133,1.6133
2.2933,1.5934
2.2738,1.5734
2.255,1.5533
2.2368,1.5333
NaN,NaN
2.62,4.4987
2.6164,4.4786
2.6128,4.4586
2.6091,4.4385
2.6055,4.4185
2.6018,4.3985
2.5982,4.3784
2.5945,4.3584
2.5909,4.3383
2.5872,4.3183
2.5835,4.2983
2.5798,4.2782
2.5761,4.2582
2.5724,4.2381
2.5687,4.2181
2.5649,4.1981
2.5612,4.178
2.5574,4.158
2.5537,4.1379
2.5499,4.1179
2.5461,4.0979
2.5423,4.0778
2.5386,4.0578
2.5347,4.0377
2.5309,4.0177
2.5271,3.9977
2.5233,3.9776
2.5194,3.9576
2.5156,3.9375
2.5117,3.9175
2.5079,3.8975
2.504,3.8774
2.5001,3.8574
2.4962,3.8373
2.4923,3.8173
2.4883,3.7973
2.4844,3.7772
2.4805,3.7572
2.4765,3.7371
2.4725,3.7171
2.4686,3.6971
2.4646,3.677
2.4606,3.657
2.4566,3.6369
2.4526,3.6169
2.4485,3.5969
2.4445,3.5768
2.4404,3.5568
2.4364,3.5367
2.4323,3.5167
2.4282,3.4967
2.4241,3.4766
2.42,3.4566
2.4159,3.4365
2.4117,3.4165
2.4076,3.3965
2.4034,3.3764
2.3993,3.3564
2.3951,3.3363
2.3909,3.3163
2.3867,3.2963
2.3825,3.2762
2.3782,3.2562
2.374,3.2361
2.3697,3.2161
2.3654,3.1961
2.3612,3.176
2.3568,3.156
2.3525,3.1359
2.3482,3.1159
2.3439,3.0959
2.3395,3.0758
2.3351,3.0558
2.3307,3.0357
2.3263,3.0157
2.3219,2.9957
2.3175,2.9756
2.3131,2.9556
2.3086,2.9355
2.3041,2.9155
2.2996,2.8955
2.2951,2.8754
2.2906,2.8554
2.2861,2.8353
2.2815,2.8153
2.2769,2.7953
2.2724,2.7752
2.2678,2.7552
2.2631,2.7351
2.2585,2.7151
2.2538,2.6951
2.2492,2.675
2.2445,2.655
2.2398,2.6349
2.2351,2.6149
2.2303,2.5949
2.2256,2.5748
2.2208,2.5548
2.216,2.5347
2.2112,2.5147
2.2063,2.4947
2.2015,2.4746
2.1966,2.4546
2.1917,2.4345
2.1868,2.4145
2.1819,2.3945
2.1769,2.3744
2.1719,2.3544
2.1669,2.3343
2.1619,2.3143
2.1569,2.2943
2.1518,2.2742
2.1467,2.2542
2.1416,2.2341
2.1365,2.2141
2.1313,2.1941
2.1261,2.174
2.1209,2.154
2.1157,2.1339
2.1105,2.1139
2.1056,2.0939
2.1017,2.0738
2.098,2.0538
2.0943,2.0337
2.0906,2.0137
2.0871,1.9937
2.0836,1.9736
2.0802,1.9536
2.0769,1.9335
2.0736,1.9135
2.0704,1.8935
2.0673,1.8734
2.0642,1.8534
2.0612,1.8333
2.0583,1.8133
2.0555,1.7933
2.0527,1.7732
2.05,1.7532
2.0474,1.7331
2.0448,1.7131
2.0424,1.6931
2.0399,1.673
2.0376,1.653
2.0353,1.6329
2.0331,1.6129
NaN,NaN
0.35059,4.4983
0.35204,4.4783
0.35349,4.4582
0.35494,4.4382
0.3564,4.4182
0.35786,4.3981
0.35933,4.3781
0.3608,4.358
0.36227,4.338
0.36374,4.318
0.36522,4.2979
0.3667,4.2779
0.36819,4.2578
0.36968,4.2378
0.37117,4.2178
0.37266,4.1977
0.37416,4.1777
0.37567,4.1576
0.37717,4.1376
0.37868,4.1176
0.3802,4.0975
0.38171,4.0775
0.38324,4.0574
0.38476,4.0374
0.38629,4.0174
0.38782,3.9973
0.38936,3.9773
0.3909,3.9572
0.39244,3.9372
0.39399,3.9172
0.39554,3.8971
0.3971,3.8771
0.39866,3.857
0.40023,3.837
0.40179,3.817
0.40337,3.7969
0.40494,3.7769
0.40652,3.7568
0.40811,3.7368
0.4097,3.7168
0.41129,3.6967
0.41289,3.6767
0.41449,3.6566
0.4161,3.6366
0.41771,3.6166
0.41933,3.5965
0.42095,3.5765
0.42257,3.5564
0.4242,3.5364
0.42583,3.5164
0.42747,3.4963
0.42912,3.4763
0.43076,3.4562
0.43242,3.4362
0.43407,3.4162
0.43574,3.3961
0.4374,3.3761
0.43908,3.356
0.44075,3.336
0.44244,3.316
0.44412,3.2959
0.44582,3.2759
0.44751,3.2558
0.44922,3.2358
0.45093,3.2158
0.45264,3.1957
0.45436,3.1757
0.45608,3.1556
0.45781,3.1356
0.45955,3.1156
0.46129,3.0955
0.46304,3.0755
0.46479,3.0554
0.46655,3.0354
0.46831,3.0154
0.47008,2.9953
0.47186,2.9753
0.47364,2.9552
0.47543,2.9352
0.47722,2.9152
0.47902,2.8951
0.48083,2.8751
0.48264,2.855
0.48446,2.835
0.48628,2.815
0.48812,2.7949
0.48995,2.7749
0.4918,2.7548
0.49365,2.7348
0.49551,2.7148
0.49738,2.6947
0.49925,2.6747
0.50113,2.6546
0.50301,2.6346
0.50491,2.6146
0.50681,2.5945
0.50872,2.5745
0.51063,2.5544
0.51256,2.5344
0.51449,2.5144
0.51643,2.4943
0.51837,2.4743
0.52033,2.4542
0.52229,2.4342
0.52426,2.4142
0.52624,2.3941
0.52822,2.3741
0.53022,2.354
0.53222,2.334
0.53424,2.314
0.53626,2.2939
0.53829,2.2739
0.54032,2.2538
0.54237,2.2338
0.54443,2.2138
0.5465,2.1937
0.54857,2.1737
0.55066,2.1536
0.55275,2.1336
0.55486,2.1136
0.55697,2.0935
0.5591,2.0735
0.56123,2.0534
0.56338,2.0334
0.56554,2.0134
0.5677,1.9933
0.56988,1.9733
0.57207,1.9532
0.57427,1.9332
0.57648,1.9132
0.57871,1.8931
0.58094,1.8731
0.58319,1.853
0.58545,1.833
0.58772,1.813
0.59001,1.7929
0.5923,1.7729
0.59462,1.7528
0.59694,1.7328
0.59928,1.7128
0.60163,1.6927
0.60399,1.6727
0.60637,1.6526
0.60876,1.6326
0.61117,1.6126
0.6136,1.5925
0.61603,1.5725
0.61849,1.5524
0.62096,1.5324
0.62344,1.5124
0.62595,1.4923
0.62847,1.4723
0.631,1.4522
0.63356,1.4322
0.63613,1.4122
0.63872,1.3921
0.64133,1.3721
0.64396,1.352
0.64661,1.332
0.64928,1.312
0.65196,1.2919
0.65467,1.2719
0.6574,1.2518
0.66016,1.2318
0.66293,1.2118
0.66573,1.1917
0.66855,1.1717
0.6714,1.1516
0.67427,1.1316
0.67717,1.1116
0.68009,1.0915
0.68304,1.0715
0.68602,1.0514
0.68902,1.0314
0.69206,1.0114
0.69512,0.99132
0.69822,0.97128
0.70135,0.95124
0.70451,0.9312
0.70771,0.91116
0.71094,0.89112
0.7142,0.87108
0.71751,0.85104
0.72085,0.831
0.72424,0.81096
0.72767,0.79092
0.73114,0.77088
0.73466,0.75084
0.74499,0.73531
0.76503,0.73696
0.78507,0.73911
0.80511,0.74127
0.82515,0.74344
0.84519,0.74564
0.86523,0.74786
0.88527,0.75009
0.90531,0.75235
0.92535,0.75463
0.94539,0.75692
0.96543,0.75924
0.98547,0.76159
1.0055,0.76395
1.0256,0.76634
1.0456,0.76876
1.0656,0.7712
1.0857,0.77366
1.1057,0.77616
1.1258,0.77868
NaN,NaN
2.9482,4.4983
2.9439,4.4783
2.9395,4.4582
2.9352,4.4382
2.9308,4.4182
2.9264,4.3981
2.922,4.3781
2.9176,4.358
2.9132,4.338
2.9088,4.318
2.9043,4.2979
2.8999,4.2779
2.8954,4.2578
2.891,4.2378
2.8865,4.2178
2.882,4.1977
2.8775,4.1777
2.873,4.1576
2.8685,4.1376
2.864,4.1176
2.8594,4.0975
2.8549,4.0775
2.8503,4.0574
2.8457,4.0374
2.8411,4.0174
2.8365,3.9973
2.8319,3.9773
2.8273,3.9572
2.8227,3.9372
2.818,3.9172
2.8134,3.8971
2.8087,3.8771
2.804,3.857
2.7993,3.837
2.7946,3.817
2.7899,3.7969
2.7852,3.7769
2.7804,3.7568
2.7757,3.7368
2.7709,3.7168
2.7661,3.6967
2.7613,3.6767
2.7565,3.6566
2.7517,3.6366
2.7469,3.6166
2.742,3.5965
2.7372,3.5765
2.7323,3.5564
2.7274,3.5364
2.7225,3.5164
2.7176,3.4963
2.7127,3.4763
2.7077,3.4562
2.7028,3.4362
2.6978,3.4162
2.6928,3.3961
2.6878,3.3761
2.6828,3.356
2.6777,3.336
2.6727,3.316
2.6676,3.2959
2.6626,3.2759
2.6575,3.2558
2.6523,3.2358
2.6472,3.2158
2.6421,3.1957
2.6369,3.1757
2.6318,3.1556
2.6266,3.1356
2.6214,3.1156
2.6161,3.0955
2.6109,3.0755
2.6056,3.0554
2.6004,3.0354
2.5951,3.0154
2.5898,2.9953
2.5844,2.9753
2.5791,2.9552
2.5737,2.9352
2.5683,2.9152
2.5629,2.8951
2.5575,2.8751
2.5521,2.855
2.5466,2.835
2.5411,2.815
2.5357,2.7949
2.5301,2.7749
2.5246,2.7548
2.519,2.7348
2.5135,2.7148
2.5079,2.6947
2.5023,2.6747
2.4966,2.6546
2.491,2.6346
2.4853,2.6146
2.4796,2.5945
2.4738,2.5745
2.4681,2.5544
2.4623,2.5344
2.4565,2.5144
2.4507,2.4943
2.4449,2.4743
2.439,2.4542
2.4331,2.4342
2.425,2.4142
2.4135,2.3941
2.4017,2.3741
2.3901,2.354
2.3786,2.334
2.3673,2.314
2.3562,2.2939
2.3452,2.2739
2.3344,2.2538
2.3238,2.2338
2.3134,2.2138
2.3031,2.1937
2.293,2.1737
2.2831,2.1536
2.2734,2.1336
2.2638,2.1136
2.2544,2.0935
2.2451,2.0735
2.236,2.0534
2.2271,2.0334
2.2184,2.0134
2.2099,1.9933
2.2015,1.9733
2.1933,1.9532
2.1852,1.9332
2.1773,1.9132
2.1696,1.8931
2.1621,1.8731
2.1547,1.853
2.1476,1.833
2.1405,1.813
2.1337,1.7929
NaN,NaN
4.998,3.3563
4.978,3.3484
4.9579,3.3405
4.9379,3.3326
4.9178,3.3246
4.8978,3.3166
4.8778,3.3086
4.8577,3.3005
4.8377,3.2925
4.8176,3.2843
4.7976,3.2762
4.7776,3.268
4.7575,3.2598
4.7375,3.2516
4.7174,3.2434
4.6974,3.2351
4.6774,3.2268
4.6573,3.2184
4.6373,3.21
4.6172,3.2016
4.5972,3.1932
4.5772,3.1847
4.5571,3.1762
4.5371,3.1676
4.517,3.159
4.497,3.1504
4.477,3.1418
4.4569,3.1331
4.4369,3.1244
4.4168,3.1156
4.3968,3.1068
4.3768,3.098
4.3567,3.0892
4.3367,3.0802
4.3166,3.0713
4.2966,3.0623
4.2766,3.0533
4.2565,3.0443
4.2365,3.0352
4.2164,3.026
4.1964,3.0168
4.1764,3.0076
4.1563,2.9983
4.1363,2.989
4.1162,2.9797
4.0962,2.9703
4.0762,2.9608
4.0561,2.9514
4.0361,2.9418
4.016,2.9322
3.996,2.9226
3.976,2.9129
3.9559,2.9032
3.9359,2.8934
3.9158,2.8836
3.8958,2.8737
3.8758,2.8638
3.8557,2.8538
3.8357,2.8438
3.8156,2.8337
3.7956,2.8235
3.7756,2.8133
3.7555,2.8031
3.7355,2.7927
3.7154,2.7824
3.6954,2.7719
3.6754,2.7614
3.6553,2.7508
3.6353,2.7402
3.6152,2.7295
3.5952,2.7187
3.5752,2.7079
3.5551,2.697
3.5351,2.686
3.515,2.675
3.495,2.6639
3.4749,2.6527
3.4549,2.6414
3.4349,2.6301
3.4148,2.6187
3.3948,2.6072
3.3747,2.5956
3.3547,2.5839
3.3347,2.5722
3.3146,2.5603
3.2946,2.5484
3.2745,2.5363
3.2545,2.5242
3.2345,2.512
3.2144,2.4997
3.1944,2.4873
3.1743,2.4747
3.1543,2.4621
3.1343,2.4493
3.1142,2.4365
3.0942,2.4235
3.0741,2.4104
3.0541,2.3972
3.0341,2.3839
3.014,2.3704
2.994,2.3568
2.9739,2.343
2.9539,2.3292
2.9339,2.3151
2.9138,2.3009
2.8938,2.2866
2.8737,2.2721
2.8537,2.2574
2.8337,2.2426
2.8136,2.2276
2.7936,2.2124
2.7735,2.197
2.7535,2.1814
2.7335,2.1656
2.7134,2.1495
2.6934,2.1333
2.6733,2.1168
2.6533,2.1
2.6333,2.083
2.6132,2.0658
2.5932,2.0482
2.5731,2.0304
2.5531,2.0122
2.5331,1.9937
2.513,1.9749
2.493,1.9556
2.4729,1.936
2.453,1.916
2.4333,1.896
2.4142,1.876
2.3954,1.8559
2.3771,1.8359
NaN,NaN
3.2449,4.498
3.2399,4.478
3.2349,4.4579
3.2298,4.4379
3.2248,4.4178
3.2198,4.3978
3.2147,4.3778
3.2096,4.3577
3.2045,4.3377
3.1994,4.3176
3.1943,4.2976
3.1892,4.2776
3.1841,4.2575
3.1789,4.2375
3.1738,4.2174
3.1686,4.1974
3.1634,4.1774
3.1582,4.1573
3.153,4.1373
3.1478,4.1172
3.1425,4.0972
3.1373,4.0772
3.132,4.0571
3.1268,4.0371
3.1215,4.017
3.1162,3.997
3.1109,3.977
3.1055,3.9569
3.1002,3.9369
3.0948,3.9168
3.0895,3.8968
3.0841,3.8768
3.0787,3.8567
3.0733,3.8367
3.0679,3.8166
3.0624,3.7966
3.057,3.7766
3.0515,3.7565
3.046,3.7365
3.0406,3.7164
3.035,3.6964
3.0295,3.6764
3.024,3.6563
3.0184,3.6363
3.0129,3.6162
3.0073,3.5962
3.0017,3.5762
2.996,3.5561
2.9904,3.5361
2.9848,3.516
2.9791,3.496
2.9734,3.476
2.9677,3.4559
2.962,3.4359
2.9563,3.4158
2.9505,3.3958
2.9448,3.3758
2.939,3.3557
2.9332,3.3357
2.9274,3.3156
2.9215,3.2956
2.9157,3.2756
2.9098,3.2555
2.9039,3.2355
2.898,3.2154
2.8921,3.1954
2.8862,3.1754
2.8802,3.1553
2.8742,3.1353
2.8682,3.1152
2.8622,3.0952
2.8562,3.0752
2.8501,3.0551
2.844,3.0351
2.8379,3.015
2.8318,2.995
2.8257,2.9749
2.8195,2.9549
2.8133,2.9349
2.8071,2.9148
2.8009,2.8948
2.7947,2.8747
2.7884,2.8547
2.7821,2.8347
2.7758,2.8146
2.7695,2.7946
2.7631,2.7745
2.7564,2.7545
2.745,2.7345
2.7293,2.7144
2.7125,2.6944
2.6957,2.6743
2.6792,2.6543
2.6628,2.6343
2.6466,2.6142
2.6307,2.5942
2.6149,2.5741
2.5994,2.5541
2.584,2.5341
2.5688,2.514
2.5539,2.494
2.5391,2.4739
2.5245,2.4539
2.5102,2.4339
2.496,2.4138
2.482,2.3938
2.4683,2.3737
NaN,NaN
1.9681,4.4987
1.966,4.4786
1.9638,4.4586
1.9616,4.4385
1.9594,4.4185
1.9573,4.3985
1.9551,4.3784
1.9529,4.3584
1.9507,4.3383
1.9485,4.3183
1.9463,4.2983
1.9441,4.2782
1.9419,4.2582
1.9397,4.2381
1.9374,4.2181
1.9352,4.1981
1.933,4.178
1.9307,4.158
1.9285,4.1379
1.9262,4.1179
1.924,4.0979
1.9217,4.0778
1.9194,4.0578
1.9172,4.0377
1.9149,4.0177
1.9126,3.9977
1.9103,3.9776
1.908,3.9576
1.9057,3.9375
1.9034,3.9175
1.9011,3.8975
1.8988,3.8774
1.8965,3.8574
1.8941,3.8373
1.8918,3.8173
1.8894,3.7973
1.8871,3.7772
1.8847,3.7572
1.8824,3.7371
1.88,3.7171
1.8776,3.6971
1.8752,3.677
1.8729,3.657
1.8705,3.6369
1.8681,3.6169
1.8657,3.5969
1.8632,3.5768
1.8608,3.5568
1.8584,3.5367
1.8559,3.5167
1.8535,3.4967
1.8511,3.4766
1.8486,3.4566
1.8461,3.4365
1.8437,3.4165
1.8412,3.3965
1.8387,3.3764
1.8362,3.3564
1.8337,3.3363
1.8312,3.3163
1.8287,3.2963
1.8262,3.2762
1.8236,3.2562
1.8211,3.2361
1.8185,3.2161
1.816,3.1961
1.8134,3.176
1.8109,3.156
1.8083,3.1359
1.8057,3.1159
1.8031,3.0959
1.8005,3.0758
1.7979,3.0558
1.7953,3.0357
1.7926,3.0157
1.79,2.9957
1.7874,2.9756
1.7847,2.9556
1.782,2.9355
1.7794,2.9155
1.7767,2.8955
1.774,2.8754
1.7713,2.8554
1.7686,2.8353
1.7659,2.8153
1.7631,2.7953
1.7604,2.7752
1.7576,2.7552
1.7549,2.7351
1.7521,2.7151
1.7493,2.6951
1.7465,2.675
1.7437,2.655
1.7409,2.6349
1.7381,2.6149
1.7353,2.5949
1.7324,2.5748
1.7296,2.5548
1.7267,2.5347
1.7238,2.5147
1.7209,2.4947
1.718,2.4746
1.7151,2.4546
1.7122,2.4345
1.7092,2.4145
1.7063,2.3945
1.7033,2.3744
1.7004,2.3544
1.6974,2.3343
1.6944,2.3143
1.6914,2.2943
1.6883,2.2742
1.6853,2.2542
1.6822,2.2341
1.6792,2.2141
1.6761,2.1941
1.673,2.174
1.6699,2.154
1.6668,2.1339
1.6636,2.1139
1.6605,2.0939
1.6573,2.0738
1.6541,2.0538
1.6509,2.0337
1.6477,2.0137
1.6445,1.9937
1.6412,1.9736
1.638,1.9536
1.6347,1.9335
1.6314,1.9135
1.6281,1.8935
1.6248,1.8734
1.6214,1.8534
1.618,1.8333
1.6146,1.8133
1.6112,1.7933
1.6078,1.7732
1.6044,1.7532
1.6009,1.7331
1.5974,1.7131
1.5939,1.6931
1.5904,1.673
1.5869,1.653
1.5833,1.6329
1.5797,1.6129
1.5761,1.5929
1.5725,1.5728
1.5852,1.5565
1.6053,1.5429
1.6253,1.5289
1.6454,1.5146
1.6654,1.4999
1.6854,1.4847
1.7055,1.469
1.7255,1.4528
1.7456,1.4359
1.7656,1.4184
1.7856,1.4002
1.8057,1.381
1.8255,1.3611
1.8444,1.341
1.8622,1.321
1.8789,1.301
1.8945,1.2809
1.909,1.2609
NaN,NaN
3.5171,4.4987
3.5115,4.4786
3.5059,4.4586
3.5002,4.4385
3.4946,4.4185
3.4889,4.3985
3.4832,4.3784
3.4775,4.3584
3.4718,4.3383
3.4661,4.3183
3.4604,4.2983
3.4546,4.2782
3.4489,4.2582
3.4431,4.2381
3.4373,4.2181
3.4315,4.1981
3.4257,4.178
3.4199,4.158
3.4141,4.1379
3.4082,4.1179
3.4023,4.0979
3.3965,4.0778
3.3906,4.0578
3.3847,4.0377
3.3787,4.0177
3.3728,3.9977
3.3668,3.9776
3.3609,3.9576
3.3549,3.9375
3.3489,3.9175
3.3429,3.8975
3.3368,3.8774
3.3308,3.8574
3.3247,3.8373
3.3186,3.8173
3.3125,3.7973
3.3064,3.7772
3.3003,3.7572
3.2942,3.7371
3.288,3.7171
3.2818,3.6971
3.2756,3.677
3.2694,3.657
3.2632,3.6369
3.257,3.6169
3.2507,3.5969
3.2444,3.5768
3.2381,3.5568
3.2318,3.5367
3.2255,3.5167
3.2191,3.4967
3.2127,3.4766
3.2064,3.4566
3.2,3.4365
3.1935,3.4165
3.1871,3.3965
3.1806,3.3764
3.1741,3.3564
3.1676,3.3363
3.1611,3.3163
3.1546,3.2963
3.148,3.2762
3.1414,3.2562
3.1348,3.2361
3.1282,3.2161
3.1216,3.1961
3.1149,3.176
3.1082,3.156
3.1015,3.1359
3.0948,3.1159
3.0881,3.0959
3.0801,3.0758
3.066,3.0558
3.0482,3.0359
3.0294,3.0161
3.0102,2.9962
2.9908,2.9762
2.9713,2.9562
2.9518,2.9362
2.9324,2.9161
2.9131,2.8961
NaN,NaN
4.998,4.2989
4.978,4.2878
4.9579,4.2767
4.9379,4.2656
4.9178,4.2545
4.8978,4.2433
4.8778,4.232
4.8577,4.2208
4.8377,4.2094
4.8176,4.1981
4.7976,4.1867
4.7776,4.1753
4.7575,4.1638
4.7375,4.1523
4.7174,4.1407
4.6974,4.1291
4.6774,4.1175
4.6573,4.1058
4.6373,4.094
4.6172,4.0823
4.5972,4.0704
4.5772,4.0586
4.5571,4.0466
4.5371,4.0347
4.517,4.0227
4.497,4.0106
4.477,3.9985
4.4569,3.9863
4.4369,3.9741
4.4168,3.9619
4.3968,3.9496
4.3768,3.9372
4.3567,3.9248
4.3367,3.9123
4.3166,3.8998
4.2966,3.8873
4.2766,3.8746
4.2565,3.862
4.2365,3.8492
4.2164,3.8364
4.1964,3.8236
4.1764,3.8107
4.1563,3.7977
4.1363,3.7846
4.1162,3.7716
4.0962,3.7584
4.0762,3.7452
4.0561,3.7319
4.0361,3.7185
4.016,3.7051
3.996,3.6917
3.976,3.6781
3.9559,3.6645
3.9359,3.6508
3.9158,3.637
3.8958,3.6232
3.8758,3.6093
3.8557,3.5953
3.8357,3.5813
3.8156,3.5672
3.7956,3.5529
3.7756,3.5387
3.7555,3.5243
3.7355,3.5098
3.7154,3.4953
3.6954,3.4807
3.6754,3.466
3.6553,3.4512
3.6353,3.4363
3.6152,3.4213
3.5952,3.4062
3.5752,3.3911
3.5551,3.3758
3.5351,3.3605
3.515,3.345
3.495,3.3294
3.4749,3.3138
3.4549,3.298
3.4349,3.2821
3.4148,3.2661
3.3948,3.25
3.3747,3.2338
3.3547,3.2175
3.3347,3.201
3.3146,3.1844
3.2946,3.1677
3.2745,3.1509
3.2545,3.1339
3.2345,3.1168
3.2144,3.0995
3.1944,3.0822
3.1743,3.0646
NaN,NaN
3.7691,4.4983
3.7629,4.4783
3.7567,4.4582
3.7505,4.4382
3.7443,4.4182
3.738,4.3981
3.7318,4.3781
3.7255,4.358
3.7193,4.338
3.713,4.318
3.7067,4.2979
3.7004,4.2779
3.694,4.2578
3.6877,4.2378
3.6813,4.2178
3.6749,4.1977
3.6685,4.1777
3.6621,4.1576
3.6557,4.1376
3.6493,4.1176
3.6428,4.0975
3.6363,4.0775
3.6299,4.0574
3.6234,4.0374
3.6168,4.0174
3.6103,3.9973
3.6037,3.9773
3.5972,3.9572
3.5906,3.9372
3.584,3.9172
3.5774,3.8971
3.5707,3.8771
3.5641,3.857
3.5574,3.837
3.5507,3.817
3.544,3.7969
3.5373,3.7769
3.5306,3.7568
3.5238,3.7368
3.517,3.7168
3.5102,3.6967
3.5034,3.6767
3.4966,3.6566
3.4897,3.6366
3.4829,3.6166
3.476,3.5965
3.4691,3.5765
3.4621,3.5564
3.4552,3.5364
3.4482,3.5164
3.4412,3.4963
3.4342,3.4763
3.4272,3.4562
3.4202,3.4362
3.4131,3.4162
3.4026,3.3961
3.386,3.3764
3.3676,3.3569
3.3487,3.3375
3.3298,3.3183
3.3107,3.2992
3.2916,3.28
NaN,NaN
4.0045,4.498
3.9978,4.478
3.9911,4.4579
3.9844,4.4379
3.9777,4.4178
3.9709,4.3978
3.9641,4.3778
3.9573,4.3577
3.9505,4.3377
3.9437,4.3176
3.9368,4.2976
3.93,4.2776
3.9231,4.2575
3.9162,4.2375
3.9093,4.2174
3.9024,4.1974
3.8955,4.1774
3.8885,4.1573
3.8815,4.1373
3.8746,4.1172
3.8676,4.0972
3.8605,4.0772
3.8535,4.0571
3.8464,4.0371
3.8394,4.017
3.8323,3.997
3.8252,3.977
3.818,3.9569
3.8109,3.9369
3.8037,3.9168
3.7965,3.8968
3.7893,3.8768
3.7821,3.8567
3.7749,3.8367
3.7676,3.8166
3.7604,3.7966
3.7531,3.7766
3.7458,3.7565
3.7379,3.7365
3.724,3.7164
3.706,3.697
3.6873,3.6777
3.6684,3.6585
3.6495,3.6394
3.6305,3.6204
3.6115,3.6014
3.5924,3.5824
3.5733,3.5634
3.5543,3.5443
3.5353,3.5253
3.5163,3.5062
NaN,NaN
0.83018,4.4987
0.83056,4.4786
0.83094,4.4586
0.83132,4.4385
0.8317,4.4185
0.83209,4.3985
0.83247,4.3784
0.83285,4.3584
0.83324,4.3383
0.83362,4.3183
0.83401,4.2983
0.8344,4.2782
0.83478,4.2582
0.83517,4.2381
0.83556,4.2181
0.83596,4.1981
0.83635,4.178
0.83674,4.158
0.83713,4.1379
0.83753,4.1179
0.83792,4.0979
0.83832,4.0778
0.83872,4.0578
0.83912,4.0377
0.83952,4.0177
0.83992,3.9977
0.84032,3.9776
0.84072,3.9576
0.84113,3.9375
0.84153,3.9175
0.84194,3.8975
0.84234,3.8774
0.84275,3.8574
0.84316,3.8373
0.84357,3.8173
0.84398,3.7973
0.84439,3.7772
0.84481,3.7572
0.84522,3.7371
0.84564,3.7171
0.84605,3.6971
0.84647,3.677
0.84689,3.657
0.84731,3.6369
0.84773,3.6169
0.84815,3.5969
0.84858,3.5768
0.849,3.5568
0.84943,3.5367
0.84986,3.5167
0.85028,3.4967
0.85071,3.4766
0.85114,3.4566
0.85158,3.4365
0.85201,3.4165
0.85244,3.3965
0.85288,3.3764
0.85332,3.3564
0.85376,3.3363
0.8542,3.3163
0.85464,3.2963
0.85508,3.2762
0.85552,3.2562
0.85597,3.2361
0.85642,3.2161
0.85686,3.1961
0.85731,3.176
0.85776,3.156
0.85822,3.1359
0.85867,3.1159
0.85913,3.0959
0.85958,3.0758
0.86004,3.0558
0.8605,3.0357
0.86096,3.0157
0.86142,2.9957
0.86189,2.9756
0.86235,2.9556
0.86282,2.9355
0.86329,2.9155
0.86376,2.8955
0.86423,2.8754
0.86471,2.8554
0.86518,2.8353
0.86566,2.8153
0.86614,2.7953
0.86662,2.7752
0.8671,2.7552
0.86759,2.7351
0.86807,2.7151
0.86856,2.6951
0.86905,2.675
0.86954,2.655
0.87003,2.6349
0.87053,2.6149
0.87103,2.5949
0.87152,2.5748
0.87203,2.5548
0.87253,2.5347
0.87303,2.5147
0.87354,2.4947
0.87405,2.4746
0.87456,2.4546
0.87507,2.4345
0.87559,2.4145
0.87611,2.3945
0.87663,2.3744
0.87715,2.3544
0.87767,2.3343
0.8782,2.3143
0.87873,2.2943
0.87926,2.2742
0.87979,2.2542
0.88032,2.2341
0.88086,2.2141
0.8814,2.1941
0.88195,2.174
0.88249,2.154
0.88304,2.1339
0.88359,2.1139
0.88414,2.0939
0.8847,2.0738
0.88526,2.0538
0.88582,2.0337
0.88638,2.0137
0.88695,1.9937
0.88752,1.9736
0.88809,1.9536
0.88867,1.9335
0.88924,1.9135
0.88983,1.8935
0.89041,1.8734
0.891,1.8534
0.89159,1.8333
0.89218,1.8133
0.89278,1.7933
0.89338,1.7732
0.89398,1.7532
0.89459,1.7331
0.8952,1.7131
0.89582,1.6931
0.89644,1.673
0.89706,1.653
0.89768,1.6329
0.89831,1.6129
0.89895,1.5929
0.89959,1.5728
0.90023,1.5528
0.90087,1.5327
0.90152,1.5127
0.90218,1.4927
0.90284,1.4726
0.9035,1.4526
0.90417,1.4325
0.90484,1.4125
0.90552,1.3925
0.9062,1.3724
0.90689,1.3524
0.90758,1.3323
0.90828,1.3123
0.90898,1.2923
0.90969,1.2722
0.9104,1.2522
0.91112,1.2321
0.91185,1.2121
0.91258,1.1921
0.91332,1.172
0.91406,1.152
0.91481,1.1319
0.91557,1.1119
0.91633,1.0919
0.9171,1.0718
0.91788,1.0518
0.91867,1.0317
0.91946,1.0117
0.92026,0.99165
0.92107,0.97161
0.92189,0.95157
0.92272,0.93153
0.9341,0.9185
0.95414,0.91927
0.97418,0.92005
0.99422,0.92083
1.0143,0.92162
1.0343,0.92242
1.0543,0.92323
1.0744,0.92405
1.0944,0.92488
1.1145,0.92571
1.1345,0.92656
1.1545,0.92741
1.1746,0.92828
1.1946,0.92915
1.2147,0.93004
1.2347,0.93094
1.2547,0.93185
1.2748,0.93277
1.2948,0.93371
1.3149,0.93465
1.3349,0.93562
1.3549,0.93659
1.375,0.93759
1.395,0.93859
1.4151,0.93962
1.4351,0.94066
1.4551,0.94172
1.4752,0.94281
NaN,NaN
4.7545,4.4989
4.7345,4.4862
4.7144,4.4734
4.6944,4.4605
4.6743,4.4476
4.6543,4.4347
4.6343,4.4217
4.6142,4.4086
4.5942,4.3956
4.5741,4.3824
4.5541,4.3692
4.5341,4.356
4.514,4.3427
4.494,4.3293
4.4739,4.3159
4.4539,4.3025
4.4339,4.289
4.4138,4.2754
4.3938,4.2618
4.3737,4.2481
4.3537,4.2343
4.3337,4.2205
4.3136,4.2067
4.2936,4.1928
4.2735,4.1788
4.2535,4.1648
4.2335,4.1507
4.2134,4.1365
4.1934,4.1223
4.1733,4.108
4.1533,4.0936
4.1333,4.0792
4.1132,4.0647
4.0932,4.0501
4.0731,4.0355
4.0531,4.0208
4.0331,4.006
4.013,3.9912
3.993,3.9762
3.9729,3.9605
3.953,3.9431
3.9336,3.9244
3.9144,3.9055
3.8954,3.8865
3.8764,3.8674
NaN,NaN
0.49848,-0.29924
0.59653,-0.16662
0.43337,-0.14252
NaN,NaN
1.2727,-0.1602
1.3343,-0.0072289
1.1704,-0.024826
NaN,NaN
2.5309,-0.23767
2.3823,-0.166
2.389,-0.33079
NaN,NaN
3.8202,-0.13347
3.6587,-0.16662
3.7639,-0.29357
NaN,NaN
4.4907,-0.078931
4.3333,-0.12817
4.4509,-0.24388
NaN,NaN
0.31531,0.94109
0.44074,0.834
0.4762,0.99507
NaN,NaN
0.28922,1.9594
0.39594,1.8337
0.45667,1.987
NaN,NaN
2.5312,0.88553
2.3747,0.83335
2.4944,0.71986
NaN,NaN
1.2006,0.78392
1.3339,0.88101
1.1855,0.95295
NaN,NaN
0.57597,4.1378
0.66664,4
0.74553,4.1448
NaN,NaN
3.4748,1.0849
3.3333,1
3.4748,0.91515
NaN,NaN
4.4748,1.0849
4.3333,1
4.4748,0.91515
NaN,NaN
1.3673,1.9842
1.4349,1.8338
1.5358,1.9642
NaN,NaN
1.4696,2.9826
1.5406,2.8338
1.6385,2.9665
NaN,NaN
1.5558,3.9817
1.6288,3.8338
1.725,3.9678
NaN,NaN
3.439,2.0708
3.334,1.9437
3.4956,1.9108
NaN,NaN
2.3458,2.1077
2.3335,1.9432
2.4844,2.0098
NaN,NaN
3.4006,3.038
3.3342,2.8871
3.4986,2.8995
NaN,NaN
4.4681,1.9416
4.3437,1.8333
4.4978,1.7746
NaN,NaN
2.2807,3.2041
2.3334,3.0478
2.4465,3.1678
NaN,NaN
2.4392,3.9884
2.4954,3.8333
2.6058,3.9559
NaN,NaN
0.38724,2.9672
0.48455,2.834
0.55624,2.9825
NaN,NaN
4.4283,3.214
4.3337,3.0789
4.4974,3.059
NaN,NaN
3.2931,4.0263
3.3335,3.8664
3.4556,3.9773
NaN,NaN
4.4088,4.0573
4.3337,3.9105
4.4986,3.9133
NaN,NaN
