0.0011562,0.047321
0.01318,0.054486
0.025204,0.06165
0.037228,0.068815
0.049252,0.075979
0.061276,0.083144
0.0733,0.090309
0.085324,0.097473
0.097349,0.10464
0.10937,0.1118
0.1214,0.11897
0.13342,0.12613
0.14544,0.1333
0.15747,0.14046
0.16949,0.14763
0.18152,0.15479
0.19354,0.16195
0.20556,0.16912
0.21759,0.17628
0.22961,0.18345
0.24164,0.19061
0.25366,0.19778
0.26569,0.20494
0.27771,0.21211
0.28973,0.21927
0.30176,0.22644
0.31378,0.2336
0.32581,0.24076
0.33783,0.24793
0.34985,0.25509
0.36188,0.26226
0.3739,0.26942
0.38593,0.27659
0.39795,0.28375
0.40997,0.29092
0.422,0.29808
0.43402,0.30525
0.44605,0.31241
0.45807,0.31958
0.47009,0.32674
0.48212,0.3339
0.49414,0.34107
0.50617,0.34823
0.51819,0.3554
0.53021,0.36256
0.54224,0.36973
0.55426,0.37689
0.56629,0.38406
0.57831,0.39122
0.59033,0.39839
0.60236,0.40555
0.61438,0.41272
0.62641,0.41988
0.63843,0.42704
0.65045,0.43421
0.66248,0.44137
0.6745,0.44854
0.68653,0.4557
0.69855,0.46287
0.71057,0.47003
0.7226,0.4772
0.73462,0.48436
0.74665,0.49153
0.75867,0.49869
0.7707,0.50585
0.78272,0.51302
0.79474,0.52018
0.80677,0.52735
0.81879,0.53451
0.83082,0.54168
0.84284,0.54884
0.85486,0.55601
0.86689,0.56317
0.87891,0.57034
0.89094,0.5775
0.90296,0.58467
0.91498,0.59183
0.92701,0.59899
0.93903,0.60616
0.95106,0.61332
0.96308,0.62049
0.9751,0.62765
0.98713,0.63482
0.99915,0.64198
1.0112,0.64915
1.0232,0.65631
1.0352,0.66348
1.0472,0.67064
1.0593,0.6778
1.0713,0.68497
1.0833,0.69213
1.0953,0.6993
1.1074,0.70646
1.1194,0.71363
1.1314,0.72079
1.1434,0.72796
1.1555,0.73512
1.1675,0.74229
1.1795,0.74945
1.1915,0.75662
1.2036,0.76378
1.2156,0.77094
1.2276,0.77811
1.2396,0.78527
1.2517,0.79244
1.2637,0.7996
1.2757,0.80677
1.2877,0.81393
1.2998,0.8211
1.3118,0.82826
1.3238,0.83543
1.3358,0.84259
1.3478,0.84975
1.3599,0.85692
1.3719,0.86408
1.3839,0.87125
1.3959,0.87841
1.408,0.88558
1.42,0.89274
1.432,0.89991
1.444,0.90707
1.4561,0.91424
1.4681,0.9214
1.4801,0.92857
1.4921,0.93573
1.5042,0.94289
1.5162,0.95006
1.5282,0.95722
1.5402,0.96439
1.5523,0.97155
1.5643,0.97872
1.5763,0.98588
1.5883,0.99305
1.6004,1.0002
NaN,NaN
0.44466,0.0010205
0.45668,0.011417
0.46871,0.021814
0.48073,0.032211
0.49275,0.042607
0.50478,0.053004
0.5168,0.063401
0.52883,0.073798
0.54085,0.084194
0.55287,0.094591
0.5649,0.10499
0.57692,0.11538
0.58895,0.12578
0.60097,0.13618
0.613,0.14657
0.62502,0.15697
0.63704,0.16737
0.64907,0.17777
0.66109,0.18816
0.67312,0.19856
0.68514,0.20896
0.69716,0.21935
0.70919,0.22975
0.72121,0.24015
0.73324,0.25054
0.74526,0.26094
0.75728,0.27134
0.76931,0.28173
0.78133,0.29213
0.79336,0.30253
0.80538,0.31292
0.8174,0.32332
0.82943,0.33372
0.84145,0.34411
0.85348,0.35451
0.8655,0.36491
0.87752,0.3753
0.88955,0.3857
0.90157,0.3961
0.9136,0.40649
0.92562,0.41689
0.93764,0.42729
0.94967,0.43768
0.96169,0.44808
0.97372,0.45848
0.98574,0.46887
0.99776,0.47927
1.0098,0.48967
1.0218,0.50006
1.0338,0.51046
1.0459,0.52086
1.0579,0.53125
1.0699,0.54165
1.0819,0.55205
1.094,0.56244
1.106,0.57284
1.118,0.58324
1.13,0.59363
1.1421,0.60403
1.1541,0.61443
1.1661,0.62482
1.1781,0.63522
1.1901,0.64562
1.2022,0.65601
1.2142,0.66641
1.2262,0.67681
1.2382,0.6872
1.2503,0.6976
1.2623,0.708
1.2743,0.7184
1.2863,0.72879
1.2984,0.73919
1.3104,0.74959
1.3224,0.75998
NaN,NaN
0.96595,0.0011562
0.97358,0.01318
0.98122,0.025204
0.98885,0.037228
0.99648,0.049252
1.0041,0.061276
1.0117,0.0733
1.0194,0.085324
1.027,0.097349
1.0346,0.10937
1.0423,0.1214
1.0499,0.13342
1.0575,0.14544
1.0652,0.15747
1.0728,0.16949
1.0804,0.18152
1.0881,0.19354
1.0957,0.20556
1.1033,0.21759
1.111,0.22961
1.1186,0.24164
1.1262,0.25366
1.1339,0.26569
1.1415,0.27771
1.1491,0.28973
1.1568,0.30176
1.1644,0.31378
1.172,0.32581
1.1797,0.33783
1.1873,0.34985
1.1949,0.36188
1.2026,0.3739
1.2102,0.38593
1.2178,0.39795
1.2255,0.40997
1.2331,0.422
1.2407,0.43402
1.2484,0.44605
1.256,0.45807
1.2636,0.47009
1.2713,0.48212
1.2789,0.49414
1.2865,0.50617
1.2942,0.51819
1.3018,0.53021
1.3094,0.54224
1.3171,0.55426
1.3247,0.56629
1.3323,0.57831
1.34,0.59033
1.3476,0.60236
1.3552,0.61438
1.3628,0.62641
1.3705,0.63843
1.3781,0.65045
1.3857,0.66248
1.3934,0.6745
1.401,0.68653
1.4086,0.69855
1.4163,0.71057
1.4239,0.7226
1.4315,0.73462
1.4392,0.74665
1.4468,0.75867
1.4544,0.7707
1.4621,0.78272
1.4697,0.79474
1.4773,0.80677
1.485,0.81879
1.4926,0.83082
1.5002,0.84284
1.5079,0.85486
1.5155,0.86689
1.5231,0.87891
NaN,NaN
1.2265,0.0011562
1.231,0.01318
1.2355,0.025204
1.24,0.037228
1.2445,0.049252
1.249,0.061276
1.2535,0.0733
1.258,0.085324
1.2625,0.097349
1.267,0.10937
1.2715,0.1214
1.276,0.13342
1.2805,0.14544
1.285,0.15747
1.2895,0.16949
1.294,0.18152
1.2985,0.19354
1.303,0.20556
1.3074,0.21759
1.3119,0.22961
1.3164,0.24164
1.3209,0.25366
1.3254,0.26569
1.3299,0.27771
1.3344,0.28973
1.3389,0.30176
1.3434,0.31378
1.3479,0.32581
1.3524,0.33783
1.3569,0.34985
1.3614,0.36188
1.3659,0.3739
1.3704,0.38593
1.3749,0.39795
1.3794,0.40997
1.3839,0.422
1.3884,0.43402
1.3929,0.44605
1.3974,0.45807
1.4019,0.47009
1.4064,0.48212
1.4109,0.49414
1.4153,0.50617
1.4198,0.51819
1.4243,0.53021
1.4288,0.54224
1.4333,0.55426
1.4378,0.56629
1.4423,0.57831
1.4468,0.59033
1.4513,0.60236
1.4558,0.61438
1.4603,0.62641
1.4648,0.63843
NaN,NaN
1.4871,0.0011562
1.4884,0.01318
1.4898,0.025204
1.4912,0.037228
1.4925,0.049252
1.4939,0.061276
1.4952,0.0733
1.4966,0.085324
1.498,0.097349
1.4993,0.10937
1.5007,0.1214
1.502,0.13342
1.5034,0.14544
1.5048,0.15747
1.5061,0.16949
1.5075,0.18152
1.5088,0.19354
1.5102,0.20556
1.5116,0.21759
1.5129,0.22961
1.5143,0.24164
1.5156,0.25366
1.517,0.26569
1.5183,0.27771
1.5197,0.28973
1.5211,0.30176
1.5224,0.31378
1.5238,0.32581
1.5251,0.33783
1.5265,0.34985
1.5279,0.36188
1.5292,0.3739
1.5306,0.38593
1.5319,0.39795
1.5333,0.40997
1.5347,0.422
1.536,0.43402
1.5374,0.44605
1.5387,0.45807
1.5401,0.47009
1.5415,0.48212
1.5428,0.49414
1.5442,0.50617
1.5455,0.51819
1.5469,0.53021
1.5483,0.54224
1.5496,0.55426
1.551,0.56629
1.5523,0.57831
1.5537,0.59033
1.555,0.60236
1.5564,0.61438
1.5578,0.62641
1.5591,0.63843
1.5605,0.65045
1.5618,0.66248
1.5632,0.6745
1.5646,0.68653
1.5659,0.69855
1.5673,0.71057
1.5686,0.7226
1.57,0.73462
1.5714,0.74665
1.5727,0.75867
1.5741,0.7707
1.5754,0.78272
1.5768,0.79474
1.5782,0.80677
1.5795,0.81879
1.5809,0.83082
1.5822,0.84284
1.5836,0.85486
1.585,0.86689
1.5863,0.87891
1.5877,0.89094
1.589,0.90296
1.5904,0.91498
1.5917,0.92701
1.5931,0.93903
NaN,NaN
1.7477,0.0011562
1.7459,0.01318
1.7441,0.025204
1.7423,0.037228
1.7405,0.049252
1.7388,0.061276
1.737,0.0733
1.7352,0.085324
1.7334,0.097349
1.7317,0.10937
1.7299,0.1214
1.7281,0.13342
1.7263,0.14544
1.7245,0.15747
1.7228,0.16949
1.721,0.18152
1.7192,0.19354
1.7174,0.20556
1.7157,0.21759
1.7139,0.22961
1.7121,0.24164
1.7103,0.25366
1.7086,0.26569
1.7068,0.27771
1.705,0.28973
1.7032,0.30176
1.7014,0.31378
1.6997,0.32581
1.6979,0.33783
1.6961,0.34985
1.6943,0.36188
1.6926,0.3739
1.6908,0.38593
1.689,0.39795
1.6872,0.40997
1.6854,0.422
1.6837,0.43402
1.6819,0.44605
1.6801,0.45807
1.6783,0.47009
1.6766,0.48212
1.6748,0.49414
1.673,0.50617
1.6712,0.51819
1.6694,0.53021
1.6677,0.54224
1.6659,0.55426
1.6641,0.56629
1.6623,0.57831
1.6606,0.59033
1.6588,0.60236
1.657,0.61438
1.6552,0.62641
1.6534,0.63843
1.6517,0.65045
1.6499,0.66248
1.6481,0.6745
1.6463,0.68653
1.6446,0.69855
1.6428,0.71057
1.641,0.7226
1.6392,0.73462
1.6375,0.74665
1.6357,0.75867
1.6339,0.7707
1.6321,0.78272
1.6303,0.79474
1.6286,0.80677
1.6268,0.81879
1.625,0.83082
1.6232,0.84284
1.6215,0.85486
1.6197,0.86689
1.6179,0.87891
NaN,NaN
2.0082,0.0011562
2.0033,0.01318
1.9984,0.025204
1.9935,0.037228
1.9886,0.049252
1.9837,0.061276
1.9787,0.0733
1.9738,0.085324
1.9689,0.097349
1.964,0.10937
1.9591,0.1214
1.9542,0.13342
1.9493,0.14544
1.9443,0.15747
1.9394,0.16949
1.9345,0.18152
1.9296,0.19354
1.9247,0.20556
1.9198,0.21759
1.9149,0.22961
1.9099,0.24164
1.905,0.25366
1.9001,0.26569
1.8952,0.27771
1.8903,0.28973
1.8854,0.30176
1.8805,0.31378
1.8755,0.32581
1.8706,0.33783
1.8657,0.34985
1.8608,0.36188
1.8559,0.3739
1.851,0.38593
1.8461,0.39795
1.8411,0.40997
1.8362,0.422
1.8313,0.43402
1.8264,0.44605
1.8215,0.45807
1.8166,0.47009
1.8117,0.48212
1.8067,0.49414
1.8018,0.50617
1.7969,0.51819
1.792,0.53021
1.7871,0.54224
1.7822,0.55426
1.7773,0.56629
1.7723,0.57831
1.7674,0.59033
1.7625,0.60236
1.7576,0.61438
1.7527,0.62641
1.7478,0.63843
1.7429,0.65045
1.7379,0.66248
1.733,0.6745
1.7281,0.68653
1.7232,0.69855
1.7183,0.71057
1.7134,0.7226
1.7085,0.73462
1.7035,0.74665
1.6986,0.75867
1.6937,0.7707
1.6888,0.78272
1.6839,0.79474
1.679,0.80677
1.6741,0.81879
1.6691,0.83082
1.6642,0.84284
1.6593,0.85486
1.6544,0.86689
1.6495,0.87891
NaN,NaN
2.2688,0.0011562
2.2607,0.01318
2.2527,0.025204
2.2446,0.037228
2.2366,0.049252
2.2285,0.061276
2.2205,0.0733
2.2124,0.085324
2.2044,0.097349
2.1963,0.10937
2.1883,0.1214
2.1802,0.13342
2.1722,0.14544
2.1641,0.15747
2.1561,0.16949
2.148,0.18152
2.14,0.19354
2.1319,0.20556
2.1239,0.21759
2.1158,0.22961
2.1078,0.24164
2.0997,0.25366
2.0917,0.26569
2.0836,0.27771
2.0756,0.28973
2.0675,0.30176
2.0595,0.31378
2.0514,0.32581
2.0434,0.33783
2.0353,0.34985
2.0273,0.36188
2.0192,0.3739
2.0112,0.38593
2.0031,0.39795
1.9951,0.40997
1.987,0.422
1.979,0.43402
1.9709,0.44605
1.9629,0.45807
1.9548,0.47009
1.9468,0.48212
1.9387,0.49414
1.9307,0.50617
1.9226,0.51819
1.9146,0.53021
1.9065,0.54224
1.8985,0.55426
1.8904,0.56629
1.8823,0.57831
1.8743,0.59033
1.8662,0.60236
1.8582,0.61438
1.8501,0.62641
1.8421,0.63843
1.834,0.65045
1.826,0.66248
1.8179,0.6745
1.8099,0.68653
1.8018,0.69855
1.7938,0.71057
1.7857,0.7226
1.7777,0.73462
1.7696,0.74665
NaN,NaN
2.5294,0.0011562
2.5182,0.01318
2.507,0.025204
2.4958,0.037228
2.4846,0.049252
2.4734,0.061276
2.4622,0.0733
2.451,0.085324
2.4399,0.097349
2.4287,0.10937
2.4175,0.1214
2.4063,0.13342
2.3951,0.14544
2.3839,0.15747
2.3727,0.16949
2.3615,0.18152
2.3504,0.19354
2.3392,0.20556
2.328,0.21759
2.3168,0.22961
2.3056,0.24164
2.2944,0.25366
2.2832,0.26569
2.272,0.27771
2.2609,0.28973
2.2497,0.30176
2.2385,0.31378
2.2273,0.32581
2.2161,0.33783
2.2049,0.34985
2.1937,0.36188
2.1825,0.3739
2.1714,0.38593
2.1602,0.39795
2.149,0.40997
2.1378,0.422
2.1266,0.43402
2.1154,0.44605
2.1042,0.45807
2.093,0.47009
2.0819,0.48212
2.0707,0.49414
2.0595,0.50617
2.0483,0.51819
2.0371,0.53021
2.0259,0.54224
2.0147,0.55426
2.0035,0.56629
1.9924,0.57831
1.9812,0.59033
1.97,0.60236
1.9588,0.61438
1.9476,0.62641
1.9364,0.63843
1.9252,0.65045
1.914,0.66248
1.9029,0.6745
1.8917,0.68653
NaN,NaN
2.7903,0.00082703
2.7783,0.01092
2.7663,0.021013
2.7542,0.031107
2.7422,0.0412
2.7302,0.051293
2.7182,0.061386
2.7062,0.071479
2.6941,0.081572
2.6821,0.091666
2.6701,0.10176
2.6581,0.11185
2.646,0.12195
2.634,0.13204
2.622,0.14213
2.61,0.15222
2.5979,0.16232
2.5859,0.17241
2.5739,0.1825
2.5619,0.1926
2.5498,0.20269
2.5378,0.21278
2.5258,0.22288
2.5138,0.23297
2.5017,0.24306
2.4897,0.25316
2.4777,0.26325
2.4657,0.27334
2.4536,0.28344
2.4416,0.29353
2.4296,0.30362
2.4176,0.31372
2.4055,0.32381
2.3935,0.3339
2.3815,0.344
2.3695,0.35409
2.3575,0.36418
2.3454,0.37427
2.3334,0.38437
2.3214,0.39446
2.3094,0.40455
2.2973,0.41465
2.2853,0.42474
2.2733,0.43483
2.2613,0.44493
2.2492,0.45502
2.2372,0.46511
2.2252,0.47521
2.2132,0.4853
2.2011,0.49539
2.1891,0.50549
2.1771,0.51558
2.1651,0.52567
2.153,0.53577
2.141,0.54586
2.129,0.55595
2.117,0.56605
2.1049,0.57614
2.0929,0.58623
2.0809,0.59632
2.0689,0.60642
2.0569,0.61651
2.0448,0.6266
2.0328,0.6367
2.0208,0.64679
2.0088,0.65688
1.9967,0.66698
1.9847,0.67707
1.9727,0.68716
1.9607,0.69726
1.9486,0.70735
1.9366,0.71744
1.9246,0.72754
1.9126,0.73763
1.9005,0.74772
1.8885,0.75782
1.8765,0.76791
1.8645,0.778
1.8524,0.78809
1.8404,0.79819
1.8284,0.80828
1.8164,0.81837
1.8043,0.82847
1.7923,0.83856
1.7803,0.84865
1.7683,0.85875
1.7563,0.86884
1.7442,0.87893
1.7322,0.88903
1.7202,0.89912
1.7082,0.90921
NaN,NaN
0.0011562,0.29585
0.01318,0.30114
0.025204,0.30644
0.037228,0.31173
0.049252,0.31703
0.061276,0.32232
0.0733,0.32762
0.085324,0.33291
0.097349,0.33821
0.10937,0.34351
0.1214,0.3488
0.13342,0.3541
0.14544,0.35939
0.15747,0.36469
0.16949,0.36998
0.18152,0.37528
0.19354,0.38058
0.20556,0.38587
0.21759,0.39117
0.22961,0.39646
0.24164,0.40176
0.25366,0.40705
0.26569,0.41235
0.27771,0.41764
0.28973,0.42294
0.30176,0.42824
0.31378,0.43353
0.32581,0.43883
0.33783,0.44412
0.34985,0.44942
0.36188,0.45471
0.3739,0.46001
0.38593,0.4653
0.39795,0.4706
0.40997,0.4759
0.422,0.48119
0.43402,0.48649
0.44605,0.49178
0.45807,0.49708
0.47009,0.50237
0.48212,0.50767
0.49414,0.51296
0.50617,0.51826
0.51819,0.52356
0.53021,0.52885
0.54224,0.53415
0.55426,0.53944
0.56629,0.54474
0.57831,0.55003
0.59033,0.55533
0.60236,0.56062
0.61438,0.56592
0.62641,0.57122
0.63843,0.57651
0.65045,0.58181
0.66248,0.5871
0.6745,0.5924
0.68653,0.59769
0.69855,0.60299
0.71057,0.60828
0.7226,0.61358
0.73462,0.61888
0.74665,0.62417
0.75867,0.62947
0.7707,0.63476
0.78272,0.64006
0.79474,0.64535
0.80677,0.65065
0.81879,0.65594
0.83082,0.66124
0.84284,0.66654
0.85486,0.67183
0.86689,0.67713
0.87891,0.68242
0.89094,0.68772
0.90296,0.69301
0.91498,0.69831
0.92701,0.7036
0.93903,0.7089
0.95106,0.7142
0.96308,0.71949
0.9751,0.72479
0.98713,0.73008
0.99915,0.73538
1.0112,0.74067
1.0232,0.74597
1.0352,0.75126
1.0472,0.75656
NaN,NaN
2.9989,0.13205
2.9869,0.13951
2.9749,0.14697
2.9629,0.15443
2.9508,0.16189
2.9388,0.16935
2.9268,0.17681
2.9148,0.18427
2.9027,0.19173
2.8907,0.19919
2.8787,0.20665
2.8667,0.21411
2.8546,0.22157
2.8426,0.22903
2.8306,0.23649
2.8186,0.24395
2.8066,0.25141
2.7945,0.25887
2.7825,0.26633
2.7705,0.27379
2.7585,0.28125
2.7464,0.28871
2.7344,0.29617
2.7224,0.30363
2.7104,0.31109
2.6983,0.31855
2.6863,0.32601
2.6743,0.33347
2.6623,0.34093
2.6502,0.34839
2.6382,0.35585
2.6262,0.36331
2.6142,0.37077
2.6021,0.37823
2.5901,0.38569
2.5781,0.39315
2.5661,0.40061
2.554,0.40807
2.542,0.41553
2.53,0.42299
2.518,0.43045
2.506,0.43791
2.4939,0.44537
2.4819,0.45283
2.4699,0.46029
2.4579,0.46775
2.4458,0.47521
2.4338,0.48268
2.4218,0.49014
2.4098,0.4976
2.3977,0.50506
2.3857,0.51252
2.3737,0.51998
2.3617,0.52744
2.3496,0.5349
2.3376,0.54236
2.3256,0.54982
2.3136,0.55728
2.3015,0.56474
2.2895,0.5722
2.2775,0.57966
2.2655,0.58712
2.2534,0.59458
2.2414,0.60204
2.2294,0.6095
2.2174,0.61696
2.2053,0.62442
2.1933,0.63188
2.1813,0.63934
2.1693,0.6468
2.1573,0.65426
2.1452,0.66172
2.1332,0.66918
2.1212,0.67664
2.1092,0.6841
2.0971,0.69156
2.0851,0.69902
2.0731,0.70648
2.0611,0.71394
2.049,0.7214
2.037,0.72886
2.025,0.73632
2.013,0.74378
2.0009,0.75124
NaN,NaN
0.0011562,0.54437
0.01318,0.5478
0.025204,0.55122
0.037228,0.55465
0.049252,0.55808
0.061276,0.5615
0.0733,0.56493
0.085324,0.56836
0.097349,0.57178
0.10937,0.57521
0.1214,0.57864
0.13342,0.58206
0.14544,0.58549
0.15747,0.58892
0.16949,0.59234
0.18152,0.59577
0.19354,0.5992
0.20556,0.60262
0.21759,0.60605
0.22961,0.60948
0.24164,0.6129
0.25366,0.61633
0.26569,0.61975
0.27771,0.62318
0.28973,0.62661
0.30176,0.63003
0.31378,0.63346
0.32581,0.63689
0.33783,0.64031
0.34985,0.64374
0.36188,0.64717
0.3739,0.65059
0.38593,0.65402
0.39795,0.65745
0.40997,0.66087
0.422,0.6643
0.43402,0.66773
0.44605,0.67115
0.45807,0.67458
0.47009,0.67801
0.48212,0.68143
0.49414,0.68486
0.50617,0.68829
0.51819,0.69171
0.53021,0.69514
0.54224,0.69857
0.55426,0.70199
0.56629,0.70542
0.57831,0.70884
0.59033,0.71227
0.60236,0.7157
0.61438,0.71912
0.62641,0.72255
0.63843,0.72598
0.65045,0.7294
0.66248,0.73283
0.6745,0.73626
0.68653,0.73968
0.69855,0.74311
0.71057,0.74654
0.7226,0.74996
0.73462,0.75339
0.74665,0.75682
0.75867,0.76024
0.7707,0.76367
0.78272,0.7671
0.79474,0.77052
0.80677,0.77395
0.81879,0.77738
0.83082,0.7808
0.84284,0.78423
0.85486,0.78766
0.86689,0.79108
0.87891,0.79451
0.89094,0.79794
0.90296,0.80136
0.91498,0.80479
0.92701,0.80821
0.93903,0.81164
0.95106,0.81507
0.96308,0.81849
0.9751,0.82192
0.98713,0.82535
0.99915,0.82877
1.0112,0.8322
1.0232,0.83563
1.0352,0.83905
1.0472,0.84248
1.0593,0.84591
1.0713,0.84933
1.0833,0.85276
1.0953,0.85619
1.1074,0.85961
1.1194,0.86304
1.1314,0.86647
1.1434,0.86989
1.1555,0.87332
1.1675,0.87675
1.1795,0.88017
1.1915,0.8836
1.2036,0.88703
1.2156,0.89045
1.2276,0.89388
1.2396,0.8973
1.2517,0.90073
1.2637,0.90416
1.2757,0.90758
1.2877,0.91101
1.2998,0.91444
1.3118,0.91786
1.3238,0.92129
1.3358,0.92472
1.3478,0.92814
NaN,NaN
2.9989,0.43838
2.9869,0.44321
2.9749,0.44804
2.9629,0.45286
2.9508,0.45769
2.9388,0.46252
2.9268,0.46735
2.9148,0.47217
2.9027,0.477
2.8907,0.48183
2.8787,0.48665
2.8667,0.49148
2.8546,0.49631
2.8426,0.50114
2.8306,0.50596
2.8186,0.51079
2.8066,0.51562
2.7945,0.52045
2.7825,0.52527
2.7705,0.5301
2.7585,0.53493
2.7464,0.53975
2.7344,0.54458
2.7224,0.54941
2.7104,0.55424
2.6983,0.55906
2.6863,0.56389
2.6743,0.56872
2.6623,0.57354
2.6502,0.57837
2.6382,0.5832
2.6262,0.58803
2.6142,0.59285
2.6021,0.59768
2.5901,0.60251
2.5781,0.60733
2.5661,0.61216
2.554,0.61699
2.542,0.62182
2.53,0.62664
2.518,0.63147
2.506,0.6363
2.4939,0.64112
2.4819,0.64595
2.4699,0.65078
2.4579,0.65561
2.4458,0.66043
2.4338,0.66526
2.4218,0.67009
2.4098,0.67491
2.3977,0.67974
2.3857,0.68457
2.3737,0.6894
2.3617,0.69422
2.3496,0.69905
2.3376,0.70388
2.3256,0.7087
2.3136,0.71353
2.3015,0.71836
2.2895,0.72319
2.2775,0.72801
2.2655,0.73284
2.2534,0.73767
2.2414,0.7425
2.2294,0.74732
2.2174,0.75215
2.2053,0.75698
2.1933,0.7618
2.1813,0.76663
2.1693,0.77146
2.1573,0.77629
2.1452,0.78111
2.1332,0.78594
2.1212,0.79077
2.1092,0.79559
2.0971,0.80042
2.0851,0.80525
2.0731,0.81008
2.0611,0.8149
2.049,0.81973
2.037,0.82456
2.025,0.82938
2.013,0.83421
2.0009,0.83904
1.9889,0.84387
1.9769,0.84869
1.9649,0.85352
1.9528,0.85835
1.9408,0.86317
1.9288,0.868
1.9168,0.87283
1.9047,0.87766
1.8927,0.88248
1.8807,0.88731
1.8687,0.89214
1.8567,0.89696
1.8446,0.90179
1.8326,0.90662
1.8206,0.91145
1.8086,0.91627
1.7965,0.9211
1.7845,0.92593
1.7725,0.93075
NaN,NaN
0.0011562,0.7929
0.01318,0.79445
0.025204,0.79601
0.037228,0.79757
0.049252,0.79913
0.061276,0.80068
0.0733,0.80224
0.085324,0.8038
0.097349,0.80536
0.10937,0.80691
0.1214,0.80847
0.13342,0.81003
0.14544,0.81159
0.15747,0.81314
0.16949,0.8147
0.18152,0.81626
0.19354,0.81782
0.20556,0.81937
0.21759,0.82093
0.22961,0.82249
0.24164,0.82405
0.25366,0.8256
0.26569,0.82716
0.27771,0.82872
0.28973,0.83028
0.30176,0.83183
0.31378,0.83339
0.32581,0.83495
0.33783,0.83651
0.34985,0.83806
0.36188,0.83962
0.3739,0.84118
0.38593,0.84274
0.39795,0.84429
0.40997,0.84585
0.422,0.84741
0.43402,0.84897
0.44605,0.85052
0.45807,0.85208
0.47009,0.85364
0.48212,0.8552
0.49414,0.85675
0.50617,0.85831
0.51819,0.85987
0.53021,0.86143
0.54224,0.86298
0.55426,0.86454
0.56629,0.8661
0.57831,0.86766
0.59033,0.86921
0.60236,0.87077
0.61438,0.87233
0.62641,0.87389
0.63843,0.87544
0.65045,0.877
0.66248,0.87856
0.6745,0.88012
0.68653,0.88167
0.69855,0.88323
0.71057,0.88479
0.7226,0.88635
0.73462,0.8879
0.74665,0.88946
0.75867,0.89102
0.7707,0.89258
0.78272,0.89413
0.79474,0.89569
0.80677,0.89725
0.81879,0.89881
0.83082,0.90036
0.84284,0.90192
0.85486,0.90348
0.86689,0.90504
0.87891,0.90659
0.89094,0.90815
0.90296,0.90971
0.91498,0.91127
0.92701,0.91282
0.93903,0.91438
0.95106,0.91594
0.96308,0.9175
0.9751,0.91905
0.98713,0.92061
0.99915,0.92217
1.0112,0.92373
1.0232,0.92529
1.0352,0.92684
1.0472,0.9284
1.0593,0.92996
1.0713,0.93152
1.0833,0.93307
1.0953,0.93463
1.1074,0.93619
1.1194,0.93775
1.1314,0.9393
1.1434,0.94086
1.1555,0.94242
1.1675,0.94398
1.1795,0.94553
1.1915,0.94709
1.2036,0.94865
1.2156,0.95021
1.2276,0.95176
1.2396,0.95332
1.2517,0.95488
1.2637,0.95644
1.2757,0.95799
1.2877,0.95955
1.2998,0.96111
1.3118,0.96267
1.3238,0.96422
1.3358,0.96578
1.3478,0.96734
1.3599,0.9689
1.3719,0.97045
1.3839,0.97201
1.3959,0.97357
1.408,0.97513
1.42,0.97668
1.432,0.97824
1.444,0.9798
1.4561,0.98136
1.4681,0.98291
NaN,NaN
2.9989,0.74472
2.9869,0.74691
2.9749,0.74911
2.9629,0.7513
2.9508,0.7535
2.9388,0.75569
2.9268,0.75788
2.9148,0.76008
2.9027,0.76227
2.8907,0.76447
2.8787,0.76666
2.8667,0.76886
2.8546,0.77105
2.8426,0.77324
2.8306,0.77544
2.8186,0.77763
2.8066,0.77983
2.7945,0.78202
2.7825,0.78421
2.7705,0.78641
2.7585,0.7886
2.7464,0.7908
2.7344,0.79299
2.7224,0.79519
2.7104,0.79738
2.6983,0.79957
2.6863,0.80177
2.6743,0.80396
2.6623,0.80616
2.6502,0.80835
2.6382,0.81054
2.6262,0.81274
2.6142,0.81493
2.6021,0.81713
2.5901,0.81932
2.5781,0.82152
2.5661,0.82371
2.554,0.8259
2.542,0.8281
2.53,0.83029
2.518,0.83249
2.506,0.83468
2.4939,0.83687
2.4819,0.83907
2.4699,0.84126
2.4579,0.84346
2.4458,0.84565
2.4338,0.84785
2.4218,0.85004
2.4098,0.85223
2.3977,0.85443
2.3857,0.85662
2.3737,0.85882
2.3617,0.86101
2.3496,0.8632
2.3376,0.8654
2.3256,0.86759
2.3136,0.86979
2.3015,0.87198
2.2895,0.87418
2.2775,0.87637
2.2655,0.87856
2.2534,0.88076
2.2414,0.88295
2.2294,0.88515
2.2174,0.88734
2.2053,0.88953
2.1933,0.89173
2.1813,0.89392
2.1693,0.89612
2.1573,0.89831
2.1452,0.90051
2.1332,0.9027
2.1212,0.90489
2.1092,0.90709
2.0971,0.90928
2.0851,0.91148
2.0731,0.91367
2.0611,0.91586
2.049,0.91806
2.037,0.92025
2.025,0.92245
2.013,0.92464
2.0009,0.92684
1.9889,0.92903
1.9769,0.93122
1.9649,0.93342
1.9528,0.93561
NaN,NaN
0.0011562,1.0414
0.01318,1.0411
0.025204,1.0408
0.037228,1.0405
0.049252,1.0402
0.061276,1.0399
0.0733,1.0396
0.085324,1.0392
0.097349,1.0389
0.10937,1.0386
0.1214,1.0383
0.13342,1.038
0.14544,1.0377
0.15747,1.0374
0.16949,1.0371
0.18152,1.0367
0.19354,1.0364
0.20556,1.0361
0.21759,1.0358
0.22961,1.0355
0.24164,1.0352
0.25366,1.0349
0.26569,1.0346
0.27771,1.0343
0.28973,1.0339
0.30176,1.0336
0.31378,1.0333
0.32581,1.033
0.33783,1.0327
0.34985,1.0324
0.36188,1.0321
0.3739,1.0318
0.38593,1.0315
0.39795,1.0311
0.40997,1.0308
0.422,1.0305
0.43402,1.0302
0.44605,1.0299
0.45807,1.0296
0.47009,1.0293
0.48212,1.029
0.49414,1.0286
0.50617,1.0283
0.51819,1.028
0.53021,1.0277
0.54224,1.0274
0.55426,1.0271
0.56629,1.0268
0.57831,1.0265
0.59033,1.0262
0.60236,1.0258
0.61438,1.0255
0.62641,1.0252
0.63843,1.0249
0.65045,1.0246
0.66248,1.0243
0.6745,1.024
0.68653,1.0237
0.69855,1.0234
0.71057,1.023
0.7226,1.0227
0.73462,1.0224
0.74665,1.0221
0.75867,1.0218
0.7707,1.0215
0.78272,1.0212
0.79474,1.0209
0.80677,1.0206
0.81879,1.0202
0.83082,1.0199
0.84284,1.0196
0.85486,1.0193
0.86689,1.019
0.87891,1.0187
0.89094,1.0184
0.90296,1.0181
0.91498,1.0177
0.92701,1.0174
0.93903,1.0171
0.95106,1.0168
0.96308,1.0165
0.9751,1.0162
0.98713,1.0159
0.99915,1.0156
1.0112,1.0153
1.0232,1.0149
1.0352,1.0146
1.0472,1.0143
1.0593,1.014
1.0713,1.0137
1.0833,1.0134
1.0953,1.0131
1.1074,1.0128
1.1194,1.0125
1.1314,1.0121
1.1434,1.0118
1.1555,1.0115
1.1675,1.0112
1.1795,1.0109
1.1915,1.0106
1.2036,1.0103
1.2156,1.01
1.2276,1.0096
1.2396,1.0093
1.2517,1.009
1.2637,1.0087
1.2757,1.0084
1.2877,1.0081
1.2998,1.0078
1.3118,1.0075
1.3238,1.0072
1.3358,1.0068
1.3478,1.0065
1.3599,1.0062
1.3719,1.0059
1.3839,1.0056
1.3959,1.0053
1.408,1.005
1.42,1.0047
1.432,1.0044
1.444,1.004
1.4561,1.0037
1.4681,1.0034
1.4801,1.0031
1.4921,1.0028
1.5042,1.0025
1.5162,1.0022
1.5282,1.0019
1.5402,1.0015
1.5523,1.0012
1.5643,1.0009
1.5763,1.0006
NaN,NaN
2.9991,1.0909
2.9871,1.0901
2.9751,1.0893
2.963,1.0885
2.951,1.0877
2.939,1.0869
2.927,1.0862
2.915,1.0854
2.9029,1.0846
2.8909,1.0838
2.8789,1.083
2.8669,1.0823
2.8548,1.0815
2.8428,1.0807
2.8308,1.0799
2.8188,1.0791
2.8067,1.0784
2.7947,1.0776
2.7827,1.0768
2.7707,1.076
2.7586,1.0752
2.7466,1.0745
2.7346,1.0737
2.7226,1.0729
2.7105,1.0721
2.6985,1.0713
2.6865,1.0706
2.6745,1.0698
2.6624,1.069
2.6504,1.0682
2.6384,1.0674
2.6264,1.0666
2.6144,1.0659
2.6023,1.0651
2.5903,1.0643
2.5783,1.0635
2.5663,1.0627
2.5542,1.062
2.5422,1.0612
2.5302,1.0604
2.5182,1.0596
2.5061,1.0588
2.4941,1.0581
2.4821,1.0573
2.4701,1.0565
2.458,1.0557
2.446,1.0549
2.434,1.0542
2.422,1.0534
2.4099,1.0526
2.3979,1.0518
2.3859,1.051
2.3739,1.0503
2.3618,1.0495
2.3498,1.0487
2.3378,1.0479
2.3258,1.0471
2.3138,1.0463
2.3017,1.0456
2.2897,1.0448
2.2777,1.044
2.2657,1.0432
2.2536,1.0424
2.2416,1.0417
2.2296,1.0409
2.2176,1.0401
2.2055,1.0393
2.1935,1.0385
2.1815,1.0378
2.1695,1.037
2.1574,1.0362
2.1454,1.0354
2.1334,1.0346
2.1214,1.0339
2.1093,1.0331
2.0973,1.0323
2.0853,1.0315
2.0733,1.0307
2.0612,1.03
2.0492,1.0292
2.0372,1.0284
2.0252,1.0276
2.0131,1.0268
2.0011,1.026
1.9891,1.0253
1.9771,1.0245
1.9651,1.0237
1.953,1.0229
1.941,1.0221
1.929,1.0214
1.917,1.0206
1.9049,1.0198
1.8929,1.019
1.8809,1.0182
1.8689,1.0175
1.8568,1.0167
1.8448,1.0159
1.8328,1.0151
1.8208,1.0143
1.8087,1.0136
1.7967,1.0128
1.7847,1.012
1.7727,1.0112
1.7606,1.0104
1.7486,1.0097
1.7366,1.0089
1.7246,1.0081
1.7125,1.0073
1.7005,1.0065
1.6885,1.0057
1.6765,1.005
1.6645,1.0042
1.6524,1.0034
NaN,NaN
0.0011562,1.2899
0.01318,1.2878
0.025204,1.2856
0.037228,1.2834
0.049252,1.2812
0.061276,1.279
0.0733,1.2769
0.085324,1.2747
0.097349,1.2725
0.10937,1.2703
0.1214,1.2681
0.13342,1.266
0.14544,1.2638
0.15747,1.2616
0.16949,1.2594
0.18152,1.2572
0.19354,1.2551
0.20556,1.2529
0.21759,1.2507
0.22961,1.2485
0.24164,1.2463
0.25366,1.2442
0.26569,1.242
0.27771,1.2398
0.28973,1.2376
0.30176,1.2354
0.31378,1.2333
0.32581,1.2311
0.33783,1.2289
0.34985,1.2267
0.36188,1.2245
0.3739,1.2223
0.38593,1.2202
0.39795,1.218
0.40997,1.2158
0.422,1.2136
0.43402,1.2114
0.44605,1.2093
0.45807,1.2071
0.47009,1.2049
0.48212,1.2027
0.49414,1.2005
0.50617,1.1984
0.51819,1.1962
0.53021,1.194
0.54224,1.1918
0.55426,1.1896
0.56629,1.1875
0.57831,1.1853
0.59033,1.1831
0.60236,1.1809
0.61438,1.1787
0.62641,1.1766
0.63843,1.1744
0.65045,1.1722
0.66248,1.17
0.6745,1.1678
0.68653,1.1657
0.69855,1.1635
0.71057,1.1613
0.7226,1.1591
0.73462,1.1569
0.74665,1.1548
0.75867,1.1526
0.7707,1.1504
0.78272,1.1482
0.79474,1.146
0.80677,1.1439
0.81879,1.1417
0.83082,1.1395
0.84284,1.1373
0.85486,1.1351
0.86689,1.1329
0.87891,1.1308
0.89094,1.1286
0.90296,1.1264
0.91498,1.1242
0.92701,1.122
0.93903,1.1199
0.95106,1.1177
0.96308,1.1155
0.9751,1.1133
0.98713,1.1111
0.99915,1.109
1.0112,1.1068
1.0232,1.1046
1.0352,1.1024
1.0472,1.1002
1.0593,1.0981
1.0713,1.0959
1.0833,1.0937
1.0953,1.0915
1.1074,1.0893
1.1194,1.0872
1.1314,1.085
1.1434,1.0828
1.1555,1.0806
1.1675,1.0784
1.1795,1.0763
1.1915,1.0741
1.2036,1.0719
1.2156,1.0697
1.2276,1.0675
1.2396,1.0654
1.2517,1.0632
1.2637,1.061
NaN,NaN
0.00078619,1.7667
0.01281,1.761
0.024834,1.7552
0.036858,1.7495
0.048882,1.7437
0.060906,1.7379
0.07293,1.7322
0.084955,1.7264
0.096979,1.7206
0.109,1.7149
0.12103,1.7091
0.13305,1.7033
0.14507,1.6976
0.1571,1.6918
0.16912,1.686
0.18115,1.6803
0.19317,1.6745
0.2052,1.6687
0.21722,1.663
0.22924,1.6572
0.24127,1.6514
0.25329,1.6457
0.26532,1.6399
0.27734,1.6342
0.28936,1.6284
0.30139,1.6226
0.31341,1.6169
0.32544,1.6111
0.33746,1.6053
0.34948,1.5996
0.36151,1.5938
0.37353,1.588
0.38556,1.5823
0.39758,1.5765
0.4096,1.5707
0.42163,1.565
0.43365,1.5592
0.44568,1.5534
0.4577,1.5477
0.46972,1.5419
0.48175,1.5361
0.49377,1.5304
0.5058,1.5246
0.51782,1.5189
0.52984,1.5131
0.54187,1.5073
0.55389,1.5016
0.56592,1.4958
0.57794,1.49
0.58996,1.4843
0.60199,1.4785
0.61401,1.4727
0.62604,1.467
0.63806,1.4612
0.65008,1.4554
0.66211,1.4497
0.67413,1.4439
0.68616,1.4381
0.69818,1.4324
0.71021,1.4266
0.72223,1.4208
0.73425,1.4151
0.74628,1.4093
0.7583,1.4036
0.77033,1.3978
0.78235,1.392
0.79437,1.3863
0.8064,1.3805
0.81842,1.3747
0.83045,1.369
0.84247,1.3632
0.85449,1.3574
0.86652,1.3517
0.87854,1.3459
0.89057,1.3401
0.90259,1.3344
0.91461,1.3286
0.92664,1.3228
0.93866,1.3171
0.95069,1.3113
0.96271,1.3055
0.97473,1.2998
0.98676,1.294
0.99878,1.2883
1.0108,1.2825
1.0228,1.2767
1.0349,1.271
1.0469,1.2652
1.0589,1.2594
1.0709,1.2537
1.083,1.2479
1.095,1.2421
1.107,1.2364
1.119,1.2306
1.131,1.2248
1.1431,1.2191
1.1551,1.2133
1.1671,1.2075
1.1791,1.2018
1.1912,1.196
1.2032,1.1903
1.2152,1.1845
1.2272,1.1787
1.2393,1.173
1.2513,1.1672
1.2633,1.1614
1.2753,1.1557
1.2874,1.1499
1.2994,1.1441
1.3114,1.1384
1.3234,1.1326
1.3355,1.1268
1.3475,1.1211
1.3595,1.1153
1.3715,1.1095
1.3836,1.1038
1.3956,1.098
1.4076,1.0922
1.4196,1.0865
1.4316,1.0807
1.4437,1.075
1.4557,1.0692
1.4677,1.0634
NaN,NaN
0.85756,2.9989
0.86202,2.9869
0.86649,2.9748
0.87095,2.9628
0.87542,2.9508
0.87989,2.9388
0.88435,2.9267
0.88882,2.9147
0.89328,2.9027
0.89775,2.8907
0.90222,2.8786
0.90668,2.8666
0.91115,2.8546
0.91561,2.8426
0.92008,2.8306
0.92455,2.8185
0.92901,2.8065
0.93348,2.7945
0.93794,2.7825
0.94241,2.7704
0.94688,2.7584
0.95134,2.7464
0.95581,2.7344
0.96027,2.7223
0.96474,2.7103
0.96921,2.6983
0.97367,2.6863
0.97814,2.6742
0.98261,2.6622
0.98707,2.6502
0.99154,2.6382
0.996,2.6261
1.0005,2.6141
1.0049,2.6021
1.0094,2.5901
1.0139,2.578
1.0183,2.566
1.0228,2.554
1.0273,2.542
1.0317,2.53
1.0362,2.5179
1.0407,2.5059
1.0451,2.4939
1.0496,2.4819
1.0541,2.4698
1.0585,2.4578
1.063,2.4458
1.0675,2.4338
1.0719,2.4217
1.0764,2.4097
1.0809,2.3977
1.0853,2.3857
1.0898,2.3736
1.0943,2.3616
1.0987,2.3496
1.1032,2.3376
1.1077,2.3255
1.1121,2.3135
1.1166,2.3015
1.1211,2.2895
1.1255,2.2774
1.13,2.2654
1.1345,2.2534
1.1389,2.2414
1.1434,2.2294
1.1478,2.2173
1.1523,2.2053
1.1568,2.1933
1.1612,2.1813
1.1657,2.1692
1.1702,2.1572
1.1746,2.1452
1.1791,2.1332
1.1836,2.1211
1.188,2.1091
1.1925,2.0971
1.197,2.0851
1.2014,2.073
1.2059,2.061
1.2104,2.049
1.2148,2.037
1.2193,2.0249
1.2238,2.0129
1.2282,2.0009
1.2327,1.9889
1.2372,1.9768
1.2416,1.9648
1.2461,1.9528
1.2506,1.9408
1.255,1.9287
1.2595,1.9167
1.264,1.9047
1.2684,1.8927
1.2729,1.8807
1.2774,1.8686
1.2818,1.8566
1.2863,1.8446
1.2908,1.8326
1.2952,1.8205
1.2997,1.8085
1.3042,1.7965
1.3086,1.7845
1.3131,1.7724
1.3176,1.7604
1.322,1.7484
1.3265,1.7364
1.331,1.7243
1.3354,1.7123
1.3399,1.7003
1.3444,1.6883
1.3488,1.6762
1.3533,1.6642
1.3578,1.6522
1.3622,1.6402
1.3667,1.6281
1.3712,1.6161
1.3756,1.6041
1.3801,1.5921
1.3846,1.5801
1.389,1.568
1.3935,1.556
1.398,1.544
1.4024,1.532
1.4069,1.5199
1.4113,1.5079
1.4158,1.4959
1.4203,1.4839
1.4247,1.4718
1.4292,1.4598
1.4337,1.4478
1.4381,1.4358
1.4426,1.4237
1.4471,1.4117
1.4515,1.3997
1.456,1.3877
1.4605,1.3756
1.4649,1.3636
1.4694,1.3516
1.4739,1.3396
1.4783,1.3275
1.4828,1.3155
1.4873,1.3035
1.4917,1.2915
1.4962,1.2795
1.5007,1.2674
1.5051,1.2554
1.5096,1.2434
1.5141,1.2314
1.5185,1.2193
1.523,1.2073
1.5275,1.1953
1.5319,1.1833
1.5364,1.1712
1.5409,1.1592
1.5453,1.1472
1.5498,1.1352
1.5543,1.1231
1.5587,1.1111
1.5632,1.0991
1.5677,1.0871
1.5721,1.075
1.5766,1.063
NaN,NaN
2.5709,2.9989
2.565,2.9869
2.5592,2.9748
2.5534,2.9628
2.5475,2.9508
2.5417,2.9388
2.5358,2.9267
2.53,2.9147
2.5242,2.9027
2.5183,2.8907
2.5125,2.8786
2.5066,2.8666
2.5008,2.8546
2.495,2.8426
2.4891,2.8306
2.4833,2.8185
2.4774,2.8065
2.4716,2.7945
2.4658,2.7825
2.4599,2.7704
2.4541,2.7584
2.4482,2.7464
2.4424,2.7344
2.4366,2.7223
2.4307,2.7103
2.4249,2.6983
2.419,2.6863
2.4132,2.6742
2.4074,2.6622
2.4015,2.6502
2.3957,2.6382
2.3898,2.6261
2.384,2.6141
2.3782,2.6021
2.3723,2.5901
2.3665,2.578
2.3606,2.566
2.3548,2.554
2.349,2.542
2.3431,2.53
2.3373,2.5179
2.3314,2.5059
2.3256,2.4939
2.3198,2.4819
2.3139,2.4698
2.3081,2.4578
2.3022,2.4458
2.2964,2.4338
2.2906,2.4217
2.2847,2.4097
2.2789,2.3977
2.273,2.3857
2.2672,2.3736
2.2614,2.3616
2.2555,2.3496
2.2497,2.3376
2.2438,2.3255
2.238,2.3135
2.2322,2.3015
2.2263,2.2895
2.2205,2.2774
2.2146,2.2654
2.2088,2.2534
2.203,2.2414
2.1971,2.2294
2.1913,2.2173
2.1854,2.2053
2.1796,2.1933
2.1738,2.1813
2.1679,2.1692
2.1621,2.1572
2.1562,2.1452
2.1504,2.1332
2.1446,2.1211
2.1387,2.1091
2.1329,2.0971
2.127,2.0851
2.1212,2.073
2.1153,2.061
2.1095,2.049
2.1037,2.037
2.0978,2.0249
2.092,2.0129
2.0861,2.0009
2.0803,1.9889
2.0745,1.9768
2.0686,1.9648
2.0628,1.9528
2.0569,1.9408
2.0511,1.9287
2.0453,1.9167
2.0394,1.9047
2.0336,1.8927
2.0277,1.8807
2.0219,1.8686
2.0161,1.8566
2.0102,1.8446
2.0044,1.8326
1.9985,1.8205
1.9927,1.8085
1.9869,1.7965
1.981,1.7845
1.9752,1.7724
1.9693,1.7604
1.9635,1.7484
1.9577,1.7364
1.9518,1.7243
1.946,1.7123
1.9401,1.7003
1.9343,1.6883
1.9285,1.6762
1.9226,1.6642
1.9168,1.6522
1.9109,1.6402
1.9051,1.6281
1.8993,1.6161
1.8934,1.6041
1.8876,1.5921
1.8817,1.5801
1.8759,1.568
1.8701,1.556
1.8642,1.544
1.8584,1.532
1.8525,1.5199
1.8467,1.5079
1.8409,1.4959
1.835,1.4839
1.8292,1.4718
1.8233,1.4598
1.8175,1.4478
1.8117,1.4358
1.8058,1.4237
1.8,1.4117
1.7941,1.3997
1.7883,1.3877
1.7825,1.3756
1.7766,1.3636
1.7708,1.3516
1.7649,1.3396
1.7591,1.3275
1.7533,1.3155
1.7474,1.3035
1.7416,1.2915
1.7357,1.2795
1.7299,1.2674
1.7241,1.2554
1.7182,1.2434
1.7124,1.2314
1.7065,1.2193
1.7007,1.2073
1.6949,1.1953
1.689,1.1833
1.6832,1.1712
1.6773,1.1592
1.6715,1.1472
1.6657,1.1352
1.6598,1.1231
1.654,1.1111
1.6481,1.0991
1.6423,1.0871
1.6364,1.075
1.6306,1.063
NaN,NaN
2.9992,2.042
2.9872,2.033
2.9752,2.0241
2.9631,2.0151
2.9511,2.0062
2.9391,1.9972
2.9271,1.9882
2.915,1.9793
2.903,1.9703
2.891,1.9614
2.879,1.9524
2.8669,1.9435
2.8549,1.9345
2.8429,1.9256
2.8309,1.9166
2.8189,1.9077
2.8068,1.8987
2.7948,1.8897
2.7828,1.8808
2.7708,1.8718
2.7587,1.8629
2.7467,1.8539
2.7347,1.845
2.7227,1.836
2.7106,1.8271
2.6986,1.8181
2.6866,1.8092
2.6746,1.8002
2.6625,1.7913
2.6505,1.7823
2.6385,1.7733
2.6265,1.7644
2.6144,1.7554
2.6024,1.7465
2.5904,1.7375
2.5784,1.7286
2.5663,1.7196
2.5543,1.7107
2.5423,1.7017
2.5303,1.6928
2.5183,1.6838
2.5062,1.6749
2.4942,1.6659
2.4822,1.6569
2.4702,1.648
2.4581,1.639
2.4461,1.6301
2.4341,1.6211
2.4221,1.6122
2.41,1.6032
2.398,1.5943
2.386,1.5853
2.374,1.5764
2.3619,1.5674
2.3499,1.5584
2.3379,1.5495
2.3259,1.5405
2.3138,1.5316
2.3018,1.5226
2.2898,1.5137
2.2778,1.5047
2.2657,1.4958
2.2537,1.4868
2.2417,1.4779
2.2297,1.4689
2.2177,1.46
2.2056,1.451
2.1936,1.442
2.1816,1.4331
2.1696,1.4241
2.1575,1.4152
2.1455,1.4062
2.1335,1.3973
2.1215,1.3883
2.1094,1.3794
2.0974,1.3704
2.0854,1.3615
2.0734,1.3525
2.0613,1.3435
2.0493,1.3346
2.0373,1.3256
2.0253,1.3167
2.0132,1.3077
2.0012,1.2988
1.9892,1.2898
1.9772,1.2809
1.9651,1.2719
1.9531,1.263
1.9411,1.254
1.9291,1.2451
1.917,1.2361
1.905,1.2271
1.893,1.2182
1.881,1.2092
1.869,1.2003
1.8569,1.1913
1.8449,1.1824
1.8329,1.1734
1.8209,1.1645
1.8088,1.1555
1.7968,1.1466
1.7848,1.1376
1.7728,1.1287
1.7607,1.1197
1.7487,1.1107
1.7367,1.1018
1.7247,1.0928
1.7126,1.0839
NaN,NaN
2.999,1.4576
2.987,1.4537
2.975,1.4498
2.963,1.4458
2.9509,1.4419
2.9389,1.438
2.9269,1.434
2.9149,1.4301
2.9028,1.4262
2.8908,1.4222
2.8788,1.4183
2.8668,1.4144
2.8547,1.4104
2.8427,1.4065
2.8307,1.4026
2.8187,1.3986
2.8066,1.3947
2.7946,1.3908
2.7826,1.3868
2.7706,1.3829
2.7585,1.379
2.7465,1.375
2.7345,1.3711
2.7225,1.3672
2.7105,1.3632
2.6984,1.3593
2.6864,1.3554
2.6744,1.3514
2.6624,1.3475
2.6503,1.3436
2.6383,1.3396
2.6263,1.3357
2.6143,1.3318
2.6022,1.3278
2.5902,1.3239
2.5782,1.32
2.5662,1.316
2.5541,1.3121
2.5421,1.3082
2.5301,1.3042
2.5181,1.3003
2.506,1.2964
2.494,1.2924
2.482,1.2885
2.47,1.2846
2.4579,1.2806
2.4459,1.2767
2.4339,1.2728
2.4219,1.2688
2.4099,1.2649
2.3978,1.261
2.3858,1.257
2.3738,1.2531
2.3618,1.2492
2.3497,1.2452
2.3377,1.2413
2.3257,1.2374
2.3137,1.2334
2.3016,1.2295
2.2896,1.2256
2.2776,1.2216
2.2656,1.2177
2.2535,1.2138
2.2415,1.2098
2.2295,1.2059
2.2175,1.202
2.2054,1.198
2.1934,1.1941
2.1814,1.1902
2.1694,1.1862
2.1573,1.1823
2.1453,1.1784
2.1333,1.1744
2.1213,1.1705
2.1092,1.1666
2.0972,1.1626
2.0852,1.1587
2.0732,1.1548
2.0612,1.1508
2.0491,1.1469
2.0371,1.143
2.0251,1.139
2.0131,1.1351
2.001,1.1312
1.989,1.1272
1.977,1.1233
1.965,1.1194
1.9529,1.1154
1.9409,1.1115
1.9289,1.1076
1.9169,1.1036
1.9048,1.0997
1.8928,1.0958
1.8808,1.0918
1.8688,1.0879
1.8567,1.084
1.8447,1.08
1.8327,1.0761
1.8207,1.0722
1.8086,1.0682
1.7966,1.0643
1.7846,1.0604
NaN,NaN
0.0011562,1.5385
0.01318,1.5344
0.025204,1.5304
0.037228,1.5263
0.049252,1.5223
0.061276,1.5182
0.0733,1.5142
0.085324,1.5101
0.097349,1.5061
0.10937,1.502
0.1214,1.498
0.13342,1.4939
0.14544,1.4899
0.15747,1.4858
0.16949,1.4818
0.18152,1.4777
0.19354,1.4737
0.20556,1.4696
0.21759,1.4656
0.22961,1.4615
0.24164,1.4575
0.25366,1.4534
0.26569,1.4494
0.27771,1.4453
0.28973,1.4413
0.30176,1.4372
0.31378,1.4332
0.32581,1.4291
0.33783,1.4251
0.34985,1.421
0.36188,1.417
0.3739,1.4129
0.38593,1.4089
0.39795,1.4048
0.40997,1.4008
0.422,1.3967
0.43402,1.3927
0.44605,1.3886
0.45807,1.3846
0.47009,1.3805
0.48212,1.3765
0.49414,1.3724
0.50617,1.3684
0.51819,1.3643
0.53021,1.3603
0.54224,1.3562
0.55426,1.3522
0.56629,1.3481
0.57831,1.3441
0.59033,1.34
0.60236,1.336
0.61438,1.3319
0.62641,1.3279
0.63843,1.3238
0.65045,1.3198
0.66248,1.3157
0.6745,1.3117
0.68653,1.3076
0.69855,1.3036
0.71057,1.2995
0.7226,1.2955
0.73462,1.2914
0.74665,1.2874
0.75867,1.2833
0.7707,1.2793
0.78272,1.2752
0.79474,1.2712
0.80677,1.2672
0.81879,1.2631
0.83082,1.2591
0.84284,1.255
0.85486,1.251
0.86689,1.2469
0.87891,1.2429
0.89094,1.2388
0.90296,1.2348
0.91498,1.2307
0.92701,1.2267
0.93903,1.2226
0.95106,1.2186
0.96308,1.2145
0.9751,1.2105
0.98713,1.2064
0.99915,1.2024
1.0112,1.1983
1.0232,1.1943
1.0352,1.1902
1.0472,1.1862
NaN,NaN
0.00078619,2.424
0.01281,2.4133
0.024834,2.4025
0.036858,2.3918
0.048882,2.3811
0.060906,2.3704
0.07293,2.3597
0.084955,2.349
0.096979,2.3383
0.109,2.3276
0.12103,2.3169
0.13305,2.3062
0.14507,2.2955
0.1571,2.2848
0.16912,2.2741
0.18115,2.2634
0.19317,2.2527
0.2052,2.2419
0.21722,2.2312
0.22924,2.2205
0.24127,2.2098
0.25329,2.1991
0.26532,2.1884
0.27734,2.1777
0.28936,2.167
0.30139,2.1563
0.31341,2.1456
0.32544,2.1349
0.33746,2.1242
0.34948,2.1135
0.36151,2.1028
0.37353,2.0921
0.38556,2.0814
0.39758,2.0706
0.4096,2.0599
0.42163,2.0492
0.43365,2.0385
0.44568,2.0278
0.4577,2.0171
0.46972,2.0064
0.48175,1.9957
0.49377,1.985
0.5058,1.9743
0.51782,1.9636
0.52984,1.9529
0.54187,1.9422
0.55389,1.9315
0.56592,1.9208
0.57794,1.9101
0.58996,1.8993
0.60199,1.8886
0.61401,1.8779
0.62604,1.8672
0.63806,1.8565
0.65008,1.8458
0.66211,1.8351
0.67413,1.8244
0.68616,1.8137
0.69818,1.803
0.71021,1.7923
0.72223,1.7816
0.73425,1.7709
0.74628,1.7602
0.7583,1.7495
0.77033,1.7388
0.78235,1.728
0.79437,1.7173
0.8064,1.7066
0.81842,1.6959
0.83045,1.6852
0.84247,1.6745
0.85449,1.6638
0.86652,1.6531
0.87854,1.6424
0.89057,1.6317
0.90259,1.621
0.91461,1.6103
0.92664,1.5996
0.93866,1.5889
0.95069,1.5782
0.96271,1.5674
0.97473,1.5567
0.98676,1.546
0.99878,1.5353
1.0108,1.5246
1.0228,1.5139
1.0349,1.5032
1.0469,1.4925
1.0589,1.4818
1.0709,1.4711
1.083,1.4604
1.095,1.4497
1.107,1.439
1.119,1.4283
1.131,1.4176
1.1431,1.4069
1.1551,1.3961
1.1671,1.3854
1.1791,1.3747
1.1912,1.364
1.2032,1.3533
1.2152,1.3426
1.2272,1.3319
1.2393,1.3212
1.2513,1.3105
1.2633,1.2998
1.2753,1.2891
1.2874,1.2784
1.2994,1.2677
1.3114,1.257
1.3234,1.2463
1.3355,1.2356
1.3475,1.2248
1.3595,1.2141
1.3715,1.2034
1.3836,1.1927
1.3956,1.182
NaN,NaN
2.9989,1.6637
2.9869,1.658
2.9749,1.6523
2.9629,1.6466
2.9508,1.6409
2.9388,1.6352
2.9268,1.6295
2.9148,1.6238
2.9027,1.6181
2.8907,1.6124
2.8787,1.6067
2.8667,1.601
2.8546,1.5953
2.8426,1.5896
2.8306,1.5839
2.8186,1.5782
2.8066,1.5725
2.7945,1.5667
2.7825,1.561
2.7705,1.5553
2.7585,1.5496
2.7464,1.5439
2.7344,1.5382
2.7224,1.5325
2.7104,1.5268
2.6983,1.5211
2.6863,1.5154
2.6743,1.5097
2.6623,1.504
2.6502,1.4983
2.6382,1.4926
2.6262,1.4869
2.6142,1.4812
2.6021,1.4755
2.5901,1.4698
2.5781,1.4641
2.5661,1.4584
2.554,1.4526
2.542,1.4469
2.53,1.4412
2.518,1.4355
2.506,1.4298
2.4939,1.4241
2.4819,1.4184
2.4699,1.4127
2.4579,1.407
2.4458,1.4013
2.4338,1.3956
2.4218,1.3899
2.4098,1.3842
2.3977,1.3785
2.3857,1.3728
2.3737,1.3671
2.3617,1.3614
2.3496,1.3557
2.3376,1.35
2.3256,1.3443
2.3136,1.3386
2.3015,1.3328
2.2895,1.3271
2.2775,1.3214
2.2655,1.3157
2.2534,1.31
2.2414,1.3043
2.2294,1.2986
2.2174,1.2929
2.2053,1.2872
2.1933,1.2815
2.1813,1.2758
2.1693,1.2701
2.1573,1.2644
2.1452,1.2587
2.1332,1.253
2.1212,1.2473
2.1092,1.2416
2.0971,1.2359
2.0851,1.2302
2.0731,1.2245
2.0611,1.2188
2.049,1.213
2.037,1.2073
2.025,1.2016
2.013,1.1959
2.0009,1.1902
1.9889,1.1845
1.9769,1.1788
NaN,NaN
0.063691,2.9993
0.07293,2.9873
0.08217,2.9753
0.09141,2.9632
0.10065,2.9512
0.10989,2.9392
0.11913,2.9272
0.12837,2.9151
0.13761,2.9031
0.14685,2.8911
0.15609,2.8791
0.16533,2.867
0.17457,2.855
0.1838,2.843
0.19304,2.831
0.20228,2.8189
0.21152,2.8069
0.22076,2.7949
0.23,2.7829
0.23924,2.7708
0.24848,2.7588
0.25772,2.7468
0.26696,2.7348
0.2762,2.7228
0.28544,2.7107
0.29468,2.6987
0.30392,2.6867
0.31316,2.6747
0.3224,2.6626
0.33164,2.6506
0.34088,2.6386
0.35012,2.6266
0.35936,2.6145
0.3686,2.6025
0.37784,2.5905
0.38707,2.5785
0.39631,2.5664
0.40555,2.5544
0.41479,2.5424
0.42403,2.5304
0.43327,2.5183
0.44251,2.5063
0.45175,2.4943
0.46099,2.4823
0.47023,2.4702
0.47947,2.4582
0.48871,2.4462
0.49795,2.4342
0.50719,2.4222
0.51643,2.4101
0.52567,2.3981
0.53491,2.3861
0.54415,2.3741
0.55339,2.362
0.56263,2.35
0.57187,2.338
0.5811,2.326
0.59034,2.3139
0.59958,2.3019
0.60882,2.2899
0.61806,2.2779
0.6273,2.2658
0.63654,2.2538
0.64578,2.2418
0.65502,2.2298
0.66426,2.2177
0.6735,2.2057
0.68274,2.1937
0.69198,2.1817
0.70122,2.1696
0.71046,2.1576
0.7197,2.1456
0.72894,2.1336
0.73818,2.1216
0.74742,2.1095
0.75666,2.0975
0.7659,2.0855
0.77513,2.0735
0.78437,2.0614
0.79361,2.0494
0.80285,2.0374
0.81209,2.0254
0.82133,2.0133
0.83057,2.0013
0.83981,1.9893
0.84905,1.9773
0.85829,1.9652
0.86753,1.9532
0.87677,1.9412
0.88601,1.9292
0.89525,1.9171
0.90449,1.9051
0.91373,1.8931
0.92297,1.8811
0.93221,1.869
0.94145,1.857
0.95069,1.845
0.95993,1.833
0.96917,1.8209
0.9784,1.8089
0.98764,1.7969
0.99688,1.7849
1.0061,1.7729
1.0154,1.7608
1.0246,1.7488
1.0338,1.7368
1.0431,1.7248
1.0523,1.7127
1.0616,1.7007
1.0708,1.6887
1.08,1.6767
1.0893,1.6646
1.0985,1.6526
1.1078,1.6406
1.117,1.6286
1.1262,1.6165
1.1355,1.6045
1.1447,1.5925
1.154,1.5805
1.1632,1.5684
1.1724,1.5564
1.1817,1.5444
1.1909,1.5324
1.2002,1.5203
1.2094,1.5083
1.2186,1.4963
1.2279,1.4843
1.2371,1.4723
1.2464,1.4602
1.2556,1.4482
1.2648,1.4362
1.2741,1.4242
1.2833,1.4121
1.2925,1.4001
1.3018,1.3881
1.311,1.3761
1.3203,1.364
1.3295,1.352
1.3387,1.34
1.348,1.328
1.3572,1.3159
1.3665,1.3039
1.3757,1.2919
1.3849,1.2799
1.3942,1.2678
1.4034,1.2558
1.4127,1.2438
1.4219,1.2318
1.4311,1.2197
1.4404,1.2077
1.4496,1.1957
1.4589,1.1837
1.4681,1.1717
1.4773,1.1596
1.4866,1.1476
1.4958,1.1356
1.5051,1.1236
NaN,NaN
1.3264,2.9993
1.3281,2.9873
1.3297,2.9753
1.3313,2.9632
1.333,2.9512
1.3346,2.9392
1.3363,2.9272
1.3379,2.9151
1.3396,2.9031
1.3412,2.8911
1.3429,2.8791
1.3445,2.867
1.3462,2.855
1.3478,2.843
1.3494,2.831
1.3511,2.8189
1.3527,2.8069
1.3544,2.7949
1.356,2.7829
1.3577,2.7708
1.3593,2.7588
1.361,2.7468
1.3626,2.7348
1.3643,2.7228
1.3659,2.7107
1.3675,2.6987
1.3692,2.6867
1.3708,2.6747
1.3725,2.6626
1.3741,2.6506
1.3758,2.6386
1.3774,2.6266
1.3791,2.6145
1.3807,2.6025
1.3824,2.5905
1.384,2.5785
1.3856,2.5664
1.3873,2.5544
1.3889,2.5424
1.3906,2.5304
1.3922,2.5183
1.3939,2.5063
1.3955,2.4943
1.3972,2.4823
1.3988,2.4702
1.4005,2.4582
1.4021,2.4462
1.4037,2.4342
1.4054,2.4222
1.407,2.4101
1.4087,2.3981
1.4103,2.3861
1.412,2.3741
1.4136,2.362
1.4153,2.35
1.4169,2.338
1.4186,2.326
1.4202,2.3139
1.4218,2.3019
1.4235,2.2899
1.4251,2.2779
1.4268,2.2658
1.4284,2.2538
1.4301,2.2418
1.4317,2.2298
1.4334,2.2177
1.435,2.2057
1.4367,2.1937
1.4383,2.1817
1.4399,2.1696
1.4416,2.1576
1.4432,2.1456
1.4449,2.1336
1.4465,2.1216
1.4482,2.1095
1.4498,2.0975
1.4515,2.0855
1.4531,2.0735
1.4548,2.0614
1.4564,2.0494
1.458,2.0374
1.4597,2.0254
1.4613,2.0133
1.463,2.0013
1.4646,1.9893
1.4663,1.9773
1.4679,1.9652
1.4696,1.9532
1.4712,1.9412
1.4729,1.9292
1.4745,1.9171
1.4761,1.9051
1.4778,1.8931
1.4794,1.8811
1.4811,1.869
1.4827,1.857
1.4844,1.845
1.486,1.833
1.4877,1.8209
1.4893,1.8089
1.491,1.7969
1.4926,1.7849
1.4942,1.7729
1.4959,1.7608
1.4975,1.7488
1.4992,1.7368
1.5008,1.7248
1.5025,1.7127
1.5041,1.7007
1.5058,1.6887
1.5074,1.6767
1.509,1.6646
1.5107,1.6526
1.5123,1.6406
1.514,1.6286
1.5156,1.6165
1.5173,1.6045
1.5189,1.5925
1.5206,1.5805
1.5222,1.5684
1.5239,1.5564
1.5255,1.5444
1.5271,1.5324
1.5288,1.5203
1.5304,1.5083
1.5321,1.4963
1.5337,1.4843
1.5354,1.4723
1.537,1.4602
1.5387,1.4482
1.5403,1.4362
1.542,1.4242
1.5436,1.4121
1.5452,1.4001
1.5469,1.3881
1.5485,1.3761
1.5502,1.364
1.5518,1.352
1.5535,1.34
1.5551,1.328
1.5568,1.3159
1.5584,1.3039
1.5601,1.2919
1.5617,1.2799
1.5633,1.2678
1.565,1.2558
1.5666,1.2438
NaN,NaN
1.9578,2.9993
1.9556,2.9873
1.9535,2.9753
1.9513,2.9632
1.9492,2.9512
1.947,2.9392
1.9449,2.9272
1.9427,2.9151
1.9406,2.9031
1.9384,2.8911
1.9363,2.8791
1.9341,2.867
1.932,2.855
1.9298,2.843
1.9276,2.831
1.9255,2.8189
1.9233,2.8069
1.9212,2.7949
1.919,2.7829
1.9169,2.7708
1.9147,2.7588
1.9126,2.7468
1.9104,2.7348
1.9083,2.7228
1.9061,2.7107
1.904,2.6987
1.9018,2.6867
1.8997,2.6747
1.8975,2.6626
1.8954,2.6506
1.8932,2.6386
1.8911,2.6266
1.8889,2.6145
1.8868,2.6025
1.8846,2.5905
1.8825,2.5785
1.8803,2.5664
1.8782,2.5544
1.876,2.5424
1.8739,2.5304
1.8717,2.5183
1.8696,2.5063
1.8674,2.4943
1.8652,2.4823
1.8631,2.4702
1.8609,2.4582
1.8588,2.4462
1.8566,2.4342
1.8545,2.4222
1.8523,2.4101
1.8502,2.3981
1.848,2.3861
1.8459,2.3741
1.8437,2.362
1.8416,2.35
1.8394,2.338
1.8373,2.326
1.8351,2.3139
1.833,2.3019
1.8308,2.2899
1.8287,2.2779
1.8265,2.2658
1.8244,2.2538
1.8222,2.2418
1.8201,2.2298
1.8179,2.2177
1.8158,2.2057
1.8136,2.1937
1.8115,2.1817
1.8093,2.1696
1.8072,2.1576
1.805,2.1456
1.8029,2.1336
1.8007,2.1216
1.7985,2.1095
1.7964,2.0975
1.7942,2.0855
1.7921,2.0735
1.7899,2.0614
1.7878,2.0494
1.7856,2.0374
1.7835,2.0254
1.7813,2.0133
1.7792,2.0013
1.777,1.9893
1.7749,1.9773
1.7727,1.9652
1.7706,1.9532
1.7684,1.9412
1.7663,1.9292
1.7641,1.9171
1.762,1.9051
1.7598,1.8931
1.7577,1.8811
1.7555,1.869
1.7534,1.857
1.7512,1.845
1.7491,1.833
1.7469,1.8209
1.7448,1.8089
1.7426,1.7969
1.7405,1.7849
1.7383,1.7729
1.7361,1.7608
1.734,1.7488
1.7318,1.7368
1.7297,1.7248
1.7275,1.7127
1.7254,1.7007
1.7232,1.6887
1.7211,1.6767
1.7189,1.6646
1.7168,1.6526
1.7146,1.6406
1.7125,1.6286
1.7103,1.6165
1.7082,1.6045
1.706,1.5925
1.7039,1.5805
1.7017,1.5684
1.6996,1.5564
1.6974,1.5444
1.6953,1.5324
1.6931,1.5203
1.691,1.5083
1.6888,1.4963
1.6867,1.4843
1.6845,1.4723
1.6824,1.4602
1.6802,1.4482
1.6781,1.4362
1.6759,1.4242
1.6737,1.4121
1.6716,1.4001
1.6694,1.3881
1.6673,1.3761
1.6651,1.364
1.663,1.352
1.6608,1.34
1.6587,1.328
1.6565,1.3159
1.6544,1.3039
1.6522,1.2919
1.6501,1.2799
1.6479,1.2678
1.6458,1.2558
1.6436,1.2438
1.6415,1.2318
1.6393,1.2197
1.6372,1.2077
1.635,1.1957
1.6329,1.1837
1.6307,1.1717
1.6286,1.1596
1.6264,1.1476
1.6243,1.1356
1.6221,1.1236
NaN,NaN
2.9993,2.7264
2.9895,2.7143
2.9798,2.7023
2.97,2.6903
2.9603,2.6783
2.9505,2.6662
2.9408,2.6542
2.931,2.6422
2.9213,2.6302
2.9115,2.6181
2.9018,2.6061
2.8921,2.5941
2.8823,2.5821
2.8726,2.57
2.8628,2.558
2.8531,2.546
2.8433,2.534
2.8336,2.522
2.8238,2.5099
2.8141,2.4979
2.8043,2.4859
2.7946,2.4739
2.7849,2.4618
2.7751,2.4498
2.7654,2.4378
2.7556,2.4258
2.7459,2.4137
2.7361,2.4017
2.7264,2.3897
2.7166,2.3777
2.7069,2.3656
2.6971,2.3536
2.6874,2.3416
2.6776,2.3296
2.6679,2.3175
2.6582,2.3055
2.6484,2.2935
2.6387,2.2815
2.6289,2.2694
2.6192,2.2574
2.6094,2.2454
2.5997,2.2334
2.5899,2.2214
2.5802,2.2093
2.5704,2.1973
2.5607,2.1853
2.551,2.1733
2.5412,2.1612
2.5315,2.1492
2.5217,2.1372
2.512,2.1252
2.5022,2.1131
2.4925,2.1011
2.4827,2.0891
2.473,2.0771
2.4632,2.065
2.4535,2.053
2.4437,2.041
2.434,2.029
2.4243,2.0169
2.4145,2.0049
2.4048,1.9929
2.395,1.9809
2.3853,1.9688
2.3755,1.9568
2.3658,1.9448
2.356,1.9328
2.3463,1.9207
2.3365,1.9087
2.3268,1.8967
2.3171,1.8847
2.3073,1.8727
2.2976,1.8606
2.2878,1.8486
2.2781,1.8366
2.2683,1.8246
2.2586,1.8125
2.2488,1.8005
2.2391,1.7885
2.2293,1.7765
2.2196,1.7644
2.2099,1.7524
2.2001,1.7404
2.1904,1.7284
2.1806,1.7163
2.1709,1.7043
2.1611,1.6923
2.1514,1.6803
2.1416,1.6682
2.1319,1.6562
2.1221,1.6442
2.1124,1.6322
2.1026,1.6201
2.0929,1.6081
2.0832,1.5961
2.0734,1.5841
2.0637,1.5721
2.0539,1.56
2.0442,1.548
2.0344,1.536
2.0247,1.524
2.0149,1.5119
2.0052,1.4999
1.9954,1.4879
1.9857,1.4759
1.976,1.4638
1.9662,1.4518
1.9565,1.4398
1.9467,1.4278
1.937,1.4157
1.9272,1.4037
1.9175,1.3917
1.9077,1.3797
1.898,1.3676
1.8882,1.3556
1.8785,1.3436
1.8687,1.3316
1.859,1.3195
1.8493,1.3075
1.8395,1.2955
1.8298,1.2835
1.82,1.2715
1.8103,1.2594
1.8005,1.2474
1.7908,1.2354
1.781,1.2234
1.7713,1.2113
NaN,NaN
0.0011562,2.0355
0.01318,2.0277
0.025204,2.0199
0.037228,2.0122
0.049252,2.0044
0.061276,1.9966
0.0733,1.9888
0.085324,1.981
0.097349,1.9732
0.10937,1.9654
0.1214,1.9576
0.13342,1.9499
0.14544,1.9421
0.15747,1.9343
0.16949,1.9265
0.18152,1.9187
0.19354,1.9109
0.20556,1.9031
0.21759,1.8953
0.22961,1.8876
0.24164,1.8798
0.25366,1.872
0.26569,1.8642
0.27771,1.8564
0.28973,1.8486
0.30176,1.8408
0.31378,1.833
0.32581,1.8253
0.33783,1.8175
0.34985,1.8097
0.36188,1.8019
0.3739,1.7941
0.38593,1.7863
0.39795,1.7785
0.40997,1.7707
0.422,1.763
0.43402,1.7552
0.44605,1.7474
0.45807,1.7396
0.47009,1.7318
0.48212,1.724
0.49414,1.7162
0.50617,1.7084
0.51819,1.7007
0.53021,1.6929
0.54224,1.6851
0.55426,1.6773
0.56629,1.6695
0.57831,1.6617
0.59033,1.6539
0.60236,1.6461
0.61438,1.6384
0.62641,1.6306
0.63843,1.6228
0.65045,1.615
0.66248,1.6072
0.6745,1.5994
0.68653,1.5916
0.69855,1.5838
0.71057,1.5761
0.7226,1.5683
0.73462,1.5605
0.74665,1.5527
0.75867,1.5449
0.7707,1.5371
0.78272,1.5293
0.79474,1.5215
0.80677,1.5138
0.81879,1.506
0.83082,1.4982
0.84284,1.4904
0.85486,1.4826
0.86689,1.4748
0.87891,1.467
0.89094,1.4592
0.90296,1.4515
0.91498,1.4437
0.92701,1.4359
0.93903,1.4281
0.95106,1.4203
0.96308,1.4125
0.9751,1.4047
0.98713,1.3969
0.99915,1.3892
1.0112,1.3814
1.0232,1.3736
1.0352,1.3658
1.0472,1.358
1.0593,1.3502
1.0713,1.3424
1.0833,1.3346
1.0953,1.3268
1.1074,1.3191
1.1194,1.3113
1.1314,1.3035
1.1434,1.2957
1.1555,1.2879
1.1675,1.2801
1.1795,1.2723
1.1915,1.2645
1.2036,1.2568
1.2156,1.249
1.2276,1.2412
NaN,NaN
2.2062,2.9991
2.2025,2.9871
2.1989,2.9751
2.1952,2.963
2.1916,2.951
2.188,2.939
2.1843,2.927
2.1807,2.915
2.177,2.9029
2.1734,2.8909
2.1697,2.8789
2.1661,2.8669
2.1624,2.8548
2.1588,2.8428
2.1551,2.8308
2.1515,2.8188
2.1478,2.8067
2.1442,2.7947
2.1406,2.7827
2.1369,2.7707
2.1333,2.7586
2.1296,2.7466
2.126,2.7346
2.1223,2.7226
2.1187,2.7105
2.115,2.6985
2.1114,2.6865
2.1077,2.6745
2.1041,2.6624
2.1005,2.6504
2.0968,2.6384
2.0932,2.6264
2.0895,2.6144
2.0859,2.6023
2.0822,2.5903
2.0786,2.5783
2.0749,2.5663
2.0713,2.5542
2.0676,2.5422
2.064,2.5302
2.0603,2.5182
2.0567,2.5061
2.0531,2.4941
2.0494,2.4821
2.0458,2.4701
2.0421,2.458
2.0385,2.446
2.0348,2.434
2.0312,2.422
2.0275,2.4099
2.0239,2.3979
2.0202,2.3859
2.0166,2.3739
2.0129,2.3618
2.0093,2.3498
2.0057,2.3378
2.002,2.3258
1.9984,2.3138
1.9947,2.3017
1.9911,2.2897
1.9874,2.2777
1.9838,2.2657
1.9801,2.2536
1.9765,2.2416
1.9728,2.2296
1.9692,2.2176
1.9655,2.2055
1.9619,2.1935
1.9583,2.1815
1.9546,2.1695
1.951,2.1574
1.9473,2.1454
1.9437,2.1334
1.94,2.1214
1.9364,2.1093
1.9327,2.0973
1.9291,2.0853
1.9254,2.0733
1.9218,2.0612
1.9182,2.0492
1.9145,2.0372
1.9109,2.0252
1.9072,2.0131
1.9036,2.0011
1.8999,1.9891
1.8963,1.9771
1.8926,1.9651
1.889,1.953
1.8853,1.941
1.8817,1.929
1.878,1.917
1.8744,1.9049
1.8708,1.8929
1.8671,1.8809
1.8635,1.8689
1.8598,1.8568
1.8562,1.8448
1.8525,1.8328
1.8489,1.8208
1.8452,1.8087
1.8416,1.7967
1.8379,1.7847
1.8343,1.7727
1.8306,1.7606
1.827,1.7486
1.8234,1.7366
1.8197,1.7246
1.8161,1.7125
1.8124,1.7005
1.8088,1.6885
1.8051,1.6765
1.8015,1.6645
1.7978,1.6524
1.7942,1.6404
1.7905,1.6284
1.7869,1.6164
1.7832,1.6043
1.7796,1.5923
1.776,1.5803
1.7723,1.5683
1.7687,1.5562
1.765,1.5442
1.7614,1.5322
1.7577,1.5202
1.7541,1.5081
1.7504,1.4961
1.7468,1.4841
1.7431,1.4721
1.7395,1.46
1.7359,1.448
1.7322,1.436
1.7286,1.424
1.7249,1.4119
1.7213,1.3999
1.7176,1.3879
1.714,1.3759
1.7103,1.3639
NaN,NaN
2.9988,2.2983
2.9868,2.2872
2.9748,2.276
2.9628,2.2648
2.9507,2.2537
2.9387,2.2425
2.9267,2.2314
2.9147,2.2202
2.9027,2.209
2.8906,2.1979
2.8786,2.1867
2.8666,2.1756
2.8546,2.1644
2.8425,2.1532
2.8305,2.1421
2.8185,2.1309
2.8065,2.1198
2.7944,2.1086
2.7824,2.0974
2.7704,2.0863
2.7584,2.0751
2.7463,2.064
2.7343,2.0528
2.7223,2.0416
2.7103,2.0305
2.6982,2.0193
2.6862,2.0082
2.6742,1.997
2.6622,1.9858
2.6501,1.9747
2.6381,1.9635
2.6261,1.9524
2.6141,1.9412
2.6021,1.93
2.59,1.9189
2.578,1.9077
2.566,1.8966
2.554,1.8854
2.5419,1.8742
2.5299,1.8631
2.5179,1.8519
2.5059,1.8408
2.4938,1.8296
2.4818,1.8184
2.4698,1.8073
2.4578,1.7961
2.4457,1.785
2.4337,1.7738
2.4217,1.7626
2.4097,1.7515
2.3976,1.7403
2.3856,1.7292
2.3736,1.718
2.3616,1.7068
2.3495,1.6957
2.3375,1.6845
2.3255,1.6734
2.3135,1.6622
2.3014,1.651
2.2894,1.6399
2.2774,1.6287
2.2654,1.6176
2.2534,1.6064
2.2413,1.5952
2.2293,1.5841
2.2173,1.5729
2.2053,1.5618
2.1932,1.5506
2.1812,1.5394
2.1692,1.5283
2.1572,1.5171
2.1451,1.506
2.1331,1.4948
2.1211,1.4836
2.1091,1.4725
2.097,1.4613
2.085,1.4502
2.073,1.439
2.061,1.4278
2.0489,1.4167
2.0369,1.4055
2.0249,1.3944
2.0129,1.3832
2.0008,1.372
1.9888,1.3609
NaN,NaN
0.48703,2.999
0.49372,2.987
0.50042,2.975
0.50711,2.963
0.51381,2.9509
0.5205,2.9389
0.52719,2.9269
0.53389,2.9149
0.54058,2.9028
0.54728,2.8908
0.55397,2.8788
0.56067,2.8668
0.56736,2.8547
0.57406,2.8427
0.58075,2.8307
0.58744,2.8187
0.59414,2.8066
0.60083,2.7946
0.60753,2.7826
0.61422,2.7706
0.62092,2.7585
0.62761,2.7465
0.63431,2.7345
0.641,2.7225
0.64769,2.7105
0.65439,2.6984
0.66108,2.6864
0.66778,2.6744
0.67447,2.6624
0.68117,2.6503
0.68786,2.6383
0.69456,2.6263
0.70125,2.6143
0.70794,2.6022
0.71464,2.5902
0.72133,2.5782
0.72803,2.5662
0.73472,2.5541
0.74142,2.5421
0.74811,2.5301
0.75481,2.5181
0.7615,2.506
0.76819,2.494
0.77489,2.482
0.78158,2.47
0.78828,2.4579
0.79497,2.4459
0.80167,2.4339
0.80836,2.4219
0.81506,2.4099
0.82175,2.3978
0.82845,2.3858
0.83514,2.3738
0.84183,2.3618
0.84853,2.3497
0.85522,2.3377
0.86192,2.3257
0.86861,2.3137
0.87531,2.3016
0.882,2.2896
0.8887,2.2776
0.89539,2.2656
0.90208,2.2535
0.90878,2.2415
0.91547,2.2295
0.92217,2.2175
0.92886,2.2054
0.93556,2.1934
0.94225,2.1814
0.94895,2.1694
0.95564,2.1573
0.96233,2.1453
0.96903,2.1333
0.97572,2.1213
0.98242,2.1092
0.98911,2.0972
0.99581,2.0852
1.0025,2.0732
1.0092,2.0612
1.0159,2.0491
1.0226,2.0371
1.0293,2.0251
1.036,2.0131
1.0427,2.001
1.0494,1.989
1.0561,1.977
1.0628,1.965
1.0694,1.9529
1.0761,1.9409
1.0828,1.9289
1.0895,1.9169
1.0962,1.9048
1.1029,1.8928
1.1096,1.8808
1.1163,1.8688
1.123,1.8567
1.1297,1.8447
1.1364,1.8327
1.1431,1.8207
1.1498,1.8086
1.1565,1.7966
1.1632,1.7846
1.1699,1.7726
1.1766,1.7606
1.1833,1.7485
1.1899,1.7365
1.1966,1.7245
1.2033,1.7125
1.21,1.7004
1.2167,1.6884
1.2234,1.6764
1.2301,1.6644
1.2368,1.6523
1.2435,1.6403
1.2502,1.6283
1.2569,1.6163
1.2636,1.6042
1.2703,1.5922
1.277,1.5802
1.2837,1.5682
1.2904,1.5561
1.2971,1.5441
1.3038,1.5321
1.3104,1.5201
1.3171,1.508
1.3238,1.496
1.3305,1.484
1.3372,1.472
1.3439,1.46
1.3506,1.4479
1.3573,1.4359
1.364,1.4239
1.3707,1.4119
1.3774,1.3998
1.3841,1.3878
1.3908,1.3758
1.3975,1.3638
NaN,NaN
1.1354,2.999
1.1382,2.987
1.141,2.975
1.1437,2.963
1.1465,2.9509
1.1493,2.9389
1.1521,2.9269
1.1549,2.9149
1.1577,2.9028
1.1605,2.8908
1.1633,2.8788
1.1661,2.8668
1.1689,2.8547
1.1717,2.8427
1.1745,2.8307
1.1773,2.8187
1.1801,2.8066
1.1829,2.7946
1.1857,2.7826
1.1885,2.7706
1.1913,2.7585
1.1941,2.7465
1.1968,2.7345
1.1996,2.7225
1.2024,2.7105
1.2052,2.6984
1.208,2.6864
1.2108,2.6744
1.2136,2.6624
1.2164,2.6503
1.2192,2.6383
1.222,2.6263
1.2248,2.6143
1.2276,2.6022
1.2304,2.5902
1.2332,2.5782
1.236,2.5662
1.2388,2.5541
1.2416,2.5421
1.2444,2.5301
1.2472,2.5181
1.2499,2.506
1.2527,2.494
1.2555,2.482
1.2583,2.47
1.2611,2.4579
1.2639,2.4459
1.2667,2.4339
1.2695,2.4219
1.2723,2.4099
1.2751,2.3978
1.2779,2.3858
1.2807,2.3738
1.2835,2.3618
1.2863,2.3497
1.2891,2.3377
1.2919,2.3257
1.2947,2.3137
1.2975,2.3016
1.3003,2.2896
1.303,2.2776
1.3058,2.2656
1.3086,2.2535
1.3114,2.2415
1.3142,2.2295
1.317,2.2175
1.3198,2.2054
1.3226,2.1934
1.3254,2.1814
1.3282,2.1694
1.331,2.1573
1.3338,2.1453
1.3366,2.1333
1.3394,2.1213
1.3422,2.1092
1.345,2.0972
1.3478,2.0852
1.3506,2.0732
1.3534,2.0612
1.3561,2.0491
1.3589,2.0371
1.3617,2.0251
1.3645,2.0131
1.3673,2.001
1.3701,1.989
1.3729,1.977
1.3757,1.965
1.3785,1.9529
1.3813,1.9409
1.3841,1.9289
1.3869,1.9169
1.3897,1.9048
1.3925,1.8928
1.3953,1.8808
1.3981,1.8688
1.4009,1.8567
1.4037,1.8447
1.4065,1.8327
1.4092,1.8207
1.412,1.8086
1.4148,1.7966
1.4176,1.7846
1.4204,1.7726
1.4232,1.7606
1.426,1.7485
1.4288,1.7365
1.4316,1.7245
1.4344,1.7125
1.4372,1.7004
1.44,1.6884
1.4428,1.6764
1.4456,1.6644
1.4484,1.6523
1.4512,1.6403
1.454,1.6283
1.4568,1.6163
1.4596,1.6042
1.4623,1.5922
1.4651,1.5802
1.4679,1.5682
NaN,NaN
0.0009716,2.7813
0.011765,2.7693
0.022559,2.7573
0.033353,2.7452
0.044146,2.7332
0.05494,2.7212
0.065734,2.7092
0.076527,2.6971
0.087321,2.6851
0.098115,2.6731
0.10891,2.6611
0.1197,2.649
0.1305,2.637
0.14129,2.625
0.15208,2.613
0.16288,2.6009
0.17367,2.5889
0.18446,2.5769
0.19526,2.5649
0.20605,2.5528
0.21685,2.5408
0.22764,2.5288
0.23843,2.5168
0.24923,2.5047
0.26002,2.4927
0.27081,2.4807
0.28161,2.4687
0.2924,2.4567
0.30319,2.4446
0.31399,2.4326
0.32478,2.4206
0.33558,2.4086
0.34637,2.3965
0.35716,2.3845
0.36796,2.3725
0.37875,2.3605
0.38954,2.3484
0.40034,2.3364
0.41113,2.3244
0.42193,2.3124
0.43272,2.3003
0.44351,2.2883
0.45431,2.2763
0.4651,2.2643
0.47589,2.2522
0.48669,2.2402
0.49748,2.2282
0.50827,2.2162
0.51907,2.2041
0.52986,2.1921
0.54066,2.1801
0.55145,2.1681
0.56224,2.1561
0.57304,2.144
0.58383,2.132
0.59462,2.12
0.60542,2.108
0.61621,2.0959
0.62701,2.0839
0.6378,2.0719
0.64859,2.0599
0.65939,2.0478
0.67018,2.0358
0.68097,2.0238
0.69177,2.0118
0.70256,1.9997
0.71335,1.9877
0.72415,1.9757
0.73494,1.9637
0.74574,1.9516
0.75653,1.9396
0.76732,1.9276
0.77812,1.9156
0.78891,1.9035
0.7997,1.8915
0.8105,1.8795
0.82129,1.8675
0.83208,1.8554
0.84288,1.8434
0.85367,1.8314
0.86447,1.8194
0.87526,1.8074
0.88605,1.7953
0.89685,1.7833
0.90764,1.7713
0.91843,1.7593
0.92923,1.7472
0.94002,1.7352
0.95082,1.7232
0.96161,1.7112
0.9724,1.6991
0.9832,1.6871
0.99399,1.6751
NaN,NaN
1.7581,2.9989
1.7571,2.9869
1.7562,2.9749
1.7552,2.9629
1.7543,2.9508
1.7533,2.9388
1.7524,2.9268
1.7514,2.9148
1.7504,2.9027
1.7495,2.8907
1.7485,2.8787
1.7476,2.8667
1.7466,2.8546
1.7457,2.8426
1.7447,2.8306
1.7438,2.8186
1.7428,2.8066
1.7419,2.7945
1.7409,2.7825
1.74,2.7705
1.739,2.7585
1.7381,2.7464
1.7371,2.7344
1.7362,2.7224
1.7352,2.7104
1.7343,2.6983
1.7333,2.6863
1.7324,2.6743
1.7314,2.6623
1.7305,2.6502
1.7295,2.6382
1.7286,2.6262
1.7276,2.6142
1.7267,2.6021
1.7257,2.5901
1.7248,2.5781
1.7238,2.5661
1.7229,2.554
1.7219,2.542
1.721,2.53
1.72,2.518
1.7191,2.506
1.7181,2.4939
1.7172,2.4819
1.7162,2.4699
1.7153,2.4579
1.7143,2.4458
1.7134,2.4338
1.7124,2.4218
1.7115,2.4098
1.7105,2.3977
1.7096,2.3857
1.7086,2.3737
1.7077,2.3617
1.7067,2.3496
1.7058,2.3376
1.7048,2.3256
1.7039,2.3136
1.7029,2.3015
1.702,2.2895
1.701,2.2775
1.7001,2.2655
1.6991,2.2534
1.6982,2.2414
1.6972,2.2294
1.6963,2.2174
1.6953,2.2053
1.6944,2.1933
1.6934,2.1813
1.6925,2.1693
1.6915,2.1573
1.6906,2.1452
1.6896,2.1332
1.6887,2.1212
1.6877,2.1092
1.6868,2.0971
1.6858,2.0851
1.6848,2.0731
1.6839,2.0611
1.6829,2.049
1.682,2.037
1.681,2.025
1.6801,2.013
1.6791,2.0009
1.6782,1.9889
1.6772,1.9769
1.6763,1.9649
1.6753,1.9528
1.6744,1.9408
1.6734,1.9288
1.6725,1.9168
1.6715,1.9047
1.6706,1.8927
1.6696,1.8807
1.6687,1.8687
1.6677,1.8567
1.6668,1.8446
1.6658,1.8326
1.6649,1.8206
1.6639,1.8086
1.663,1.7965
1.662,1.7845
1.6611,1.7725
1.6601,1.7605
1.6592,1.7484
1.6582,1.7364
1.6573,1.7244
1.6563,1.7124
1.6554,1.7003
1.6544,1.6883
1.6535,1.6763
1.6525,1.6643
1.6516,1.6522
NaN,NaN
2.8737,2.9989
2.8661,2.9869
2.8584,2.9749
2.8508,2.9629
2.8431,2.9508
2.8354,2.9388
2.8278,2.9268
2.8201,2.9148
2.8124,2.9027
2.8048,2.8907
2.7971,2.8787
2.7895,2.8667
2.7818,2.8546
2.7741,2.8426
2.7665,2.8306
2.7588,2.8186
2.7512,2.8066
2.7435,2.7945
2.7358,2.7825
2.7282,2.7705
2.7205,2.7585
2.7128,2.7464
2.7052,2.7344
2.6975,2.7224
2.6899,2.7104
2.6822,2.6983
2.6745,2.6863
2.6669,2.6743
2.6592,2.6623
2.6515,2.6502
2.6439,2.6382
2.6362,2.6262
2.6286,2.6142
2.6209,2.6021
2.6132,2.5901
2.6056,2.5781
2.5979,2.5661
2.5903,2.554
2.5826,2.542
2.5749,2.53
2.5673,2.518
2.5596,2.506
2.5519,2.4939
2.5443,2.4819
2.5366,2.4699
2.529,2.4579
2.5213,2.4458
2.5136,2.4338
2.506,2.4218
2.4983,2.4098
2.4906,2.3977
2.483,2.3857
2.4753,2.3737
2.4677,2.3617
2.46,2.3496
2.4523,2.3376
2.4447,2.3256
2.437,2.3136
2.4294,2.3015
2.4217,2.2895
2.414,2.2775
2.4064,2.2655
2.3987,2.2534
2.391,2.2414
2.3834,2.2294
2.3757,2.2174
2.3681,2.2053
2.3604,2.1933
2.3527,2.1813
2.3451,2.1693
2.3374,2.1573
2.3298,2.1452
2.3221,2.1332
2.3144,2.1212
2.3068,2.1092
2.2991,2.0971
2.2914,2.0851
2.2838,2.0731
2.2761,2.0611
2.2685,2.049
2.2608,2.037
2.2531,2.025
2.2455,2.013
2.2378,2.0009
2.2301,1.9889
2.2225,1.9769
2.2148,1.9649
2.2072,1.9528
2.1995,1.9408
2.1918,1.9288
2.1842,1.9168
2.1765,1.9047
2.1689,1.8927
2.1612,1.8807
2.1535,1.8687
2.1459,1.8567
2.1382,1.8446
2.1305,1.8326
2.1229,1.8206
2.1152,1.8086
2.1076,1.7965
2.0999,1.7845
2.0922,1.7725
2.0846,1.7605
2.0769,1.7484
2.0692,1.7364
2.0616,1.7244
2.0539,1.7124
2.0463,1.7003
2.0386,1.6883
2.0309,1.6763
2.0233,1.6643
2.0156,1.6522
2.008,1.6402
2.0003,1.6282
1.9926,1.6162
1.985,1.6041
1.9773,1.5921
1.9696,1.5801
1.962,1.5681
1.9543,1.5561
1.9467,1.544
NaN,NaN
1.4939,2.9988
1.4946,2.9868
1.4952,2.9748
1.4959,2.9628
1.4965,2.9507
1.4971,2.9387
1.4978,2.9267
1.4984,2.9147
1.499,2.9027
1.4997,2.8906
1.5003,2.8786
1.501,2.8666
1.5016,2.8546
1.5022,2.8425
1.5029,2.8305
1.5035,2.8185
1.5041,2.8065
1.5048,2.7944
1.5054,2.7824
1.5061,2.7704
1.5067,2.7584
1.5073,2.7463
1.508,2.7343
1.5086,2.7223
1.5093,2.7103
1.5099,2.6982
1.5105,2.6862
1.5112,2.6742
1.5118,2.6622
1.5124,2.6501
1.5131,2.6381
1.5137,2.6261
1.5144,2.6141
1.515,2.6021
1.5156,2.59
1.5163,2.578
1.5169,2.566
1.5175,2.554
1.5182,2.5419
1.5188,2.5299
1.5195,2.5179
1.5201,2.5059
1.5207,2.4938
1.5214,2.4818
1.522,2.4698
1.5226,2.4578
1.5233,2.4457
1.5239,2.4337
1.5246,2.4217
1.5252,2.4097
1.5258,2.3976
1.5265,2.3856
1.5271,2.3736
1.5278,2.3616
1.5284,2.3495
1.529,2.3375
1.5297,2.3255
1.5303,2.3135
1.5309,2.3014
1.5316,2.2894
1.5322,2.2774
1.5329,2.2654
1.5335,2.2534
1.5341,2.2413
1.5348,2.2293
1.5354,2.2173
1.536,2.2053
1.5367,2.1932
1.5373,2.1812
1.538,2.1692
1.5386,2.1572
1.5392,2.1451
1.5399,2.1331
1.5405,2.1211
1.5412,2.1091
1.5418,2.097
1.5424,2.085
1.5431,2.073
1.5437,2.061
1.5443,2.0489
1.545,2.0369
1.5456,2.0249
1.5463,2.0129
1.5469,2.0008
1.5475,1.9888
1.5482,1.9768
1.5488,1.9648
1.5494,1.9528
1.5501,1.9407
1.5507,1.9287
1.5514,1.9167
1.552,1.9047
1.5526,1.8926
1.5533,1.8806
1.5539,1.8686
1.5545,1.8566
1.5552,1.8445
1.5558,1.8325
1.5565,1.8205
1.5571,1.8085
1.5577,1.7964
1.5584,1.7844
1.559,1.7724
1.5597,1.7604
1.5603,1.7483
1.5609,1.7363
1.5616,1.7243
1.5622,1.7123
1.5628,1.7002
1.5635,1.6882
1.5641,1.6762
1.5648,1.6642
1.5654,1.6522
1.566,1.6401
1.5667,1.6281
1.5673,1.6161
1.5679,1.6041
1.5686,1.592
1.5692,1.58
1.5699,1.568
1.5705,1.556
1.5711,1.5439
1.5718,1.5319
NaN,NaN
0.25721,0.13363
0.30957,0.23109
0.19894,0.23143
NaN,NaN
0.88868,0.3097
0.92322,0.41481
0.81422,0.39582
NaN,NaN
1.7839,0.14529
1.7137,0.23082
1.6713,0.12864
NaN,NaN
2.422,0.20013
2.3157,0.23082
2.3386,0.12259
NaN,NaN
1.9004,0.94075
1.7911,0.92327
1.858,0.83511
NaN,NaN
0.9196,0.85447
1.0064,0.9231
0.90497,0.96737
NaN,NaN
0.1345,0.98103
0.23082,1.0355
0.13745,1.0948
NaN,NaN
2.3987,1.1089
2.3077,1.046
2.4061,0.9953
NaN,NaN
0.20626,1.6051
0.31642,1.6154
0.25548,1.7078
NaN,NaN
1.0277,2.3772
1.1141,2.3081
1.1345,2.4169
NaN,NaN
2.298,2.5674
2.3078,2.4572
2.4004,2.5177
NaN,NaN
2.469,1.7181
2.4269,1.6158
2.537,1.6268
NaN,NaN
0.93598,1.7707
1.0389,1.7302
1.0263,1.8401
NaN,NaN
0.35851,2.5222
0.46145,2.4817
0.44878,2.5916
NaN,NaN
1.6913,1.8336
1.7307,1.7302
1.8034,1.8135
NaN,NaN
1.7947,2.4113
1.834,2.3079
1.9068,2.3913
NaN,NaN
