0.00058784,0.069494
0.0094055,0.069843
0.018223,0.070195
0.027041,0.070551
0.035858,0.070909
0.044676,0.071271
0.053494,0.071635
0.062311,0.072004
0.071129,0.072446
0.079733,0.078199
0.087845,0.086384
0.096005,0.094486
0.10425,0.1026
0.11249,0.1107
0.1206,0.11882
0.1287,0.12705
0.1368,0.13532
0.14489,0.14346
0.1531,0.15157
0.16134,0.15966
0.16953,0.16775
0.17762,0.1759
0.18571,0.18415
0.19379,0.19239
0.20191,0.20048
0.21014,0.20857
0.21836,0.21664
0.22648,0.22474
0.23455,0.23294
0.24262,0.2412
0.25069,0.24933
0.25888,0.25741
0.2671,0.26548
0.27526,0.27355
0.28333,0.28169
0.29139,0.28993
0.29944,0.29812
0.30755,0.30618
0.31577,0.31424
0.32397,0.3223
0.33202,0.33038
0.34006,0.33859
0.3481,0.34682
0.35618,0.35488
0.36437,0.36292
0.37256,0.37094
0.38061,0.379
0.38864,0.38719
0.39667,0.39542
0.40472,0.40347
0.41288,0.41148
0.42105,0.41948
0.42909,0.42752
0.43709,0.4357
0.4451,0.44391
0.45314,0.45194
0.46129,0.45993
0.46945,0.46792
0.47744,0.47593
0.4854,0.4841
0.49335,0.49225
0.50139,0.5002
0.50953,0.50815
0.51761,0.5161
0.52554,0.52416
0.53346,0.53235
0.54139,0.54034
0.54948,0.54826
0.55759,0.55617
0.56553,0.56413
0.57342,0.57229
0.5813,0.58034
0.58933,0.58824
0.59745,0.59615
0.60543,0.60405
0.6133,0.61215
0.62114,0.62025
0.62907,0.62809
0.63714,0.63592
0.64508,0.64376
0.65289,0.65183
0.66066,0.65987
0.66858,0.66765
0.67663,0.67544
0.68445,0.68324
0.69217,0.69135
0.6999,0.69919
0.70785,0.70689
0.71579,0.71458
0.72343,0.7225
0.73105,0.73048
0.73889,0.73811
0.7468,0.7457
0.75438,0.75347
0.76189,0.76145
0.76965,0.76897
0.77751,0.77645
0.78492,0.78426
0.79233,0.79199
0.8001,0.79936
0.80766,0.80672
0.81489,0.8147
0.82241,0.82196
0.83004,0.8291
0.83709,0.83698
0.8444,0.84409
0.85191,0.85104
0.85877,0.8589
0.86608,0.86572
0.87323,0.87263
0.87991,0.88013
0.88737,0.88665
0.89373,0.89425
0.90083,0.90048
0.90717,0.9077
0.91401,0.91382
0.92013,0.9209
0.92681,0.92644
0.93228,0.93348
0.93793,0.9383
0.94232,0.94306
0.94616,0.94734
0.9473,0.94734
0.94754,0.94734
0.94768,0.94734
0.94776,0.94734
0.94782,0.94734
0.94786,0.94734
0.9479,0.94734
0.94793,0.94734
0.94796,0.94734
0.94799,0.94734
0.94804,0.94734
0.94832,0.94822
0.94854,0.9491
0.94852,0.9491
0.94813,0.94734
0.9482,0.94844
0.94811,0.94756
0.94816,0.94756
0.94855,0.94932
0.94856,0.94932
0.94832,0.94756
0.94817,0.94756
0.94846,0.94932
0.94845,0.94932
0.94862,0.94932
0.94788,0.94746
0.94794,0.94746
0.94798,0.94746
0.94802,0.94746
0.94805,0.94746
0.94809,0.94746
0.94813,0.94746
0.9482,0.94746
0.9481,0.94746
0.94814,0.94746
0.94846,0.94834
0.9482,0.94746
0.94817,0.94746
0.94829,0.94834
0.94869,0.9501
0.94813,0.94746
0.9482,0.94746
0.94818,0.94746
0.94818,0.94746
0.94817,0.94746
0.94839,0.94922
0.94817,0.94746
0.94901,0.95098
0.94805,0.94746
0.94809,0.94746
0.94813,0.94746
0.94819,0.94746
0.94809,0.94746
0.94814,0.94746
0.94823,0.94746
0.9481,0.94746
0.94815,0.94746
0.94854,0.94922
0.94827,0.94746
0.94815,0.94746
0.94844,0.94834
0.94805,0.94746
0.94809,0.94746
0.94813,0.94746
0.94821,0.94746
0.9482,0.94746
0.94818,0.94746
0.9483,0.94834
0.94843,0.94922
0.94857,0.94922
0.94806,0.94746
0.94809,0.94746
0.94814,0.94746
0.94823,0.94746
0.94806,0.94746
0.94809,0.94746
0.94814,0.94746
0.94822,0.94746
0.94818,0.94746
0.94791,0.94794
0.94822,0.94794
0.94855,0.94882
0.94827,0.94794
0.94825,0.94794
0.94824,0.94794
0.94825,0.94882
0.94815,0.94794
0.94819,0.94794
0.94825,0.94794
0.94825,0.94794
0.94824,0.94794
0.94837,0.94882
0.94856,0.9497
0.9485,0.94882
0.94833,0.94794
0.94827,0.94794
0.94813,0.94794
0.94817,0.94794
0.94822,0.94794
0.94865,0.9497
0.94793,0.94753
0.94812,0.94753
0.94818,0.94753
0.9483,0.94842
0.94845,0.9493
0.94869,0.95018
0.94841,0.94842
0.94834,0.94753
0.9482,0.94753
0.9482,0.94753
0.94818,0.94753
0.9483,0.9493
0.94806,0.94753
0.94811,0.94753
0.94816,0.94753
0.94856,0.9493
0.94823,0.94753
0.94819,0.94753
0.94818,0.94753
0.94831,0.94842
0.9485,0.95042
0.94811,0.94777
0.94826,0.94777
0.94812,0.94777
0.94843,0.94942
0.94824,0.94765
0.94821,0.94765
0.94819,0.94765
0.94776,0.94756
0.94787,0.94756
0.94794,0.94756
0.94805,0.94756
0.9481,0.94756
0.94816,0.94756
0.94887,0.94933
0.94809,0.94756
0.94814,0.94756
0.94822,0.94756
0.94822,0.94756
0.94819,0.94756
0.94819,0.94756
0.94819,0.94756
0.94818,0.94756
0.94863,0.95003
0.94837,0.94826
0.94828,0.94826
0.94864,0.95003
0.94837,0.94826
0.94829,0.94826
0.94864,0.95003
0.94837,0.94826
0.94828,0.94826
0.94864,0.95003
0.94837,0.94826
0.94829,0.94826
0.94863,0.95003
0.94837,0.94826
0.94828,0.94826
0.94862,0.95003
0.94838,0.94826
0.94829,0.94826
0.94862,0.95003
0.94837,0.94826
0.94828,0.94826
0.94863,0.95003
0.94837,0.94826
0.94829,0.94826
0.94863,0.95003
0.94838,0.94826
0.94829,0.94826
0.94863,0.95003
0.94837,0.94826
0.94828,0.94826
0.94864,0.95003
0.94838,0.94826
0.94828,0.94826
0.94864,0.95003
0.94839,0.94826
0.94833,0.94915
0.9481,0.94738
0.94829,0.94826
0.94861,0.95003
0.94834,0.94826
0.94829,0.94826
0.94865,0.95003
0.9479,0.9479
0.94799,0.9479
0.94803,0.9479
0.94807,0.9479
0.9481,0.9479
0.94814,0.9479
0.94818,0.9479
0.94823,0.9479
0.94854,0.94966
0.94863,0.94966
0.94822,0.9479
0.94848,0.94878
0.9483,0.9479
0.94828,0.9479
0.94819,0.9479
0.94825,0.9479
0.94824,0.9479
0.94811,0.94919
0.94789,0.94743
0.94794,0.94743
0.94797,0.94743
0.94801,0.94743
0.94804,0.94743
0.94808,0.94743
0.94812,0.94743
0.94885,0.94907
0.94865,0.94779
0.94843,0.94867
0.94834,0.94867
0.94828,0.94779
0.94851,0.94955
0.94824,0.94779
0.94857,0.94955
0.94822,0.94779
0.94843,0.94867
0.94834,0.94867
0.94828,0.94779
0.94851,0.94955
0.94824,0.94779
0.94857,0.94955
0.94822,0.94779
0.94843,0.94867
0.94834,0.94867
0.94828,0.94779
0.94851,0.94955
0.94824,0.94779
0.94857,0.94955
0.94822,0.94779
0.94843,0.94867
0.94834,0.94867
0.94828,0.94779
0.94851,0.94955
0.94824,0.94779
0.94857,0.94955
0.94822,0.94779
0.94843,0.94867
0.94834,0.94867
0.94828,0.94779
0.94851,0.94955
0.94824,0.94779
0.94857,0.94955
0.94822,0.94779
0.94843,0.94867
0.94834,0.94867
0.94828,0.94779
0.94851,0.94955
0.94824,0.94779
0.94857,0.94955
0.94822,0.94779
0.94843,0.94867
0.94834,0.94867
0.94828,0.94779
0.94851,0.94955
0.94824,0.94779
0.94857,0.94955
0.94822,0.94779
0.94843,0.94867
0.94834,0.94867
0.94828,0.94779
0.94851,0.94955
0.94824,0.94779
0.94857,0.94955
0.94822,0.94779
0.94843,0.94867
0.94834,0.94867
0.94828,0.94779
0.94851,0.94955
0.94824,0.94779
0.94857,0.94955
0.94822,0.94779
0.94843,0.94867
0.94834,0.94867
0.94828,0.94779
0.94851,0.94955
0.94824,0.94779
0.94857,0.94955
0.94822,0.94779
0.94843,0.94867
0.94834,0.94867
0.94828,0.94779
0.94851,0.94955
0.94824,0.94779
0.94857,0.94955
0.94822,0.94779
0.94843,0.94867
0.94834,0.94867
0.94828,0.94779
0.94851,0.94955
0.94824,0.94779
0.94857,0.94955
0.94822,0.94779
0.94843,0.94867
0.94834,0.94867
0.94828,0.94779
0.94851,0.94955
0.94824,0.94779
0.94857,0.94955
0.94822,0.94779
0.94843,0.94867
0.94834,0.94867
0.94828,0.94779
0.94851,0.94955
0.94824,0.94779
0.94857,0.94955
0.94822,0.94779
0.94843,0.94867
0.94834,0.94867
0.94828,0.94779
0.94851,0.94955
0.94824,0.94779
0.94857,0.94955
0.94822,0.94779
0.94843,0.94867
0.94834,0.94867
0.94828,0.94779
0.94851,0.94955
0.94824,0.94779
0.94857,0.94955
0.94822,0.94779
0.94843,0.94867
0.94834,0.94867
0.94828,0.94779
0.94851,0.94955
0.94824,0.94779
0.94857,0.94955
0.94822,0.94779
0.94843,0.94867
0.94834,0.94867
0.94828,0.94779
0.94851,0.94955
0.94824,0.94779
0.94857,0.94955
0.94822,0.94779
0.94843,0.94867
0.94834,0.94867
0.94828,0.94779
0.94851,0.94955
0.94824,0.94779
0.94857,0.94955
0.94822,0.94779
0.94843,0.94867
0.94834,0.94867
0.94828,0.94779
0.94851,0.94955
0.94824,0.94779
0.94857,0.94955
0.94822,0.94779
0.94843,0.94867
0.94834,0.94867
0.94828,0.94779
0.94851,0.94955
0.94824,0.94779
0.94857,0.94955
0.94822,0.94779
0.94843,0.94867
0.94834,0.94867
0.94828,0.94779
0.94851,0.94955
0.94824,0.94779
0.94857,0.94955
0.94822,0.94779
0.94843,0.94867
0.94834,0.94867
0.94828,0.94779
0.94851,0.94955
0.94824,0.94779
0.94857,0.94955
0.94822,0.94779
0.94843,0.94867
0.94834,0.94867
0.94828,0.94779
0.94851,0.94955
0.94824,0.94779
0.94857,0.94955
0.94822,0.94779
0.94843,0.94867
0.94834,0.94867
0.94828,0.94779
0.94851,0.94955
0.94824,0.94779
0.94857,0.94955
0.94822,0.94779
NaN,NaN
0.35952,0.00058784
0.36037,0.0094055
0.36122,0.018223
0.36208,0.027041
0.36295,0.035858
0.36381,0.044676
0.36469,0.053494
0.36556,0.062311
0.36645,0.071129
0.36733,0.079947
0.36822,0.088764
0.36912,0.097582
0.37002,0.1064
0.37093,0.11522
0.37185,0.12403
0.37277,0.13285
0.37369,0.14167
0.37462,0.15049
0.37555,0.15931
0.3765,0.16812
0.37744,0.17694
0.3784,0.18576
0.37935,0.19458
0.38032,0.20339
0.38129,0.21221
0.38227,0.22103
0.38325,0.22985
0.38424,0.23866
0.38524,0.24748
0.38624,0.2563
0.38725,0.26512
0.38827,0.27393
0.38929,0.28275
0.39032,0.29157
0.39136,0.30039
0.3924,0.30921
0.39345,0.31802
0.39451,0.32684
0.39558,0.33566
0.39665,0.34448
NaN,NaN
0.50694,0.00058784
0.5077,0.0094055
0.50846,0.018223
0.50923,0.027041
0.51,0.035858
0.51078,0.044676
0.51156,0.053494
0.51235,0.062311
0.51314,0.071129
0.51393,0.079947
0.51473,0.088764
0.51553,0.097582
0.51634,0.1064
0.51715,0.11522
0.51797,0.12403
0.51879,0.13285
0.51962,0.14167
0.52045,0.15049
0.52129,0.15931
0.52213,0.16812
0.52298,0.17694
0.52383,0.18576
0.52469,0.19458
0.52555,0.20339
0.52642,0.21221
0.52729,0.22103
0.52817,0.22985
0.52906,0.23866
0.52995,0.24748
0.53085,0.2563
0.53175,0.26512
0.53266,0.27393
0.53357,0.28275
0.5345,0.29157
0.53542,0.30039
0.53636,0.30921
0.5373,0.31802
0.53825,0.32684
0.5392,0.33566
0.54016,0.34448
0.54113,0.35329
0.5421,0.36211
0.54308,0.37093
0.54407,0.37975
0.54507,0.38856
0.54607,0.39738
0.54708,0.4062
0.5481,0.41502
0.54913,0.42383
0.55016,0.43265
0.5512,0.44147
0.55226,0.45029
0.55331,0.4591
0.55438,0.46792
0.55546,0.47674
0.55654,0.48556
0.55763,0.49438
NaN,NaN
0.65436,0.00058784
0.65503,0.0094055
0.6557,0.018223
0.65638,0.027041
0.65706,0.035858
0.65775,0.044676
0.65844,0.053494
0.65913,0.062311
0.65983,0.071129
0.66053,0.079947
0.66123,0.088764
0.66194,0.097582
0.66265,0.1064
0.66337,0.11522
0.66409,0.12403
0.66481,0.13285
0.66554,0.14167
0.66628,0.15049
0.66702,0.15931
0.66776,0.16812
0.66851,0.17694
0.66926,0.18576
0.67002,0.19458
0.67078,0.20339
0.67155,0.21221
0.67232,0.22103
0.67309,0.22985
0.67387,0.23866
0.67466,0.24748
0.67545,0.2563
0.67625,0.26512
0.67705,0.27393
0.67786,0.28275
0.67867,0.29157
0.67949,0.30039
0.68032,0.30921
0.68115,0.31802
0.68198,0.32684
0.68282,0.33566
0.68367,0.34448
0.68453,0.35329
0.68538,0.36211
0.68625,0.37093
0.68712,0.37975
0.688,0.38856
0.68889,0.39738
0.68978,0.4062
0.69068,0.41502
0.69158,0.42383
0.6925,0.43265
0.69342,0.44147
0.69434,0.45029
0.69528,0.4591
0.69622,0.46792
0.69717,0.47674
0.69812,0.48556
0.69909,0.49438
0.70006,0.50319
0.70104,0.51201
0.70203,0.52083
0.70303,0.52965
0.70403,0.53846
0.70505,0.54728
0.70607,0.5561
0.7071,0.56492
0.70815,0.57373
0.7092,0.58255
0.71026,0.59137
0.71133,0.60019
0.71241,0.609
0.7135,0.61782
0.7146,0.62664
0.71571,0.63546
0.71683,0.64428
0.71797,0.65309
NaN,NaN
0.80178,0.00058784
0.80236,0.0094055
0.80294,0.018223
0.80353,0.027041
0.80412,0.035858
0.80471,0.044676
0.80531,0.053494
0.80591,0.062311
0.80652,0.071129
0.80712,0.079947
0.80773,0.088764
0.80835,0.097582
0.80896,0.1064
0.80959,0.11522
0.81021,0.12403
0.81084,0.13285
0.81147,0.14167
0.81211,0.15049
0.81275,0.15931
0.81339,0.16812
0.81404,0.17694
0.81469,0.18576
0.81535,0.19458
0.81601,0.20339
0.81667,0.21221
0.81734,0.22103
0.81801,0.22985
0.81869,0.23866
0.81937,0.24748
0.82006,0.2563
0.82075,0.26512
0.82145,0.27393
0.82215,0.28275
0.82285,0.29157
0.82356,0.30039
0.82427,0.30921
0.82499,0.31802
0.82572,0.32684
0.82645,0.33566
0.82718,0.34448
0.82792,0.35329
0.82867,0.36211
0.82942,0.37093
0.83017,0.37975
0.83094,0.38856
0.8317,0.39738
0.83248,0.4062
0.83325,0.41502
0.83404,0.42383
0.83483,0.43265
0.83563,0.44147
0.83643,0.45029
0.83724,0.4591
0.83806,0.46792
0.83888,0.47674
0.83971,0.48556
0.84054,0.49438
0.84139,0.50319
0.84224,0.51201
0.84309,0.52083
0.84396,0.52965
0.84483,0.53846
0.84571,0.54728
0.8466,0.5561
0.84749,0.56492
0.84839,0.57373
0.8493,0.58255
0.85022,0.59137
0.85115,0.60019
0.85209,0.609
0.85303,0.61782
0.85399,0.62664
0.85495,0.63546
0.85592,0.64428
0.8569,0.65309
0.85789,0.66191
0.8589,0.67073
0.85991,0.67955
0.86093,0.68836
0.86196,0.69718
0.86301,0.706
0.86406,0.71482
0.86512,0.72363
0.8662,0.73245
0.86729,0.74127
0.86839,0.75009
0.86951,0.7589
0.87063,0.76772
0.87177,0.77654
0.87292,0.78536
0.87409,0.79418
0.87527,0.80299
0.87646,0.81181
0.87767,0.82063
0.8789,0.82945
0.88014,0.83826
0.88139,0.84708
NaN,NaN
0.9492,0.00058784
0.94969,0.0094055
0.95018,0.018223
0.95068,0.027041
0.95118,0.035858
0.95168,0.044676
0.95219,0.053494
0.95269,0.062311
0.95321,0.071129
0.95372,0.079947
0.95424,0.088764
0.95475,0.097582
0.95528,0.1064
0.9558,0.11522
0.95633,0.12403
0.95686,0.13285
0.9574,0.14167
0.95794,0.15049
0.95848,0.15931
0.95902,0.16812
0.95957,0.17694
0.96012,0.18576
0.96068,0.19458
0.96124,0.20339
0.9618,0.21221
0.96237,0.22103
0.96294,0.22985
0.96351,0.23866
0.96409,0.24748
0.96467,0.2563
0.96525,0.26512
0.96584,0.27393
0.96643,0.28275
0.96703,0.29157
0.96763,0.30039
0.96823,0.30921
0.96884,0.31802
0.96945,0.32684
0.97007,0.33566
0.97069,0.34448
0.97132,0.35329
0.97195,0.36211
0.97258,0.37093
0.97322,0.37975
0.97387,0.38856
0.97452,0.39738
0.97517,0.4062
0.97583,0.41502
0.97649,0.42383
0.97716,0.43265
0.97784,0.44147
0.97852,0.45029
0.9792,0.4591
0.97989,0.46792
0.98059,0.47674
0.98129,0.48556
0.982,0.49438
0.98271,0.50319
0.98343,0.51201
0.98416,0.52083
0.98489,0.52965
0.98563,0.53846
0.98637,0.54728
0.98712,0.5561
0.98788,0.56492
0.98864,0.57373
0.98941,0.58255
0.99019,0.59137
0.99097,0.60019
0.99177,0.609
0.99257,0.61782
0.99337,0.62664
0.99419,0.63546
0.99501,0.64428
0.99584,0.65309
0.99668,0.66191
0.99753,0.67073
0.99838,0.67955
0.99925,0.68836
1.0001,0.69718
1.001,0.706
1.0019,0.71482
1.0028,0.72363
1.0037,0.73245
1.0046,0.74127
1.0056,0.75009
1.0065,0.7589
1.0075,0.76772
1.0084,0.77654
1.0094,0.78536
1.0104,0.79418
1.0114,0.80299
1.0124,0.81181
1.0134,0.82063
1.0145,0.82945
1.0155,0.83826
1.0166,0.84708
1.0176,0.8559
1.0187,0.86472
1.0198,0.87353
1.021,0.88235
1.0221,0.89117
1.0232,0.89999
1.0244,0.9088
1.0256,0.91762
1.0268,0.92644
1.028,0.93526
1.0293,0.94407
1.0305,0.95289
1.0318,0.96171
1.0331,0.97053
1.0344,0.97935
1.0358,0.98816
1.0371,0.99698
1.0385,1.0058
1.0399,1.0146
1.0414,1.0234
1.0428,1.0323
1.0442,1.0411
NaN,NaN
1.0966,0.00058784
1.097,0.0094055
1.0974,0.018223
1.0978,0.027041
1.0982,0.035858
1.0986,0.044676
1.0991,0.053494
1.0995,0.062311
1.0999,0.071129
1.1003,0.079947
1.1007,0.088764
1.1012,0.097582
1.1016,0.1064
1.102,0.11522
1.1025,0.12403
1.1029,0.13285
1.1033,0.14167
1.1038,0.15049
1.1042,0.15931
1.1047,0.16812
1.1051,0.17694
1.1056,0.18576
1.106,0.19458
1.1065,0.20339
1.1069,0.21221
1.1074,0.22103
1.1079,0.22985
1.1083,0.23866
1.1088,0.24748
1.1093,0.2563
1.1098,0.26512
1.1102,0.27393
1.1107,0.28275
1.1112,0.29157
1.1117,0.30039
1.1122,0.30921
1.1127,0.31802
1.1132,0.32684
1.1137,0.33566
1.1142,0.34448
1.1147,0.35329
1.1152,0.36211
1.1158,0.37093
1.1163,0.37975
1.1168,0.38856
1.1173,0.39738
1.1179,0.4062
1.1184,0.41502
1.119,0.42383
1.1195,0.43265
1.12,0.44147
1.1206,0.45029
1.1212,0.4591
1.1217,0.46792
1.1223,0.47674
1.1229,0.48556
1.1235,0.49438
1.124,0.50319
1.1246,0.51201
1.1252,0.52083
1.1258,0.52965
1.1264,0.53846
1.127,0.54728
1.1276,0.5561
1.1283,0.56492
1.1289,0.57373
1.1295,0.58255
1.1302,0.59137
1.1308,0.60019
1.1314,0.609
1.1321,0.61782
1.1328,0.62664
1.1334,0.63546
1.1341,0.64428
1.1348,0.65309
1.1355,0.66191
1.1362,0.67073
1.1369,0.67955
1.1376,0.68836
1.1383,0.69718
1.139,0.706
1.1397,0.71482
1.1405,0.72363
1.1412,0.73245
1.142,0.74127
1.1427,0.75009
1.1435,0.7589
1.1443,0.76772
1.1451,0.77654
1.1459,0.78536
1.1467,0.79418
1.1475,0.80299
1.1483,0.81181
1.1492,0.82063
1.15,0.82945
1.1509,0.83826
1.1517,0.84708
1.1526,0.8559
1.1535,0.86472
1.1544,0.87353
1.1553,0.88235
1.1563,0.89117
1.1572,0.89999
1.1582,0.9088
1.1591,0.91762
1.1601,0.92644
1.1611,0.93526
1.1621,0.94407
1.1631,0.95289
1.1642,0.96171
1.1653,0.97053
1.1663,0.97935
1.1674,0.98816
1.1685,0.99698
1.1697,1.0058
1.1708,1.0146
1.172,1.0234
1.1732,1.0323
1.1744,1.0411
1.1757,1.0499
1.1769,1.0587
1.1782,1.0675
1.1796,1.0763
1.1809,1.0852
1.1823,1.094
1.1837,1.1028
1.1851,1.1116
1.1866,1.1204
1.1881,1.1292
1.1896,1.1381
1.1912,1.1469
1.1928,1.1557
1.1945,1.1645
1.1962,1.1733
1.198,1.1822
1.1998,1.191
1.1984,1.1983
NaN,NaN
1.244,0.00058784
1.2443,0.0094055
1.2447,0.018223
1.245,0.027041
1.2453,0.035858
1.2456,0.044676
1.2459,0.053494
1.2463,0.062311
1.2466,0.071129
1.2469,0.079947
1.2472,0.088764
1.2476,0.097582
1.2479,0.1064
1.2482,0.11522
1.2486,0.12403
1.2489,0.13285
1.2493,0.14167
1.2496,0.15049
1.2499,0.15931
1.2503,0.16812
1.2506,0.17694
1.251,0.18576
1.2513,0.19458
1.2517,0.20339
1.2521,0.21221
1.2524,0.22103
1.2528,0.22985
1.2531,0.23866
1.2535,0.24748
1.2539,0.2563
1.2543,0.26512
1.2546,0.27393
1.255,0.28275
1.2554,0.29157
1.2558,0.30039
1.2561,0.30921
1.2565,0.31802
1.2569,0.32684
1.2573,0.33566
1.2577,0.34448
1.2581,0.35329
1.2585,0.36211
1.2589,0.37093
1.2593,0.37975
1.2597,0.38856
1.2601,0.39738
1.2606,0.4062
1.261,0.41502
1.2614,0.42383
1.2618,0.43265
1.2623,0.44147
1.2627,0.45029
1.2631,0.4591
1.2636,0.46792
1.264,0.47674
1.2645,0.48556
1.2649,0.49438
1.2654,0.50319
1.2658,0.51201
1.2663,0.52083
1.2667,0.52965
1.2672,0.53846
1.2677,0.54728
1.2682,0.5561
1.2686,0.56492
1.2691,0.57373
1.2696,0.58255
1.2701,0.59137
1.2706,0.60019
1.2711,0.609
1.2716,0.61782
1.2721,0.62664
1.2727,0.63546
1.2732,0.64428
1.2737,0.65309
1.2743,0.66191
1.2748,0.67073
1.2753,0.67955
1.2759,0.68836
1.2764,0.69718
1.277,0.706
1.2776,0.71482
1.2781,0.72363
1.2787,0.73245
1.2793,0.74127
1.2799,0.75009
1.2805,0.7589
1.2811,0.76772
1.2817,0.77654
1.2823,0.78536
1.283,0.79418
1.2836,0.80299
1.2842,0.81181
1.2849,0.82063
1.2856,0.82945
1.2862,0.83826
1.2869,0.84708
1.2876,0.8559
1.2883,0.86472
1.289,0.87353
1.2897,0.88235
1.2904,0.89117
1.2912,0.89999
1.2919,0.9088
1.2927,0.91762
1.2934,0.92644
1.2942,0.93526
1.295,0.94407
1.2958,0.95289
1.2966,0.96171
1.2974,0.97053
1.2983,0.97935
1.2991,0.98816
1.3,0.99698
1.3009,1.0058
1.3018,1.0146
1.3027,1.0234
1.3036,1.0323
1.3046,1.0411
1.3055,1.0499
1.3065,1.0587
1.3075,1.0675
1.3085,1.0763
1.3096,1.0852
1.3107,1.094
1.3118,1.1028
1.3129,1.1116
1.314,1.1204
1.3152,1.1292
1.3164,1.1381
1.3176,1.1469
1.3189,1.1557
1.3202,1.1645
1.3215,1.1733
1.3229,1.1822
1.3243,1.191
1.3257,1.1998
1.3272,1.2086
1.3288,1.2174
1.3304,1.2262
1.332,1.2351
1.3337,1.2439
1.3355,1.2527
1.3373,1.2615
1.3392,1.2703
1.3412,1.2791
1.3433,1.288
1.3455,1.2968
1.3478,1.3056
1.3502,1.3144
1.3528,1.3232
1.3555,1.3321
1.3583,1.3409
1.3614,1.3497
1.3647,1.3585
1.357,1.3597
1.3482,1.3577
1.3393,1.3557
1.3305,1.3537
1.3217,1.3516
NaN,NaN
1.3915,0.00058784
1.3917,0.0094055
1.3919,0.018223
1.3921,0.027041
1.3924,0.035858
1.3926,0.044676
1.3928,0.053494
1.393,0.062311
1.3933,0.071129
1.3935,0.079947
1.3937,0.088764
1.394,0.097582
1.3942,0.1064
1.3945,0.11522
1.3947,0.12403
1.3949,0.13285
1.3952,0.14167
1.3954,0.15049
1.3957,0.15931
1.3959,0.16812
1.3962,0.17694
1.3964,0.18576
1.3967,0.19458
1.3969,0.20339
1.3972,0.21221
1.3974,0.22103
1.3977,0.22985
1.398,0.23866
1.3982,0.24748
1.3985,0.2563
1.3988,0.26512
1.399,0.27393
1.3993,0.28275
1.3996,0.29157
1.3998,0.30039
1.4001,0.30921
1.4004,0.31802
1.4007,0.32684
1.4009,0.33566
1.4012,0.34448
1.4015,0.35329
1.4018,0.36211
1.4021,0.37093
1.4024,0.37975
1.4027,0.38856
1.403,0.39738
1.4033,0.4062
1.4036,0.41502
1.4039,0.42383
1.4042,0.43265
1.4045,0.44147
1.4048,0.45029
1.4051,0.4591
1.4054,0.46792
1.4057,0.47674
1.406,0.48556
1.4064,0.49438
1.4067,0.50319
1.407,0.51201
1.4073,0.52083
1.4077,0.52965
1.408,0.53846
1.4083,0.54728
1.4087,0.5561
1.409,0.56492
1.4094,0.57373
1.4097,0.58255
1.4101,0.59137
1.4104,0.60019
1.4108,0.609
1.4112,0.61782
1.4115,0.62664
1.4119,0.63546
1.4123,0.64428
1.4127,0.65309
1.413,0.66191
1.4134,0.67073
1.4138,0.67955
1.4142,0.68836
1.4146,0.69718
1.415,0.706
1.4154,0.71482
1.4158,0.72363
1.4162,0.73245
1.4167,0.74127
1.4171,0.75009
1.4175,0.7589
1.4179,0.76772
1.4184,0.77654
1.4188,0.78536
1.4193,0.79418
1.4197,0.80299
1.4202,0.81181
1.4206,0.82063
1.4211,0.82945
1.4216,0.83826
1.4221,0.84708
1.4226,0.8559
1.4231,0.86472
1.4236,0.87353
1.4241,0.88235
1.4246,0.89117
1.4251,0.89999
1.4256,0.9088
1.4262,0.91762
1.4267,0.92644
1.4273,0.93526
1.4278,0.94407
1.4284,0.95289
1.429,0.96171
1.4296,0.97053
1.4302,0.97935
1.4308,0.98816
1.4314,0.99698
1.432,1.0058
1.4327,1.0146
1.4333,1.0234
1.434,1.0323
1.4347,1.0411
1.4354,1.0499
1.4361,1.0587
1.4368,1.0675
1.4375,1.0763
1.4383,1.0852
1.439,1.094
1.4398,1.1028
1.4406,1.1116
1.4414,1.1204
1.4423,1.1292
1.4431,1.1381
1.444,1.1469
1.4449,1.1557
1.4458,1.1645
1.4468,1.1733
1.4478,1.1822
1.4488,1.191
1.4498,1.1998
1.4509,1.2086
1.452,1.2174
1.4531,1.2262
1.4543,1.2351
1.4555,1.2439
1.4568,1.2527
1.4581,1.2615
1.4595,1.2703
1.4609,1.2791
1.4624,1.288
1.4639,1.2968
1.4656,1.3056
1.4673,1.3144
1.4691,1.3232
1.471,1.3321
1.4731,1.3409
1.4753,1.3497
1.4776,1.3585
1.4802,1.3673
1.483,1.3761
1.486,1.385
1.4894,1.3938
1.4932,1.4026
1.4976,1.4114
1.5028,1.4202
1.5091,1.429
1.5173,1.4378
1.5261,1.4447
1.5349,1.4496
1.5437,1.4531
1.5525,1.4554
1.5614,1.4571
1.5702,1.4581
1.579,1.4589
1.5878,1.4593
1.5966,1.4596
1.6054,1.4598
1.6143,1.4599
1.6231,1.4599
1.6319,1.46
1.6407,1.46
1.6495,1.46
1.6583,1.46
1.6672,1.46
1.676,1.46
1.6848,1.46
1.6936,1.46
1.7024,1.46
1.7113,1.46
1.7201,1.46
1.7289,1.46
1.7377,1.46
1.7465,1.46
1.7553,1.46
1.7601,1.46
1.76,1.46
NaN,NaN
1.5389,0.00058784
1.539,0.0094055
1.5391,0.018223
1.5393,0.027041
1.5394,0.035858
1.5395,0.044676
1.5397,0.053494
1.5398,0.062311
1.54,0.071129
1.5401,0.079947
1.5402,0.088764
1.5404,0.097582
1.5405,0.1064
1.5407,0.11522
1.5408,0.12403
1.541,0.13285
1.5411,0.14167
1.5413,0.15049
1.5414,0.15931
1.5416,0.16812
1.5417,0.17694
1.5419,0.18576
1.542,0.19458
1.5422,0.20339
1.5423,0.21221
1.5425,0.22103
1.5426,0.22985
1.5428,0.23866
1.5429,0.24748
1.5431,0.2563
1.5433,0.26512
1.5434,0.27393
1.5436,0.28275
1.5437,0.29157
1.5439,0.30039
1.5441,0.30921
1.5442,0.31802
1.5444,0.32684
1.5446,0.33566
1.5447,0.34448
1.5449,0.35329
1.5451,0.36211
1.5453,0.37093
1.5454,0.37975
1.5456,0.38856
1.5458,0.39738
1.546,0.4062
1.5461,0.41502
1.5463,0.42383
1.5465,0.43265
1.5467,0.44147
1.5469,0.45029
1.5471,0.4591
1.5472,0.46792
1.5474,0.47674
1.5476,0.48556
1.5478,0.49438
1.548,0.50319
1.5482,0.51201
1.5484,0.52083
1.5486,0.52965
1.5488,0.53846
1.549,0.54728
1.5492,0.5561
1.5494,0.56492
1.5496,0.57373
1.5498,0.58255
1.5501,0.59137
1.5503,0.60019
1.5505,0.609
1.5507,0.61782
1.5509,0.62664
1.5511,0.63546
1.5514,0.64428
1.5516,0.65309
1.5518,0.66191
1.5521,0.67073
1.5523,0.67955
1.5525,0.68836
1.5528,0.69718
1.553,0.706
1.5532,0.71482
1.5535,0.72363
1.5537,0.73245
1.554,0.74127
1.5542,0.75009
1.5545,0.7589
1.5548,0.76772
1.555,0.77654
1.5553,0.78536
1.5556,0.79418
1.5558,0.80299
1.5561,0.81181
1.5564,0.82063
1.5567,0.82945
1.557,0.83826
1.5572,0.84708
1.5575,0.8559
1.5578,0.86472
1.5581,0.87353
1.5584,0.88235
1.5588,0.89117
1.5591,0.89999
1.5594,0.9088
1.5597,0.91762
1.56,0.92644
1.5604,0.93526
1.5607,0.94407
1.561,0.95289
1.5614,0.96171
1.5618,0.97053
1.5621,0.97935
1.5625,0.98816
1.5628,0.99698
1.5632,1.0058
1.5636,1.0146
1.564,1.0234
1.5644,1.0323
1.5648,1.0411
1.5652,1.0499
1.5656,1.0587
1.5661,1.0675
1.5665,1.0763
1.567,1.0852
1.5674,1.094
1.5679,1.1028
1.5684,1.1116
1.5689,1.1204
1.5694,1.1292
1.5699,1.1381
1.5704,1.1469
1.5709,1.1557
1.5715,1.1645
1.5721,1.1733
1.5727,1.1822
1.5733,1.191
1.5739,1.1998
1.5745,1.2086
1.5752,1.2174
1.5759,1.2262
1.5766,1.2351
1.5773,1.2439
1.5781,1.2527
1.5789,1.2615
1.5797,1.2703
1.5805,1.2791
1.5814,1.288
1.5824,1.2968
1.5833,1.3056
1.5844,1.3144
1.5855,1.3232
1.5866,1.3321
1.5879,1.3409
1.5892,1.3497
1.5906,1.3585
1.5921,1.3673
1.5938,1.3761
1.5956,1.385
1.5977,1.3938
1.5999,1.4026
1.6026,1.4114
1.6057,1.4202
NaN,NaN
1.6863,0.00058784
1.6863,0.0094055
1.6864,0.018223
1.6864,0.027041
1.6865,0.035858
1.6865,0.044676
1.6866,0.053494
1.6866,0.062311
1.6867,0.071129
1.6867,0.079947
1.6867,0.088764
1.6868,0.097582
1.6868,0.1064
1.6869,0.11522
1.6869,0.12403
1.687,0.13285
1.687,0.14167
1.6871,0.15049
1.6871,0.15931
1.6872,0.16812
1.6872,0.17694
1.6873,0.18576
1.6873,0.19458
1.6874,0.20339
1.6874,0.21221
1.6875,0.22103
1.6875,0.22985
1.6876,0.23866
1.6876,0.24748
1.6877,0.2563
1.6878,0.26512
1.6878,0.27393
1.6879,0.28275
1.6879,0.29157
1.688,0.30039
1.688,0.30921
1.6881,0.31802
1.6881,0.32684
1.6882,0.33566
1.6882,0.34448
1.6883,0.35329
1.6884,0.36211
1.6884,0.37093
1.6885,0.37975
1.6885,0.38856
1.6886,0.39738
1.6887,0.4062
1.6887,0.41502
1.6888,0.42383
1.6888,0.43265
1.6889,0.44147
1.689,0.45029
1.689,0.4591
1.6891,0.46792
1.6891,0.47674
1.6892,0.48556
1.6893,0.49438
1.6893,0.50319
1.6894,0.51201
1.6895,0.52083
1.6895,0.52965
1.6896,0.53846
1.6897,0.54728
1.6897,0.5561
1.6898,0.56492
1.6899,0.57373
1.6899,0.58255
1.69,0.59137
1.6901,0.60019
1.6902,0.609
1.6902,0.61782
1.6903,0.62664
1.6904,0.63546
1.6905,0.64428
1.6905,0.65309
1.6906,0.66191
1.6907,0.67073
1.6908,0.67955
1.6908,0.68836
1.6909,0.69718
1.691,0.706
1.6911,0.71482
1.6912,0.72363
1.6912,0.73245
1.6913,0.74127
1.6914,0.75009
1.6915,0.7589
1.6916,0.76772
1.6917,0.77654
1.6918,0.78536
1.6919,0.79418
1.6919,0.80299
1.692,0.81181
1.6921,0.82063
1.6922,0.82945
1.6923,0.83826
1.6924,0.84708
1.6925,0.8559
1.6926,0.86472
1.6927,0.87353
1.6928,0.88235
1.6929,0.89117
1.693,0.89999
1.6931,0.9088
1.6932,0.91762
1.6933,0.92644
1.6935,0.93526
1.6936,0.94407
1.6937,0.95289
1.6938,0.96171
1.6939,0.97053
1.694,0.97935
1.6942,0.98816
1.6943,0.99698
1.6944,1.0058
1.6945,1.0146
1.6947,1.0234
1.6948,1.0323
1.6949,1.0411
1.6951,1.0499
1.6952,1.0587
1.6954,1.0675
1.6955,1.0763
1.6957,1.0852
1.6958,1.094
1.696,1.1028
1.6961,1.1116
1.6963,1.1204
1.6965,1.1292
1.6966,1.1381
1.6968,1.1469
1.697,1.1557
1.6972,1.1645
1.6974,1.1733
1.6976,1.1822
1.6978,1.191
1.698,1.1998
1.6982,1.2086
1.6984,1.2174
1.6986,1.2262
1.6989,1.2351
1.6991,1.2439
1.6994,1.2527
1.6996,1.2615
1.6999,1.2703
1.7002,1.2791
1.7005,1.288
1.7008,1.2968
1.7011,1.3056
1.7015,1.3144
1.7018,1.3232
1.7022,1.3321
1.7026,1.3409
1.7031,1.3497
1.7035,1.3585
1.704,1.3673
1.7046,1.3761
1.7052,1.385
1.7059,1.3938
1.7066,1.4026
1.7075,1.4114
1.7086,1.4202
NaN,NaN
1.8337,0.00058784
1.8337,0.0094055
1.8336,0.018223
1.8336,0.027041
1.8335,0.035858
1.8335,0.044676
1.8334,0.053494
1.8334,0.062311
1.8333,0.071129
1.8333,0.079947
1.8333,0.088764
1.8332,0.097582
1.8332,0.1064
1.8331,0.11522
1.8331,0.12403
1.833,0.13285
1.833,0.14167
1.8329,0.15049
1.8329,0.15931
1.8328,0.16812
1.8328,0.17694
1.8327,0.18576
1.8327,0.19458
1.8326,0.20339
1.8326,0.21221
1.8325,0.22103
1.8325,0.22985
1.8324,0.23866
1.8324,0.24748
1.8323,0.2563
1.8322,0.26512
1.8322,0.27393
1.8321,0.28275
1.8321,0.29157
1.832,0.30039
1.832,0.30921
1.8319,0.31802
1.8319,0.32684
1.8318,0.33566
1.8318,0.34448
1.8317,0.35329
1.8316,0.36211
1.8316,0.37093
1.8315,0.37975
1.8315,0.38856
1.8314,0.39738
1.8313,0.4062
1.8313,0.41502
1.8312,0.42383
1.8312,0.43265
1.8311,0.44147
1.831,0.45029
1.831,0.4591
1.8309,0.46792
1.8309,0.47674
1.8308,0.48556
1.8307,0.49438
1.8307,0.50319
1.8306,0.51201
1.8305,0.52083
1.8305,0.52965
1.8304,0.53846
1.8303,0.54728
1.8303,0.5561
1.8302,0.56492
1.8301,0.57373
1.8301,0.58255
1.83,0.59137
1.8299,0.60019
1.8298,0.609
1.8298,0.61782
1.8297,0.62664
1.8296,0.63546
1.8295,0.64428
1.8295,0.65309
1.8294,0.66191
1.8293,0.67073
1.8292,0.67955
1.8292,0.68836
1.8291,0.69718
1.829,0.706
1.8289,0.71482
1.8288,0.72363
1.8288,0.73245
1.8287,0.74127
1.8286,0.75009
1.8285,0.7589
1.8284,0.76772
1.8283,0.77654
1.8282,0.78536
1.8281,0.79418
1.8281,0.80299
1.828,0.81181
1.8279,0.82063
1.8278,0.82945
1.8277,0.83826
1.8276,0.84708
1.8275,0.8559
1.8274,0.86472
1.8273,0.87353
1.8272,0.88235
1.8271,0.89117
1.827,0.89999
1.8269,0.9088
1.8268,0.91762
1.8267,0.92644
1.8265,0.93526
1.8264,0.94407
1.8263,0.95289
1.8262,0.96171
1.8261,0.97053
1.826,0.97935
1.8258,0.98816
1.8257,0.99698
1.8256,1.0058
1.8255,1.0146
1.8253,1.0234
1.8252,1.0323
1.8251,1.0411
1.8249,1.0499
1.8248,1.0587
1.8246,1.0675
1.8245,1.0763
1.8243,1.0852
1.8242,1.094
1.824,1.1028
1.8239,1.1116
1.8237,1.1204
1.8235,1.1292
1.8234,1.1381
1.8232,1.1469
1.823,1.1557
1.8228,1.1645
1.8226,1.1733
1.8224,1.1822
1.8222,1.191
1.822,1.1998
1.8218,1.2086
1.8216,1.2174
1.8214,1.2262
1.8211,1.2351
1.8209,1.2439
1.8206,1.2527
1.8204,1.2615
1.8201,1.2703
1.8198,1.2791
1.8195,1.288
1.8192,1.2968
1.8189,1.3056
1.8185,1.3144
1.8182,1.3232
1.8178,1.3321
1.8174,1.3409
1.8169,1.3497
1.8165,1.3585
1.816,1.3673
1.8154,1.3761
1.8148,1.385
1.8141,1.3938
1.8134,1.4026
1.8125,1.4114
1.8114,1.4202
1.8102,1.429
1.8085,1.4379
1.8062,1.4467
1.8015,1.4555
1.7927,1.4596
1.7839,1.46
NaN,NaN
1.9811,0.00058784
1.981,0.0094055
1.9809,0.018223
1.9807,0.027041
1.9806,0.035858
1.9805,0.044676
1.9803,0.053494
1.9802,0.062311
1.98,0.071129
1.9799,0.079947
1.9798,0.088764
1.9796,0.097582
1.9795,0.1064
1.9793,0.11522
1.9792,0.12403
1.979,0.13285
1.9789,0.14167
1.9787,0.15049
1.9786,0.15931
1.9784,0.16812
1.9783,0.17694
1.9781,0.18576
1.978,0.19458
1.9778,0.20339
1.9777,0.21221
1.9775,0.22103
1.9774,0.22985
1.9772,0.23866
1.9771,0.24748
1.9769,0.2563
1.9767,0.26512
1.9766,0.27393
1.9764,0.28275
1.9763,0.29157
1.9761,0.30039
1.9759,0.30921
1.9758,0.31802
1.9756,0.32684
1.9754,0.33566
1.9753,0.34448
1.9751,0.35329
1.9749,0.36211
1.9747,0.37093
1.9746,0.37975
1.9744,0.38856
1.9742,0.39738
1.974,0.4062
1.9739,0.41502
1.9737,0.42383
1.9735,0.43265
1.9733,0.44147
1.9731,0.45029
1.9729,0.4591
1.9728,0.46792
1.9726,0.47674
1.9724,0.48556
1.9722,0.49438
1.972,0.50319
1.9718,0.51201
1.9716,0.52083
1.9714,0.52965
1.9712,0.53846
1.971,0.54728
1.9708,0.5561
1.9706,0.56492
1.9704,0.57373
1.9702,0.58255
1.9699,0.59137
1.9697,0.60019
1.9695,0.609
1.9693,0.61782
1.9691,0.62664
1.9689,0.63546
1.9686,0.64428
1.9684,0.65309
1.9682,0.66191
1.9679,0.67073
1.9677,0.67955
1.9675,0.68836
1.9672,0.69718
1.967,0.706
1.9668,0.71482
1.9665,0.72363
1.9663,0.73245
1.966,0.74127
1.9658,0.75009
1.9655,0.7589
1.9652,0.76772
1.965,0.77654
1.9647,0.78536
1.9644,0.79418
1.9642,0.80299
1.9639,0.81181
1.9636,0.82063
1.9633,0.82945
1.963,0.83826
1.9628,0.84708
1.9625,0.8559
1.9622,0.86472
1.9619,0.87353
1.9616,0.88235
1.9612,0.89117
1.9609,0.89999
1.9606,0.9088
1.9603,0.91762
1.96,0.92644
1.9596,0.93526
1.9593,0.94407
1.959,0.95289
1.9586,0.96171
1.9582,0.97053
1.9579,0.97935
1.9575,0.98816
1.9572,0.99698
1.9568,1.0058
1.9564,1.0146
1.956,1.0234
1.9556,1.0323
1.9552,1.0411
1.9548,1.0499
1.9544,1.0587
1.9539,1.0675
1.9535,1.0763
1.953,1.0852
1.9526,1.094
1.9521,1.1028
1.9516,1.1116
1.9511,1.1204
1.9506,1.1292
1.9501,1.1381
1.9496,1.1469
1.9491,1.1557
1.9485,1.1645
1.9479,1.1733
1.9473,1.1822
1.9467,1.191
1.9461,1.1998
1.9455,1.2086
1.9448,1.2174
1.9441,1.2262
1.9434,1.2351
1.9427,1.2439
1.9419,1.2527
1.9411,1.2615
1.9403,1.2703
1.9395,1.2791
1.9386,1.288
1.9376,1.2968
1.9367,1.3056
1.9356,1.3144
1.9345,1.3232
1.9334,1.3321
1.9321,1.3409
1.9308,1.3497
1.9294,1.3585
1.9279,1.3673
1.9262,1.3761
1.9244,1.385
1.9223,1.3938
1.9201,1.4026
1.9174,1.4114
1.9143,1.4202
1.9105,1.429
1.9056,1.4379
1.8985,1.4467
1.8896,1.4532
1.8808,1.4567
1.872,1.4585
1.8632,1.4593
1.8544,1.4597
1.8456,1.4599
1.8367,1.46
1.8279,1.46
1.8191,1.46
NaN,NaN
2.1285,0.00058784
2.1283,0.0094055
2.1281,0.018223
2.1279,0.027041
2.1276,0.035858
2.1274,0.044676
2.1272,0.053494
2.127,0.062311
2.1267,0.071129
2.1265,0.079947
2.1263,0.088764
2.126,0.097582
2.1258,0.1064
2.1255,0.11522
2.1253,0.12403
2.1251,0.13285
2.1248,0.14167
2.1246,0.15049
2.1243,0.15931
2.1241,0.16812
2.1238,0.17694
2.1236,0.18576
2.1233,0.19458
2.1231,0.20339
2.1228,0.21221
2.1226,0.22103
2.1223,0.22985
2.122,0.23866
2.1218,0.24748
2.1215,0.2563
2.1212,0.26512
2.121,0.27393
2.1207,0.28275
2.1204,0.29157
2.1202,0.30039
2.1199,0.30921
2.1196,0.31802
2.1193,0.32684
2.1191,0.33566
2.1188,0.34448
2.1185,0.35329
2.1182,0.36211
2.1179,0.37093
2.1176,0.37975
2.1173,0.38856
2.117,0.39738
2.1167,0.4062
2.1164,0.41502
2.1161,0.42383
2.1158,0.43265
2.1155,0.44147
2.1152,0.45029
2.1149,0.4591
2.1146,0.46792
2.1143,0.47674
2.114,0.48556
2.1136,0.49438
2.1133,0.50319
2.113,0.51201
2.1127,0.52083
2.1123,0.52965
2.112,0.53846
2.1117,0.54728
2.1113,0.5561
2.111,0.56492
2.1106,0.57373
2.1103,0.58255
2.1099,0.59137
2.1096,0.60019
2.1092,0.609
2.1088,0.61782
2.1085,0.62664
2.1081,0.63546
2.1077,0.64428
2.1073,0.65309
2.107,0.66191
2.1066,0.67073
2.1062,0.67955
2.1058,0.68836
2.1054,0.69718
2.105,0.706
2.1046,0.71482
2.1042,0.72363
2.1038,0.73245
2.1033,0.74127
2.1029,0.75009
2.1025,0.7589
2.1021,0.76772
2.1016,0.77654
2.1012,0.78536
2.1007,0.79418
2.1003,0.80299
2.0998,0.81181
2.0994,0.82063
2.0989,0.82945
2.0984,0.83826
2.0979,0.84708
2.0974,0.8559
2.0969,0.86472
2.0964,0.87353
2.0959,0.88235
2.0954,0.89117
2.0949,0.89999
2.0944,0.9088
2.0938,0.91762
2.0933,0.92644
2.0927,0.93526
2.0922,0.94407
2.0916,0.95289
2.091,0.96171
2.0904,0.97053
2.0898,0.97935
2.0892,0.98816
2.0886,0.99698
2.088,1.0058
2.0873,1.0146
2.0867,1.0234
2.086,1.0323
2.0853,1.0411
2.0846,1.0499
2.0839,1.0587
2.0832,1.0675
2.0825,1.0763
2.0817,1.0852
2.081,1.094
2.0802,1.1028
2.0794,1.1116
2.0786,1.1204
2.0777,1.1292
2.0769,1.1381
2.076,1.1469
2.0751,1.1557
2.0742,1.1645
2.0732,1.1733
2.0722,1.1822
2.0712,1.191
2.0702,1.1998
2.0691,1.2086
2.068,1.2174
2.0669,1.2262
2.0657,1.2351
2.0645,1.2439
2.0632,1.2527
2.0619,1.2615
2.0605,1.2703
2.0591,1.2791
2.0576,1.288
2.0561,1.2968
2.0544,1.3056
2.0527,1.3144
2.0509,1.3232
2.049,1.3321
2.0469,1.3409
2.0447,1.3497
2.0424,1.3585
2.0398,1.3673
2.037,1.3761
2.034,1.385
2.0306,1.3938
2.0268,1.4026
2.0224,1.4114
2.0172,1.4202
2.0109,1.429
2.0027,1.4378
1.9939,1.4447
1.9851,1.4496
1.9763,1.4531
1.9675,1.4554
1.9586,1.4571
1.9498,1.4581
1.941,1.4589
1.9322,1.4593
NaN,NaN
0.00058784,0.21822
0.0094055,0.21843
0.018223,0.21864
0.027041,0.21885
0.035858,0.21907
0.044676,0.21928
0.053494,0.2195
0.062311,0.21972
0.071129,0.21994
0.079947,0.22017
0.088764,0.22039
0.097582,0.22062
0.1064,0.22085
0.11522,0.22109
0.12403,0.22132
0.13285,0.22156
0.14167,0.2218
0.15049,0.22204
0.15931,0.22229
0.16812,0.22253
0.17694,0.22278
0.18576,0.22303
NaN,NaN
0.00058784,0.36607
0.0094055,0.36614
0.018223,0.36621
0.027041,0.36628
0.035858,0.36636
0.044676,0.36643
0.053494,0.3665
0.062311,0.36657
0.071129,0.36665
0.079947,0.36672
0.088764,0.3668
0.097582,0.36687
0.1064,0.36695
0.11522,0.36703
0.12403,0.36711
0.13285,0.36719
0.14167,0.36727
0.15049,0.36735
0.15931,0.36743
0.16812,0.36751
0.17694,0.36759
0.18576,0.36768
0.19458,0.36776
0.20339,0.36785
0.21221,0.36794
0.22103,0.36802
0.22985,0.36811
0.23866,0.3682
0.24748,0.36829
0.2563,0.36838
0.26512,0.36848
0.27393,0.36857
0.28275,0.36867
0.29157,0.36876
0.30039,0.36886
0.30921,0.36896
0.31802,0.36906
0.32684,0.36916
0.33566,0.36926
0.34448,0.36937
NaN,NaN
0.00058784,0.51393
0.0094055,0.51386
0.018223,0.51379
0.027041,0.51372
0.035858,0.51364
0.044676,0.51357
0.053494,0.5135
0.062311,0.51343
0.071129,0.51335
0.079947,0.51328
0.088764,0.5132
0.097582,0.51313
0.1064,0.51305
0.11522,0.51297
0.12403,0.51289
0.13285,0.51281
0.14167,0.51273
0.15049,0.51265
0.15931,0.51257
0.16812,0.51249
0.17694,0.51241
0.18576,0.51232
0.19458,0.51224
0.20339,0.51215
0.21221,0.51206
0.22103,0.51198
0.22985,0.51189
0.23866,0.5118
0.24748,0.51171
0.2563,0.51162
0.26512,0.51152
0.27393,0.51143
0.28275,0.51133
0.29157,0.51124
0.30039,0.51114
0.30921,0.51104
0.31802,0.51094
0.32684,0.51084
0.33566,0.51074
0.34448,0.51063
0.35329,0.51053
0.36211,0.51042
0.37093,0.51031
0.37975,0.5102
0.38856,0.51009
0.39738,0.50998
0.4062,0.50987
0.41502,0.50975
0.42383,0.50963
0.43265,0.50951
0.44147,0.50939
0.45029,0.50927
0.4591,0.50914
0.46792,0.50901
0.47674,0.50888
0.48556,0.50875
0.49438,0.50862
NaN,NaN
0.00058784,0.66178
0.0094055,0.66157
0.018223,0.66136
0.027041,0.66115
0.035858,0.66093
0.044676,0.66072
0.053494,0.6605
0.062311,0.66028
0.071129,0.66006
0.079947,0.65983
0.088764,0.65961
0.097582,0.65938
0.1064,0.65915
0.11522,0.65891
0.12403,0.65868
0.13285,0.65844
0.14167,0.6582
0.15049,0.65796
0.15931,0.65771
0.16812,0.65747
0.17694,0.65722
0.18576,0.65697
0.19458,0.65671
0.20339,0.65645
0.21221,0.65619
0.22103,0.65593
0.22985,0.65566
0.23866,0.65539
0.24748,0.65512
0.2563,0.65485
0.26512,0.65457
0.27393,0.65429
0.28275,0.654
0.29157,0.65371
0.30039,0.65342
0.30921,0.65312
0.31802,0.65282
0.32684,0.65252
0.33566,0.65221
0.34448,0.6519
0.35329,0.65158
0.36211,0.65126
0.37093,0.65094
0.37975,0.65061
0.38856,0.65028
0.39738,0.64994
0.4062,0.6496
0.41502,0.64925
0.42383,0.64889
0.43265,0.64853
0.44147,0.64817
0.45029,0.6478
0.4591,0.64742
0.46792,0.64704
0.47674,0.64665
0.48556,0.64625
0.49438,0.64585
0.50319,0.64544
0.51201,0.64502
0.52083,0.64459
0.52965,0.64416
0.53846,0.64371
0.54728,0.64326
0.5561,0.6428
0.56492,0.64233
0.57373,0.64185
0.58255,0.64136
0.59137,0.64086
0.60019,0.64034
0.609,0.63982
NaN,NaN
0.00058784,0.80963
0.0094055,0.80929
0.018223,0.80893
0.027041,0.80858
0.035858,0.80822
0.044676,0.80786
0.053494,0.8075
0.062311,0.80713
0.071129,0.80676
0.079947,0.80639
0.088764,0.80601
0.097582,0.80563
0.1064,0.80524
0.11522,0.80486
0.12403,0.80446
0.13285,0.80407
0.14167,0.80367
0.15049,0.80326
0.15931,0.80286
0.16812,0.80245
0.17694,0.80203
0.18576,0.80161
0.19458,0.80118
0.20339,0.80075
0.21221,0.80032
0.22103,0.79988
0.22985,0.79944
0.23866,0.79899
0.24748,0.79854
0.2563,0.79808
0.26512,0.79761
0.27393,0.79714
0.28275,0.79667
0.29157,0.79619
0.30039,0.7957
0.30921,0.7952
0.31802,0.79471
0.32684,0.7942
0.33566,0.79369
0.34448,0.79317
0.35329,0.79264
0.36211,0.79211
0.37093,0.79157
0.37975,0.79102
0.38856,0.79046
0.39738,0.7899
0.4062,0.78933
0.41502,0.78874
0.42383,0.78815
0.43265,0.78756
0.44147,0.78695
0.45029,0.78633
0.4591,0.7857
0.46792,0.78506
0.47674,0.78441
0.48556,0.78375
0.49438,0.78308
0.50319,0.78239
0.51201,0.7817
0.52083,0.78099
0.52965,0.78026
0.53846,0.77952
0.54728,0.77877
0.5561,0.778
0.56492,0.77722
0.57373,0.77642
0.58255,0.7756
0.59137,0.77476
0.60019,0.77391
0.609,0.77303
0.61782,0.77213
0.62664,0.77121
0.63546,0.77027
0.64428,0.7693
0.65309,0.76831
0.66191,0.76728
0.67073,0.76623
0.67955,0.76515
0.68836,0.76403
0.69718,0.76288
0.706,0.76169
0.71482,0.76046
0.72363,0.75918
0.73245,0.75786
NaN,NaN
0.00058784,0.95749
0.0094055,0.957
0.018223,0.95651
0.027041,0.95601
0.035858,0.95551
0.044676,0.95501
0.053494,0.9545
0.062311,0.95398
0.071129,0.95346
0.079947,0.95294
0.088764,0.95241
0.097582,0.95188
0.1064,0.95134
0.11522,0.9508
0.12403,0.95025
0.13285,0.94969
0.14167,0.94914
0.15049,0.94857
0.15931,0.948
0.16812,0.94742
0.17694,0.94684
0.18576,0.94625
0.19458,0.94566
0.20339,0.94506
0.21221,0.94445
0.22103,0.94383
0.22985,0.94321
0.23866,0.94258
0.24748,0.94195
0.2563,0.94131
0.26512,0.94066
0.27393,0.94
0.28275,0.93933
0.29157,0.93866
0.30039,0.93798
0.30921,0.93729
0.31802,0.93659
0.32684,0.93588
0.33566,0.93516
0.34448,0.93443
0.35329,0.9337
0.36211,0.93295
0.37093,0.93219
0.37975,0.93143
0.38856,0.93065
0.39738,0.92986
0.4062,0.92906
0.41502,0.92824
0.42383,0.92742
0.43265,0.92658
0.44147,0.92573
0.45029,0.92486
0.4591,0.92398
0.46792,0.92309
0.47674,0.92218
0.48556,0.92125
0.49438,0.92031
0.50319,0.91935
0.51201,0.91837
0.52083,0.91738
0.52965,0.91637
0.53846,0.91533
0.54728,0.91428
0.5561,0.9132
0.56492,0.91211
0.57373,0.91099
0.58255,0.90984
0.59137,0.90867
0.60019,0.90747
0.609,0.90624
0.61782,0.90499
0.62664,0.9037
0.63546,0.90238
0.64428,0.90102
0.65309,0.89963
0.66191,0.8982
0.67073,0.89673
0.67955,0.89521
0.68836,0.89364
0.69718,0.89203
0.706,0.89036
0.71482,0.88864
0.72363,0.88685
0.73245,0.885
0.74127,0.88307
0.75009,0.88107
0.7589,0.87898
0.76772,0.87679
0.77654,0.87451
0.78536,0.87211
0.79418,0.86958
0.80299,0.86692
0.81181,0.86409
0.82063,0.86108
0.82945,0.85787
0.83826,0.85442
0.84708,0.85068
NaN,NaN
0.00058784,1.1053
0.0094055,1.1047
0.018223,1.1041
0.027041,1.1034
0.035858,1.1028
0.044676,1.1022
0.053494,1.1015
0.062311,1.1008
0.071129,1.1002
0.079947,1.0995
0.088764,1.0988
0.097582,1.0981
0.1064,1.0974
0.11522,1.0967
0.12403,1.096
0.13285,1.0953
0.14167,1.0946
0.15049,1.0939
0.15931,1.0931
0.16812,1.0924
0.17694,1.0917
0.18576,1.0909
0.19458,1.0901
0.20339,1.0894
0.21221,1.0886
0.22103,1.0878
0.22985,1.087
0.23866,1.0862
0.24748,1.0854
0.2563,1.0845
0.26512,1.0837
0.27393,1.0829
0.28275,1.082
0.29157,1.0811
0.30039,1.0803
0.30921,1.0794
0.31802,1.0785
0.32684,1.0776
0.33566,1.0766
0.34448,1.0757
0.35329,1.0748
0.36211,1.0738
0.37093,1.0728
0.37975,1.0718
0.38856,1.0708
0.39738,1.0698
0.4062,1.0688
0.41502,1.0677
0.42383,1.0667
0.43265,1.0656
0.44147,1.0645
0.45029,1.0634
0.4591,1.0623
0.46792,1.0611
0.47674,1.0599
0.48556,1.0588
0.49438,1.0575
0.50319,1.0563
0.51201,1.0551
0.52083,1.0538
0.52965,1.0525
0.53846,1.0511
0.54728,1.0498
0.5561,1.0484
0.56492,1.047
0.57373,1.0456
0.58255,1.0441
0.59137,1.0426
0.60019,1.041
0.609,1.0395
0.61782,1.0378
0.62664,1.0362
0.63546,1.0345
0.64428,1.0327
0.65309,1.031
0.66191,1.0291
0.67073,1.0272
0.67955,1.0253
0.68836,1.0233
0.69718,1.0212
0.706,1.019
0.71482,1.0168
0.72363,1.0145
0.73245,1.0121
0.74127,1.0097
0.75009,1.0071
0.7589,1.0044
0.76772,1.0016
0.77654,0.99865
0.78536,0.99557
0.79418,0.99232
0.80299,0.98889
0.81181,0.98526
0.82063,0.98139
0.82945,0.97726
0.83826,0.97282
0.84708,0.96802
0.8559,0.9628
0.86472,0.95705
0.87353,0.95067
0.88235,0.94347
0.89117,0.93522
0.89923,0.9264
NaN,NaN
0.0007348,1.2424
0.0095524,1.2416
0.01837,1.2409
0.027188,1.2401
0.036005,1.2393
0.044823,1.2385
0.053641,1.2377
0.062458,1.237
0.071276,1.2361
0.080094,1.2353
0.088911,1.2345
0.097729,1.2337
0.10655,1.2329
0.11536,1.232
0.12418,1.2312
0.133,1.2303
0.14182,1.2294
0.15063,1.2286
0.15945,1.2277
0.16827,1.2268
0.17709,1.2259
0.18591,1.225
0.19472,1.224
0.20354,1.2231
0.21236,1.2222
0.22118,1.2212
0.22999,1.2202
0.23881,1.2193
0.24763,1.2183
0.25645,1.2173
0.26526,1.2163
0.27408,1.2153
0.2829,1.2142
0.29172,1.2132
0.30053,1.2121
0.30935,1.211
0.31817,1.21
0.32699,1.2089
0.3358,1.2077
0.34462,1.2066
0.35344,1.2055
0.36226,1.2043
0.37108,1.2031
0.37989,1.2019
0.38871,1.2007
0.39753,1.1995
0.40635,1.1983
0.41516,1.197
0.42398,1.1957
0.4328,1.1944
0.44162,1.1931
0.45043,1.1918
0.45925,1.1904
0.46807,1.189
0.47689,1.1876
0.4857,1.1862
0.49452,1.1847
0.50334,1.1832
0.51216,1.1817
0.52098,1.1801
0.52979,1.1786
0.53861,1.177
0.54743,1.1753
0.55625,1.1737
0.56506,1.172
0.57388,1.1702
0.5827,1.1684
0.59152,1.1666
0.60033,1.1648
0.60915,1.1629
0.61797,1.1609
0.62679,1.1589
0.6356,1.1569
0.64442,1.1547
0.65324,1.1526
0.66206,1.1504
0.67088,1.1481
0.67969,1.1457
0.68851,1.1433
0.69733,1.1408
0.70615,1.1382
0.71496,1.1355
0.72378,1.1327
0.7326,1.1298
0.74142,1.1269
0.75023,1.1237
0.75905,1.1205
0.76787,1.1171
0.77669,1.1135
0.7855,1.1098
0.79432,1.1059
0.80314,1.1017
0.81196,1.0973
0.82077,1.0927
0.82959,1.0877
0.83841,1.0823
0.84723,1.0765
0.85605,1.0702
0.86486,1.0633
0.87368,1.0556
0.88242,1.047
0.89028,1.0381
0.89716,1.0293
0.90318,1.0205
0.90842,1.0117
0.91298,1.0029
0.91694,0.99406
0.92037,0.98524
0.92333,0.97642
0.92589,0.96761
NaN,NaN
0.00044088,1.3505
0.0092585,1.3497
0.018076,1.3488
0.026894,1.3479
0.035711,1.347
0.044529,1.3462
0.053347,1.3453
0.062164,1.3444
0.070982,1.3434
0.0798,1.3425
0.088617,1.3416
0.097435,1.3407
0.10625,1.3397
0.11507,1.3388
0.12389,1.3378
0.13271,1.3368
0.14152,1.3358
0.15034,1.3348
0.15916,1.3338
0.16798,1.3328
0.17679,1.3318
0.18561,1.3308
0.19443,1.3297
0.20325,1.3286
0.21206,1.3276
0.22088,1.3265
0.2297,1.3254
0.23852,1.3243
0.24733,1.3232
0.25615,1.322
0.26497,1.3209
0.27379,1.3197
0.28261,1.3186
0.29142,1.3174
0.30024,1.3162
0.30906,1.315
0.31788,1.3137
0.32669,1.3125
0.33551,1.3112
0.34433,1.31
0.35315,1.3087
0.36196,1.3073
0.37078,1.306
0.3796,1.3047
0.38842,1.3033
0.39723,1.3019
0.40605,1.3005
0.41487,1.2991
0.42369,1.2976
0.43251,1.2961
0.44132,1.2946
0.45014,1.2931
0.45896,1.2915
0.46778,1.29
0.47659,1.2884
0.48541,1.2867
0.49423,1.2851
0.50305,1.2834
0.51186,1.2817
0.52068,1.2799
0.5295,1.2781
0.53832,1.2763
0.54713,1.2745
0.55595,1.2726
0.56477,1.2706
0.57359,1.2687
0.5824,1.2667
0.59122,1.2646
0.60004,1.2625
0.60886,1.2603
0.61768,1.2581
0.62649,1.2558
0.63531,1.2535
0.64413,1.2511
0.65295,1.2487
0.66176,1.2462
0.67058,1.2436
0.6794,1.2409
0.68822,1.2381
0.69703,1.2353
0.70585,1.2324
0.71467,1.2293
0.72349,1.2262
0.7323,1.2229
0.74112,1.2196
0.74994,1.216
0.75876,1.2124
0.76758,1.2085
0.77639,1.2045
0.78521,1.2003
0.79403,1.1958
0.80285,1.1912
0.81166,1.1862
0.82048,1.1809
0.8293,1.1753
0.83812,1.1692
0.84693,1.1626
0.85575,1.1555
0.86457,1.1476
0.87331,1.139
0.88128,1.1302
0.88839,1.1214
0.89471,1.1126
0.90032,1.1037
0.9053,1.0949
0.90972,1.0861
0.91361,1.0773
0.91706,1.0685
0.92009,1.0596
0.92276,1.0508
NaN,NaN
2.1995,2.1968
2.1913,2.1887
2.1832,2.1805
2.1751,2.1722
2.1671,2.164
2.1589,2.1559
2.1507,2.1478
2.1424,2.1397
2.1343,2.1316
2.1262,2.1234
2.1182,2.1151
2.1101,2.107
2.1019,2.0989
2.0936,2.0908
2.0855,2.0827
2.0774,2.0746
2.0693,2.0663
2.0613,2.0581
2.0532,2.0501
2.0449,2.042
2.0367,2.0339
2.0287,2.0258
2.0206,2.0176
2.0126,2.0094
2.0045,2.0013
1.9963,1.9933
1.9881,1.9852
1.98,1.9772
1.972,1.969
1.964,1.9608
1.956,1.9527
1.9478,1.9447
1.9396,1.9367
1.9315,1.9286
1.9235,1.9204
1.9155,1.9123
1.9075,1.9042
1.8994,1.8962
1.8912,1.8882
1.8832,1.8802
1.8752,1.8721
1.8673,1.8639
1.8593,1.8559
1.8511,1.848
1.843,1.84
1.8351,1.8319
1.8271,1.8238
1.8192,1.8157
1.8111,1.8078
1.803,1.7998
1.795,1.7919
1.7871,1.7838
1.7793,1.7757
1.7714,1.7678
1.7632,1.76
1.7552,1.7521
1.7474,1.744
1.7396,1.736
1.7318,1.7281
1.7236,1.7203
1.7157,1.7125
1.708,1.7045
1.7003,1.6965
1.6924,1.6887
1.6843,1.681
1.6767,1.6732
1.669,1.6652
1.6613,1.6575
1.6533,1.6498
1.6456,1.6422
1.6368,1.6389
1.6279,1.6374
1.6191,1.6358
1.6103,1.6343
1.6015,1.6327
1.5927,1.6311
1.5839,1.6295
1.575,1.6278
1.5662,1.6262
1.5574,1.6245
1.5486,1.6228
1.5398,1.621
1.5309,1.6193
1.5221,1.6175
1.5133,1.6157
1.5045,1.6139
1.4957,1.6121
1.4869,1.6102
1.478,1.6083
1.4692,1.6063
1.4604,1.6044
1.4516,1.6024
1.4428,1.6004
1.434,1.5983
1.4251,1.5962
1.4163,1.5941
1.4075,1.592
1.3987,1.5898
1.3899,1.5875
1.381,1.5853
1.3722,1.583
1.3634,1.5806
1.3546,1.5782
1.3458,1.5758
1.337,1.5733
1.3281,1.5707
1.3193,1.5681
1.3105,1.5655
1.3017,1.5628
1.2929,1.56
1.2841,1.5572
1.2752,1.5543
1.2664,1.5513
1.2576,1.5483
1.2488,1.5451
1.24,1.5419
1.2311,1.5387
1.2223,1.5353
1.2135,1.5318
1.2047,1.5282
1.1959,1.5246
1.1871,1.5208
1.1782,1.5168
1.1694,1.5128
1.1606,1.5086
1.1518,1.5042
1.143,1.4997
1.1342,1.495
1.1253,1.4901
1.1165,1.485
1.1077,1.4796
1.0989,1.474
1.0901,1.4681
1.0812,1.4619
1.0724,1.4553
1.0636,1.4484
1.0548,1.4409
1.046,1.4329
1.0372,1.4243
1.0288,1.4155
1.0211,1.4067
1.014,1.3979
1.0075,1.3891
1.0015,1.3803
0.99599,1.3714
0.99092,1.3626
0.98627,1.3538
0.982,1.345
0.97809,1.3362
0.97451,1.3273
0.97124,1.3185
0.96825,1.3097
0.96552,1.3009
0.96303,1.2921
0.96076,1.2833
0.95869,1.2744
0.95681,1.2656
0.9551,1.2568
0.95355,1.248
0.95214,1.2392
0.95086,1.2304
0.94971,1.2215
0.94866,1.2127
0.94772,1.2039
0.94687,1.1951
0.94611,1.1863
0.94542,1.1774
0.94481,1.1686
0.94426,1.1598
0.94376,1.151
0.94332,1.1422
0.94292,1.1334
0.94257,1.1245
0.94226,1.1157
0.94198,1.1069
0.94173,1.0981
0.94151,1.0893
0.94132,1.0805
0.94115,1.0716
0.941,1.0628
0.94086,1.054
0.94075,1.0452
0.94064,1.0364
0.94056,1.0275
0.94048,1.0187
0.94041,1.0099
NaN,NaN
1.3121,1.3178
1.3032,1.3157
1.2944,1.3135
1.2856,1.3113
1.2768,1.3091
1.268,1.3068
1.2592,1.3044
1.2503,1.302
1.2415,1.2995
1.2327,1.2969
1.2239,1.2943
1.2151,1.2916
1.2063,1.2889
1.1974,1.286
1.1886,1.2831
1.1798,1.28
1.171,1.2769
1.1622,1.2736
1.1533,1.2702
1.1445,1.2667
1.1357,1.2631
1.1269,1.2593
1.1181,1.2554
1.1093,1.2512
1.1004,1.2469
1.0916,1.2423
1.0828,1.2376
1.074,1.2325
1.0652,1.2271
1.0564,1.2214
1.0475,1.2153
1.0387,1.2087
1.0299,1.2016
1.0211,1.1937
1.0123,1.1852
1.0042,1.1764
0.99686,1.1675
0.99032,1.1587
0.98446,1.1499
0.97922,1.1411
0.97455,1.1323
0.97038,1.1235
0.96667,1.1146
NaN,NaN
0.0007348,1.4416
0.0095524,1.4406
0.01837,1.4397
0.027188,1.4387
0.036005,1.4378
0.044823,1.4368
0.053641,1.4358
0.062458,1.4348
0.071276,1.4338
0.080094,1.4328
0.088911,1.4318
0.097729,1.4307
0.10655,1.4297
0.11536,1.4286
0.12418,1.4276
0.133,1.4265
0.14182,1.4254
0.15063,1.4243
0.15945,1.4232
0.16827,1.4221
0.17709,1.421
0.18591,1.4198
0.19472,1.4187
0.20354,1.4175
0.21236,1.4163
0.22118,1.4151
0.22999,1.4139
0.23881,1.4127
0.24763,1.4115
0.25645,1.4103
0.26526,1.409
0.27408,1.4077
0.2829,1.4064
0.29172,1.4051
0.30053,1.4038
0.30935,1.4025
0.31817,1.4011
0.32699,1.3997
0.3358,1.3983
0.34462,1.3969
0.35344,1.3955
0.36226,1.3941
0.37108,1.3926
0.37989,1.3911
0.38871,1.3896
0.39753,1.3881
0.40635,1.3865
0.41516,1.3849
0.42398,1.3833
0.4328,1.3817
0.44162,1.3801
0.45043,1.3784
0.45925,1.3767
0.46807,1.375
0.47689,1.3732
0.4857,1.3714
0.49452,1.3696
0.50334,1.3677
0.51216,1.3658
0.52098,1.3639
0.52979,1.362
0.53861,1.36
0.54743,1.3579
0.55625,1.3558
0.56506,1.3537
0.57388,1.3515
0.5827,1.3493
0.59152,1.3471
0.60033,1.3447
0.60915,1.3424
0.61797,1.3399
0.62679,1.3374
0.6356,1.3349
0.64442,1.3322
0.65324,1.3296
0.66206,1.3268
0.67088,1.3239
0.67969,1.321
0.68851,1.318
0.69733,1.3148
0.70615,1.3116
0.71496,1.3083
0.72378,1.3048
0.7326,1.3012
0.74142,1.2975
0.75023,1.2936
0.75905,1.2896
0.76787,1.2853
0.77669,1.2809
0.7855,1.2763
0.79432,1.2714
0.80314,1.2662
0.81196,1.2607
0.82077,1.2549
0.82959,1.2487
0.83841,1.242
0.84723,1.2347
0.85605,1.2269
0.86482,1.2182
0.87294,1.2094
0.88025,1.2006
NaN,NaN
0.0007348,1.599
0.0095524,1.5979
0.01837,1.5968
0.027188,1.5957
0.036005,1.5946
0.044823,1.5934
0.053641,1.5923
0.062458,1.5912
0.071276,1.59
0.080094,1.5888
0.088911,1.5876
0.097729,1.5864
0.10655,1.5852
0.11536,1.584
0.12418,1.5828
0.133,1.5815
0.14182,1.5803
0.15063,1.579
0.15945,1.5777
0.16827,1.5765
0.17709,1.5751
0.18591,1.5738
0.19472,1.5725
0.20354,1.5711
0.21236,1.5698
0.22118,1.5684
0.22999,1.567
0.23881,1.5656
0.24763,1.5642
0.25645,1.5627
0.26526,1.5613
0.27408,1.5598
0.2829,1.5583
0.29172,1.5568
0.30053,1.5553
0.30935,1.5537
0.31817,1.5522
0.32699,1.5506
0.3358,1.549
0.34462,1.5473
0.35344,1.5457
0.36226,1.544
0.37108,1.5423
0.37989,1.5406
0.38871,1.5388
0.39753,1.5371
0.40635,1.5353
0.41516,1.5335
0.42398,1.5316
0.4328,1.5297
0.44162,1.5278
0.45043,1.5259
0.45925,1.5239
0.46807,1.5219
0.47689,1.5199
0.4857,1.5178
0.49452,1.5157
0.50334,1.5135
0.51216,1.5113
0.52098,1.5091
0.52979,1.5068
0.53861,1.5045
0.54743,1.5021
0.55625,1.4997
0.56506,1.4973
0.57388,1.4948
0.5827,1.4922
0.59152,1.4896
0.60033,1.4869
0.60915,1.4841
0.61797,1.4813
0.62679,1.4784
0.6356,1.4755
0.64442,1.4724
0.65324,1.4693
0.66206,1.4661
0.67088,1.4628
0.67969,1.4594
0.68851,1.4559
0.69733,1.4522
0.70615,1.4485
0.71496,1.4446
0.72378,1.4406
0.7326,1.4364
0.74142,1.4321
0.75023,1.4276
0.75905,1.4229
0.76787,1.418
0.77669,1.4129
0.7855,1.4075
0.79432,1.4018
0.80314,1.3958
0.81196,1.3895
0.82077,1.3827
0.82959,1.3755
0.83841,1.3678
0.84723,1.3594
0.85576,1.3506
0.86359,1.3418
0.87076,1.333
0.87731,1.3242
0.8833,1.3154
0.88877,1.3065
0.89376,1.2977
0.89831,1.2889
0.90246,1.2801
0.90622,1.2713
0.90965,1.2624
0.91276,1.2536
0.91558,1.2448
0.91813,1.236
0.92044,1.2272
0.92253,1.2184
0.92442,1.2095
0.92612,1.2007
NaN,NaN
2.1999,1.049
2.199,1.0578
2.198,1.0666
2.197,1.0755
2.196,1.0843
2.195,1.0931
2.1939,1.1019
2.1928,1.1107
2.1917,1.1195
2.1906,1.1284
2.1894,1.1372
2.1882,1.146
2.187,1.1548
2.1858,1.1636
2.1845,1.1725
2.1832,1.1813
2.1818,1.1901
2.1804,1.1989
2.179,1.2077
2.1775,1.2165
2.1759,1.2254
2.1743,1.2342
2.1727,1.243
2.171,1.2518
2.1692,1.2606
2.1673,1.2694
2.1654,1.2783
2.1634,1.2871
2.1613,1.2959
2.1591,1.3047
2.1568,1.3135
2.1543,1.3224
2.1517,1.3312
2.1489,1.34
2.146,1.3488
2.1428,1.3576
2.1393,1.3664
2.1356,1.3753
2.1315,1.3841
2.1269,1.3929
2.1218,1.4017
2.1159,1.4105
2.109,1.4193
2.1007,1.4281
2.0919,1.4355
2.0831,1.4413
2.0743,1.4459
2.0655,1.4494
2.0566,1.4521
2.0478,1.4542
NaN,NaN
0.0007348,1.7773
0.0095524,1.7761
0.01837,1.7748
0.027188,1.7735
0.036005,1.7722
0.044823,1.7709
0.053641,1.7696
0.062458,1.7683
0.071276,1.7669
0.080094,1.7656
0.088911,1.7642
0.097729,1.7628
0.10655,1.7614
0.11536,1.76
0.12418,1.7586
0.133,1.7572
0.14182,1.7557
0.15063,1.7543
0.15945,1.7528
0.16827,1.7513
0.17709,1.7498
0.18591,1.7483
0.19472,1.7467
0.20354,1.7452
0.21236,1.7436
0.22118,1.742
0.22999,1.7404
0.23881,1.7388
0.24763,1.7371
0.25645,1.7355
0.26526,1.7338
0.27408,1.7321
0.2829,1.7304
0.29172,1.7286
0.30053,1.7269
0.30935,1.7251
0.31817,1.7233
0.32699,1.7214
0.3358,1.7196
0.34462,1.7177
0.35344,1.7158
0.36226,1.7139
0.37108,1.7119
0.37989,1.7099
0.38871,1.7079
0.39753,1.7059
0.40635,1.7038
0.41516,1.7017
0.42398,1.6995
0.4328,1.6974
0.44162,1.6952
0.45043,1.6929
0.45925,1.6907
0.46807,1.6883
0.47689,1.686
0.4857,1.6836
0.49452,1.6812
0.50334,1.6787
0.51216,1.6762
0.52098,1.6736
0.52979,1.671
0.53861,1.6683
0.54743,1.6656
0.55625,1.6628
0.56506,1.6599
0.57388,1.657
0.5827,1.6541
0.59152,1.651
0.60033,1.6479
0.60915,1.6448
0.61797,1.6415
0.62679,1.6382
0.6356,1.6348
0.64442,1.6312
0.65324,1.6276
0.66206,1.6239
0.67088,1.6201
0.67969,1.6162
0.68851,1.6121
0.69733,1.608
0.70615,1.6036
0.71496,1.5992
0.72378,1.5946
0.7326,1.5897
0.74142,1.5848
0.75023,1.5796
0.75905,1.5742
0.76787,1.5685
0.77669,1.5626
0.7855,1.5563
0.79432,1.5498
0.80314,1.5429
0.81196,1.5356
0.82077,1.5278
0.82959,1.5195
0.83827,1.5107
0.84636,1.5019
0.85386,1.4931
0.86082,1.4842
0.86727,1.4754
0.87324,1.4666
0.87877,1.4578
0.88388,1.449
0.88861,1.4402
0.89297,1.4313
0.897,1.4225
0.90071,1.4137
0.90414,1.4049
0.90729,1.3961
0.91019,1.3872
0.91286,1.3784
0.91531,1.3696
0.91756,1.3608
0.91962,1.352
0.92151,1.3432
0.92324,1.3343
0.92483,1.3255
0.92627,1.3167
NaN,NaN
2.1612,2.169
2.1524,2.1678
2.1436,2.1665
2.1348,2.1652
2.126,2.1639
2.1171,2.1627
2.1083,2.1614
2.0995,2.1601
2.0907,2.1587
2.0819,2.1574
2.0731,2.1561
2.0642,2.1548
2.0554,2.1534
2.0466,2.152
2.0378,2.1507
2.029,2.1493
2.0201,2.1479
2.0113,2.1465
2.0025,2.1451
1.9937,2.1437
1.9849,2.1422
1.9761,2.1408
1.9672,2.1394
1.9584,2.1379
1.9496,2.1364
1.9408,2.1349
1.932,2.1334
1.9232,2.1319
1.9143,2.1304
1.9055,2.1289
1.8967,2.1273
1.8879,2.1257
1.8791,2.1242
1.8702,2.1226
1.8614,2.121
1.8526,2.1194
1.8438,2.1177
1.835,2.1161
1.8262,2.1144
1.8173,2.1128
1.8085,2.1111
1.7997,2.1094
1.7909,2.1076
1.7821,2.1059
1.7733,2.1041
1.7644,2.1024
1.7556,2.1006
1.7468,2.0988
1.738,2.097
1.7292,2.0951
1.7203,2.0933
1.7115,2.0914
1.7027,2.0895
1.6939,2.0876
1.6851,2.0856
1.6763,2.0837
1.6674,2.0817
1.6586,2.0797
1.6498,2.0777
1.641,2.0756
1.6322,2.0736
1.6234,2.0715
1.6145,2.0693
1.6057,2.0672
1.5969,2.065
1.5881,2.0628
1.5793,2.0606
1.5704,2.0584
1.5616,2.0561
1.5528,2.0538
1.544,2.0514
1.5352,2.0491
1.5264,2.0467
1.5175,2.0442
1.5087,2.0418
1.4999,2.0393
1.4911,2.0367
1.4823,2.0342
1.4735,2.0315
1.4646,2.0289
1.4558,2.0262
1.447,2.0235
1.4382,2.0207
1.4294,2.0179
1.4205,2.015
1.4117,2.0121
1.4029,2.0091
1.3941,2.0061
1.3853,2.003
1.3765,1.9999
1.3676,1.9967
1.3588,1.9935
1.35,1.9902
1.3412,1.9868
1.3324,1.9834
1.3236,1.9799
1.3147,1.9763
1.3059,1.9726
1.2971,1.9689
1.2883,1.9651
1.2795,1.9612
1.2706,1.9572
1.2618,1.9531
1.253,1.9489
1.2442,1.9446
1.2354,1.9401
1.2266,1.9356
1.2177,1.9309
1.2089,1.9261
1.2001,1.9212
1.1913,1.9161
1.1825,1.9108
1.1737,1.9054
1.1648,1.8997
1.156,1.8939
1.1472,1.8878
1.1384,1.8816
1.1296,1.875
1.1207,1.8682
1.1119,1.8611
1.1031,1.8536
1.0943,1.8457
1.0855,1.8375
1.0767,1.8288
1.0683,1.82
1.0603,1.8111
1.0528,1.8023
1.0457,1.7935
1.039,1.7847
1.0327,1.7759
1.0268,1.7671
1.0212,1.7582
1.016,1.7494
1.011,1.7406
1.0063,1.7318
1.002,1.723
0.99783,1.7141
0.99395,1.7053
0.99032,1.6965
0.9869,1.6877
0.98369,1.6789
0.98069,1.6701
0.97787,1.6612
0.97522,1.6524
0.97275,1.6436
0.97043,1.6348
0.96826,1.626
0.96623,1.6172
0.96434,1.6083
0.96256,1.5995
0.96091,1.5907
0.95936,1.5819
0.95792,1.5731
0.95658,1.5642
0.95532,1.5554
0.95416,1.5466
0.95307,1.5378
0.95205,1.529
0.95111,1.5202
0.95023,1.5113
0.94942,1.5025
0.94867,1.4937
0.94797,1.4849
0.94732,1.4761
0.94672,1.4673
0.94616,1.4584
0.94565,1.4496
0.94517,1.4408
0.94473,1.432
0.94433,1.4232
0.94395,1.4143
0.94361,1.4055
0.94329,1.3967
0.943,1.3879
0.94273,1.3791
0.94249,1.3703
0.94226,1.3614
0.94205,1.3526
NaN,NaN
1.6814,1.6207
1.6818,1.6119
1.6823,1.603
1.6828,1.5942
1.6833,1.5854
1.6838,1.5766
1.6844,1.5678
1.6851,1.559
1.6858,1.5501
1.6865,1.5413
1.6874,1.5325
1.6883,1.5237
1.6894,1.5149
1.6906,1.5061
1.692,1.4972
1.6938,1.4884
1.6962,1.4796
1.6999,1.4708
NaN,NaN
1.8441,1.7754
1.8439,1.7666
1.8436,1.7578
1.8434,1.749
1.8431,1.7402
1.8429,1.7313
1.8426,1.7225
1.8423,1.7137
1.842,1.7049
1.8417,1.6961
1.8414,1.6873
1.8411,1.6784
1.8408,1.6696
1.8404,1.6608
1.8401,1.652
1.8397,1.6432
1.8393,1.6343
1.8389,1.6255
1.8384,1.6167
1.838,1.6079
1.8375,1.5991
1.837,1.5903
1.8365,1.5814
1.8359,1.5726
1.8353,1.5638
1.8346,1.555
1.8339,1.5462
1.8331,1.5374
1.8322,1.5285
1.8312,1.5197
1.8301,1.5109
1.8288,1.5021
1.8272,1.4933
1.8252,1.4844
1.8223,1.4756
1.8175,1.4668
NaN,NaN
2.0247,1.9681
2.0243,1.9593
2.0238,1.9505
2.0233,1.9416
2.0228,1.9328
2.0223,1.924
2.0218,1.9152
2.0213,1.9064
2.0208,1.8976
2.0203,1.8887
2.0197,1.8799
2.0192,1.8711
2.0186,1.8623
2.018,1.8535
2.0175,1.8446
2.0169,1.8358
2.0163,1.827
2.0156,1.8182
2.015,1.8094
2.0143,1.8006
2.0137,1.7917
2.013,1.7829
2.0123,1.7741
2.0116,1.7653
2.0108,1.7565
2.0101,1.7477
2.0093,1.7388
2.0085,1.73
2.0077,1.7212
2.0068,1.7124
2.006,1.7036
2.005,1.6947
2.0041,1.6859
2.0031,1.6771
2.0021,1.6683
2.0011,1.6595
2,1.6507
1.9989,1.6418
1.9977,1.633
1.9964,1.6242
1.9951,1.6154
1.9938,1.6066
1.9923,1.5978
1.9908,1.5889
1.9891,1.5801
1.9874,1.5713
1.9855,1.5625
1.9835,1.5537
1.9813,1.5448
1.9789,1.536
1.9762,1.5272
1.9732,1.5184
1.9698,1.5096
1.9657,1.5008
1.9608,1.4919
1.9544,1.4831
1.946,1.4748
1.9372,1.469
NaN,NaN
2.1999,1.9535
2.1991,1.9447
2.1983,1.9359
2.1975,1.9271
2.1967,1.9183
2.1958,1.9095
2.195,1.9006
2.1941,1.8918
2.1932,1.883
2.1923,1.8742
2.1914,1.8654
2.1904,1.8566
2.1894,1.8477
2.1885,1.8389
2.1874,1.8301
2.1864,1.8213
2.1854,1.8125
2.1843,1.8036
2.1832,1.7948
2.1821,1.786
2.1809,1.7772
2.1797,1.7684
2.1785,1.7596
2.1772,1.7507
2.176,1.7419
2.1746,1.7331
2.1733,1.7243
2.1719,1.7155
2.1704,1.7067
2.1689,1.6978
2.1674,1.689
2.1658,1.6802
2.1641,1.6714
2.1624,1.6626
2.1606,1.6537
2.1588,1.6449
2.1568,1.6361
2.1548,1.6273
2.1527,1.6185
2.1504,1.6097
2.148,1.6008
2.1455,1.592
2.1429,1.5832
2.14,1.5744
2.137,1.5656
2.1337,1.5568
2.1302,1.5479
2.1263,1.5391
2.122,1.5303
2.1172,1.5215
2.1117,1.5127
2.1053,1.5038
2.0977,1.495
2.0889,1.4869
2.0801,1.4804
2.0713,1.4754
2.0625,1.4716
2.0537,1.4686
NaN,NaN
0.0007348,1.9556
0.0095524,1.9542
0.01837,1.9528
0.027188,1.9513
0.036005,1.9498
0.044823,1.9484
0.053641,1.9469
0.062458,1.9454
0.071276,1.9438
0.080094,1.9423
0.088911,1.9408
0.097729,1.9392
0.10655,1.9376
0.11536,1.936
0.12418,1.9344
0.133,1.9328
0.14182,1.9311
0.15063,1.9295
0.15945,1.9278
0.16827,1.9261
0.17709,1.9244
0.18591,1.9227
0.19472,1.921
0.20354,1.9192
0.21236,1.9174
0.22118,1.9156
0.22999,1.9138
0.23881,1.9119
0.24763,1.9101
0.25645,1.9082
0.26526,1.9063
0.27408,1.9044
0.2829,1.9024
0.29172,1.9004
0.30053,1.8984
0.30935,1.8964
0.31817,1.8944
0.32699,1.8923
0.3358,1.8902
0.34462,1.8881
0.35344,1.8859
0.36226,1.8837
0.37108,1.8815
0.37989,1.8792
0.38871,1.877
0.39753,1.8746
0.40635,1.8723
0.41516,1.8699
0.42398,1.8675
0.4328,1.865
0.44162,1.8625
0.45043,1.86
0.45925,1.8574
0.46807,1.8548
0.47689,1.8521
0.4857,1.8494
0.49452,1.8466
0.50334,1.8438
0.51216,1.841
0.52098,1.8381
0.52979,1.8351
0.53861,1.8321
0.54743,1.829
0.55625,1.8258
0.56506,1.8226
0.57388,1.8193
0.5827,1.8159
0.59152,1.8125
0.60033,1.809
0.60915,1.8054
0.61797,1.8017
0.62679,1.7979
0.6356,1.7941
0.64442,1.7901
0.65324,1.786
0.66206,1.7818
0.67088,1.7775
0.67969,1.773
0.68851,1.7684
0.69733,1.7637
0.70615,1.7588
0.71496,1.7537
0.72378,1.7485
0.7326,1.743
0.74142,1.7374
0.75023,1.7315
0.75905,1.7254
0.76787,1.719
0.77669,1.7122
0.7855,1.7052
0.79432,1.6978
0.80314,1.6899
0.81196,1.6816
0.82071,1.6729
0.82898,1.6641
0.83674,1.6553
0.844,1.6464
0.8508,1.6376
0.85717,1.6288
0.86312,1.62
0.86868,1.6112
0.87388,1.6024
0.87874,1.5935
0.88327,1.5847
0.8875,1.5759
0.89144,1.5671
0.89512,1.5583
0.89854,1.5494
0.90172,1.5406
0.90469,1.5318
0.90744,1.523
0.91,1.5142
0.91238,1.5054
0.91459,1.4965
0.91663,1.4877
0.91853,1.4789
0.92029,1.4701
NaN,NaN
1.9297,1.936
1.9209,1.9347
1.9121,1.9333
1.9033,1.932
1.8945,1.9306
1.8857,1.9292
1.8768,1.9278
1.868,1.9264
1.8592,1.925
1.8504,1.9236
1.8416,1.9221
1.8327,1.9207
1.8239,1.9192
1.8151,1.9177
1.8063,1.9162
1.7975,1.9147
1.7887,1.9132
1.7798,1.9116
1.771,1.9101
1.7622,1.9085
1.7534,1.9069
1.7446,1.9053
1.7358,1.9037
1.7269,1.9021
1.7181,1.9004
1.7093,1.8988
1.7005,1.8971
1.6917,1.8954
1.6828,1.8937
1.674,1.892
1.6652,1.8902
1.6564,1.8884
1.6476,1.8866
1.6388,1.8848
1.6299,1.883
1.6211,1.8811
1.6123,1.8792
1.6035,1.8773
1.5947,1.8754
1.5859,1.8735
1.577,1.8715
1.5682,1.8695
1.5594,1.8675
1.5506,1.8655
1.5418,1.8634
1.5329,1.8613
1.5241,1.8591
1.5153,1.857
1.5065,1.8548
1.4977,1.8526
1.4889,1.8503
1.48,1.8481
1.4712,1.8457
1.4624,1.8434
1.4536,1.841
1.4448,1.8386
1.436,1.8361
1.4271,1.8336
1.4183,1.8311
1.4095,1.8285
1.4007,1.8258
1.3919,1.8232
1.383,1.8204
1.3742,1.8177
1.3654,1.8148
1.3566,1.812
1.3478,1.809
1.339,1.806
1.3301,1.803
1.3213,1.7999
1.3125,1.7967
1.3037,1.7934
1.2949,1.7901
1.2861,1.7867
1.2772,1.7833
1.2684,1.7797
1.2596,1.7761
1.2508,1.7723
1.242,1.7685
1.2331,1.7646
1.2243,1.7605
1.2155,1.7564
1.2067,1.7521
1.1979,1.7477
1.1891,1.7431
1.1802,1.7384
1.1714,1.7336
1.1626,1.7286
1.1538,1.7234
1.145,1.718
1.1362,1.7124
1.1273,1.7065
1.1185,1.7004
1.1097,1.694
1.1009,1.6874
1.0921,1.6803
1.0832,1.673
1.0744,1.6652
1.0656,1.6569
1.0569,1.6482
1.0486,1.6393
1.0409,1.6305
1.0336,1.6217
1.0269,1.6129
1.0205,1.6041
1.0146,1.5953
1.0091,1.5864
1.004,1.5776
0.99917,1.5688
0.9947,1.56
0.99053,1.5512
0.98666,1.5423
0.98305,1.5335
0.9797,1.5247
0.97658,1.5159
0.97369,1.5071
0.971,1.4983
0.96851,1.4894
0.96619,1.4806
NaN,NaN
1.7368,1.759
1.728,1.7576
1.7191,1.7561
1.7103,1.7546
1.7015,1.7531
1.6927,1.7515
1.6839,1.75
1.6751,1.7484
1.6662,1.7468
1.6574,1.7452
1.6486,1.7436
1.6398,1.742
1.631,1.7404
1.6222,1.7387
1.6133,1.737
1.6045,1.7353
1.5957,1.7336
1.5869,1.7318
1.5781,1.73
1.5692,1.7282
1.5604,1.7264
1.5516,1.7246
1.5428,1.7227
1.534,1.7208
1.5252,1.7189
1.5163,1.717
1.5075,1.715
1.4987,1.713
1.4899,1.711
1.4811,1.7089
1.4723,1.7068
1.4634,1.7047
1.4546,1.7026
1.4458,1.7004
1.437,1.6982
1.4282,1.6959
1.4193,1.6936
1.4105,1.6913
1.4017,1.689
1.3929,1.6865
1.3841,1.6841
1.3753,1.6816
1.3664,1.6791
1.3576,1.6765
1.3488,1.6738
1.34,1.6712
1.3312,1.6684
1.3224,1.6656
1.3135,1.6628
1.3047,1.6599
1.2959,1.6569
1.2871,1.6538
1.2783,1.6507
1.2694,1.6475
1.2606,1.6442
1.2518,1.6409
1.243,1.6375
1.2342,1.6339
1.2254,1.6303
1.2165,1.6266
1.2077,1.6227
1.1989,1.6188
1.1901,1.6147
1.1813,1.6105
1.1725,1.6062
1.1636,1.6017
1.1548,1.597
1.146,1.5922
1.1372,1.5871
1.1284,1.5819
1.1195,1.5765
1.1107,1.5708
1.1019,1.5648
1.0931,1.5585
1.0843,1.5519
1.0755,1.5449
1.0666,1.5375
1.0578,1.5296
1.049,1.5212
1.0404,1.5124
1.0325,1.5036
1.0251,1.4948
1.0182,1.486
1.0118,1.4771
1.0059,1.4683
NaN,NaN
0.00045184,2.134
0.0092695,2.1324
0.018087,2.1308
0.026905,2.1291
0.035722,2.1275
0.04454,2.1259
0.053358,2.1242
0.062175,2.1225
0.070993,2.1208
0.079811,2.1191
0.088628,2.1174
0.097446,2.1156
0.10626,2.1139
0.11508,2.1121
0.1239,2.1103
0.13272,2.1085
0.14153,2.1066
0.15035,2.1048
0.15917,2.1029
0.16799,2.101
0.1768,2.0991
0.18562,2.0972
0.19444,2.0952
0.20326,2.0933
0.21208,2.0913
0.22089,2.0893
0.22971,2.0872
0.23853,2.0852
0.24735,2.0831
0.25616,2.081
0.26498,2.0789
0.2738,2.0767
0.28262,2.0745
0.29143,2.0723
0.30025,2.0701
0.30907,2.0678
0.31789,2.0655
0.3267,2.0632
0.33552,2.0609
0.34434,2.0585
0.35316,2.0561
0.36197,2.0536
0.37079,2.0512
0.37961,2.0486
0.38843,2.0461
0.39725,2.0435
0.40606,2.0409
0.41488,2.0382
0.4237,2.0355
0.43252,2.0328
0.44133,2.03
0.45015,2.0271
0.45897,2.0243
0.46779,2.0213
0.4766,2.0183
0.48542,2.0153
0.49424,2.0122
0.50306,2.0091
0.51187,2.0059
0.52069,2.0026
0.52951,1.9993
0.53833,1.9959
0.54715,1.9925
0.55596,1.989
0.56478,1.9854
0.5736,1.9817
0.58242,1.9779
0.59123,1.9741
0.60005,1.9702
0.60887,1.9662
0.61769,1.962
0.6265,1.9578
0.63532,1.9535
0.64414,1.9491
0.65296,1.9445
0.66177,1.9398
0.67059,1.935
0.67941,1.93
0.68823,1.9249
0.69705,1.9196
0.70586,1.9141
0.71468,1.9085
0.7235,1.9026
0.73232,1.8965
0.74113,1.8902
0.74995,1.8837
0.75877,1.8768
0.76759,1.8697
0.7764,1.8622
0.78522,1.8543
0.79404,1.846
0.80283,1.8373
0.81124,1.8285
0.8192,1.8197
0.82671,1.8108
0.8338,1.802
0.84049,1.7932
0.8468,1.7844
0.85274,1.7756
0.85834,1.7668
0.86362,1.7579
0.86858,1.7491
0.87326,1.7403
0.87765,1.7315
0.88179,1.7227
0.88567,1.7139
0.88933,1.705
0.89275,1.6962
0.89597,1.6874
0.89899,1.6786
0.90182,1.6698
0.90448,1.6609
0.90697,1.6521
0.9093,1.6433
0.91148,1.6345
0.91352,1.6257
0.91542,1.6169
0.91721,1.608
0.91887,1.5992
0.92043,1.5904
NaN,NaN
0.43453,2.1997
0.44335,2.1966
0.45217,2.1935
0.46099,2.1903
0.46981,2.187
0.47862,2.1837
0.48744,2.1804
0.49626,2.1769
0.50508,2.1735
0.51389,2.1699
0.52271,2.1663
0.53153,2.1626
0.54035,2.1588
0.54916,2.155
0.55798,2.1511
0.5668,2.1471
0.57562,2.143
0.58443,2.1389
0.59325,2.1346
0.60207,2.1302
0.61089,2.1258
0.6197,2.1212
0.62852,2.1165
0.63734,2.1117
0.64616,2.1068
0.65498,2.1017
0.66379,2.0965
0.67261,2.0911
0.68143,2.0856
0.69025,2.0799
0.69906,2.074
0.70788,2.0679
0.7167,2.0616
0.72552,2.0551
0.73433,2.0483
0.74315,2.0413
0.75197,2.0339
0.76079,2.0263
0.7696,2.0183
0.77842,2.0099
0.7872,2.0012
0.7956,1.9923
0.80359,1.9835
0.81118,1.9747
0.8184,1.9659
0.82526,1.9571
0.83177,1.9483
0.83794,1.9394
0.84379,1.9306
0.84934,1.9218
0.8546,1.913
0.85958,1.9042
0.8643,1.8954
0.86877,1.8865
0.873,1.8777
0.877,1.8689
0.88079,1.8601
0.88437,1.8513
0.88776,1.8424
0.89095,1.8336
0.89397,1.8248
0.89683,1.816
0.89952,1.8072
0.90206,1.7984
0.90445,1.7895
0.90671,1.7807
0.90884,1.7719
0.91085,1.7631
0.91273,1.7543
0.91451,1.7455
NaN,NaN
0.99035,2.1991
0.98788,2.1903
0.98553,2.1815
0.98328,2.1727
0.98113,2.1638
0.97907,2.155
0.97711,2.1462
0.97524,2.1374
0.97345,2.1286
0.97175,2.1198
0.97012,2.1109
0.96857,2.1021
0.96709,2.0933
0.96569,2.0845
0.96434,2.0757
0.96306,2.0669
0.96184,2.058
0.96068,2.0492
0.95958,2.0404
0.95853,2.0316
0.95753,2.0228
0.95658,2.0139
0.95567,2.0051
0.95481,1.9963
0.954,1.9875
0.95322,1.9787
0.95248,1.9699
0.95178,1.961
0.95111,1.9522
0.95048,1.9434
0.94988,1.9346
0.94931,1.9258
0.94877,1.917
0.94826,1.9081
0.94778,1.8993
0.94732,1.8905
0.94689,1.8817
0.94648,1.8729
0.94609,1.864
0.94572,1.8552
0.94537,1.8464
0.94505,1.8376
0.94474,1.8288
0.94444,1.82
0.94417,1.8111
0.94391,1.8023
0.94366,1.7935
0.94343,1.7847
0.94321,1.7759
0.943,1.7671
0.94281,1.7582
0.94263,1.7494
0.94246,1.7406
0.94229,1.7318
0.94214,1.723
0.942,1.7141
0.94186,1.7053
0.94174,1.6965
0.94162,1.6877
0.94151,1.6789
0.9414,1.6701
0.94131,1.6612
0.94122,1.6524
0.94113,1.6436
0.94105,1.6348
0.94097,1.626
NaN,NaN
1.5471,2.1998
1.5382,2.1973
1.5294,2.1946
1.5206,2.192
1.5118,2.1893
1.503,2.1866
1.4941,2.1839
1.4853,2.1811
1.4765,2.1782
1.4677,2.1753
1.4589,2.1724
1.4501,2.1694
1.4412,2.1664
1.4324,2.1634
1.4236,2.1603
1.4148,2.1571
1.406,2.1539
1.3972,2.1506
1.3883,2.1473
1.3795,2.1439
1.3707,2.1404
1.3619,2.1369
1.3531,2.1333
1.3442,2.1297
1.3354,2.126
1.3266,2.1222
1.3178,2.1183
1.309,2.1143
1.3002,2.1103
1.2913,2.1061
1.2825,2.1019
1.2737,2.0976
1.2649,2.0931
1.2561,2.0886
1.2473,2.0839
1.2384,2.0792
1.2296,2.0742
1.2208,2.0692
1.212,2.064
1.2032,2.0586
1.1943,2.0531
1.1855,2.0475
1.1767,2.0416
1.1679,2.0355
1.1591,2.0292
1.1503,2.0227
1.1414,2.0159
1.1326,2.0089
1.1238,2.0015
1.115,1.9939
1.1062,1.9858
1.0974,1.9774
1.0886,1.9687
1.0802,1.9599
1.0723,1.951
1.0648,1.9422
1.0576,1.9334
1.0509,1.9246
1.0444,1.9158
1.0384,1.9069
1.0326,1.8981
1.0271,1.8893
1.022,1.8805
1.0171,1.8717
1.0125,1.8629
1.0081,1.854
1.0039,1.8452
1,1.8364
0.99635,1.8276
0.99287,1.8188
0.98958,1.81
0.98647,1.8011
0.98354,1.7923
0.98078,1.7835
0.97818,1.7747
0.97573,1.7659
0.97342,1.757
0.97124,1.7482
0.9692,1.7394
NaN,NaN
0.73661,2.1995
0.74542,2.1917
0.75424,2.1836
0.76306,2.1751
0.77181,2.1663
0.78019,2.1575
0.7882,2.1487
0.79585,2.1399
0.80314,2.1311
0.81012,2.1223
0.81677,2.1134
0.82312,2.1046
0.82917,2.0958
0.83494,2.087
0.84044,2.0782
0.84568,2.0694
0.85067,2.0605
0.85541,2.0517
0.85994,2.0429
0.86424,2.0341
0.86833,2.0253
0.87222,2.0164
0.87592,2.0076
0.87944,1.9988
0.88279,1.99
0.88596,1.9812
0.88898,1.9724
0.89185,1.9635
0.89456,1.9547
0.89714,1.9459
0.89959,1.9371
0.90191,1.9283
0.90411,1.9195
0.9062,1.9106
0.90817,1.9018
0.91004,1.893
0.91182,1.8842
0.91349,1.8754
0.91508,1.8665
0.91658,1.8577
NaN,NaN
1.1839,2.1994
1.1751,2.1929
1.1663,2.1862
1.1575,2.1793
1.1487,2.1721
1.1399,2.1646
1.131,2.1569
1.1222,2.1488
1.1134,2.1403
1.1047,2.1315
1.0963,2.1227
1.0883,2.1139
1.0806,2.1051
1.0733,2.0962
1.0664,2.0874
1.0598,2.0786
1.0535,2.0698
1.0475,2.061
1.0418,2.0522
1.0363,2.0433
1.0312,2.0345
1.0262,2.0257
1.0216,2.0169
1.0171,2.0081
1.0129,1.9993
1.0089,1.9904
1.005,1.9816
1.0014,1.9728
0.99795,1.964
0.99468,1.9552
0.99158,1.9463
0.98863,1.9375
0.98584,1.9287
0.98319,1.9199
0.98068,1.9111
0.97831,1.9023
0.97606,1.8934
0.97392,1.8846
0.97191,1.8758
0.97,1.867
0.96819,1.8582
NaN,NaN
0.13946,0.075087
0.14862,0.14707
0.080796,0.12128
NaN,NaN
0.57198,0.51622
0.58832,0.58692
0.51824,0.56807
NaN,NaN
0.69803,0.081851
0.66598,0.14696
0.62361,0.088049
NaN,NaN
1.0686,0.95947
1.0419,1.027
0.99493,0.97167
NaN,NaN
1.1378,0.082949
1.1036,0.14696
1.0632,0.086676
NaN,NaN
1.1626,0.52221
1.1298,0.58696
1.0881,0.52758
NaN,NaN
1.5775,0.084122
1.5412,0.14696
1.5028,0.085366
NaN,NaN
1.5858,0.52386
1.5499,0.58696
1.5111,0.52565
NaN,NaN
1.5987,0.96311
1.5642,1.027
1.5241,0.96648
NaN,NaN
2.0172,0.085366
1.9788,0.14696
1.9425,0.084122
NaN,NaN
2.0089,0.52565
1.9701,0.58696
1.9342,0.52386
NaN,NaN
1.9959,0.96648
1.9558,1.027
1.9213,0.96311
NaN,NaN
0.083733,0.62244
0.14696,0.65806
0.085784,0.69709
NaN,NaN
0.081878,1.0621
0.14696,1.0942
0.088013,1.1365
NaN,NaN
0.51934,1.017
0.58696,1.0433
0.5319,1.0906
NaN,NaN
1.1181,1.5331
1.0883,1.4669
1.1607,1.4717
NaN,NaN
1.5197,1.6558
1.467,1.6059
1.5358,1.5829
NaN,NaN
1.9317,1.976
1.9098,1.9068
1.9811,1.9199
NaN,NaN
0.58901,1.4532
0.66029,1.4667
0.61477,1.5232
NaN,NaN
0.22537,1.5304
0.29304,1.5566
0.23808,1.604
NaN,NaN
1.5156,2.0833
1.4668,2.0296
1.5372,2.0118
NaN,NaN
1.9604,1.6095
1.9799,1.5396
2.0324,1.5897
NaN,NaN
0.19477,1.8834
0.2635,1.9067
0.2106,1.9564
NaN,NaN
0.64483,1.9099
0.71733,1.9067
0.68595,1.9722
NaN,NaN
1.1185,2.0496
1.0996,1.9796
1.1703,1.9958
NaN,NaN
