0.0023193,0.098351
0.03247,0.10186
0.062621,0.10546
0.092772,0.10916
0.12292,0.11936
0.15184,0.14678
0.18008,0.17523
0.2084,0.2035
0.23684,0.23174
0.26535,0.26
0.29378,0.28822
0.32191,0.31645
0.35001,0.3449
0.37806,0.37344
0.40607,0.40182
0.43418,0.42991
0.46243,0.45792
0.49074,0.48594
0.51881,0.51383
0.54658,0.54193
0.57427,0.57025
0.60182,0.59843
0.62954,0.62615
0.65744,0.65373
0.68524,0.68112
0.71247,0.70848
0.73934,0.73647
0.76598,0.76387
0.79304,0.79054
0.82009,0.81679
0.84588,0.84298
0.87073,0.8702
0.89646,0.89483
0.92114,0.91807
0.94195,0.94248
0.95815,0.9613
0.96377,0.96304
0.96321,0.96304
0.96304,0.96304
0.96298,0.96304
0.96296,0.96304
0.96295,0.96304
0.96295,0.96304
0.96295,0.96304
0.96295,0.96304
0.96295,0.96304
0.96295,0.96304
0.96295,0.96304
0.96295,0.96304
0.96295,0.96304
0.96295,0.96304
0.96295,0.96304
0.96295,0.96304
0.96295,0.96304
0.96295,0.96304
0.96295,0.96304
0.96295,0.96304
0.96295,0.96304
0.96295,0.96304
0.96295,0.96304
0.96295,0.96304
NaN,NaN
0.55047,0.0023193
0.55739,0.03247
0.5644,0.062621
0.57152,0.092772
0.57874,0.12292
0.58605,0.15307
0.59348,0.18322
0.60102,0.21337
0.60868,0.24353
0.61646,0.27368
0.62436,0.30383
0.6324,0.33398
0.64057,0.36413
0.64889,0.39428
0.65735,0.42443
0.66596,0.45458
0.67474,0.48473
0.68368,0.51488
0.6928,0.54503
0.7021,0.57518
0.71159,0.60533
0.72129,0.63549
NaN,NaN
0.7853,0.0023193
0.79116,0.03247
0.7971,0.062621
0.80312,0.092772
0.80923,0.12292
0.81542,0.15307
0.82171,0.18322
0.82809,0.21337
0.83457,0.24353
0.84116,0.27368
0.84785,0.30383
0.85465,0.33398
0.86157,0.36413
0.86861,0.39428
0.87577,0.42443
0.88306,0.45458
0.89049,0.48473
0.89806,0.51488
0.90578,0.54503
0.91365,0.57518
0.92169,0.60533
0.92989,0.63549
0.93828,0.66564
0.94685,0.69579
0.95563,0.72594
0.96461,0.75609
0.97382,0.78624
0.98327,0.81639
0.99296,0.84654
1.0029,0.87669
1.0132,0.90684
1.0237,0.93699
1.0346,0.96714
1.0458,0.99729
1.0574,1.0274
1.069,1.0576
NaN,NaN
1.0201,0.0023193
1.0249,0.03247
1.0298,0.062621
1.0347,0.092772
1.0397,0.12292
1.0448,0.15307
1.0499,0.18322
1.0552,0.21337
1.0605,0.24353
1.0659,0.27368
1.0713,0.30383
1.0769,0.33398
1.0826,0.36413
1.0883,0.39428
1.0942,0.42443
1.1002,0.45458
1.1062,0.48473
1.1124,0.51488
1.1188,0.54503
1.1252,0.57518
1.1318,0.60533
1.1385,0.63549
1.1454,0.66564
1.1524,0.69579
1.1596,0.72594
1.1669,0.75609
1.1745,0.78624
1.1822,0.81639
1.1901,0.84654
1.1983,0.87669
1.2067,0.90684
1.2153,0.93699
1.2242,0.96714
1.2334,0.99729
1.2429,1.0274
1.2527,1.0576
1.2629,1.0877
1.2735,1.1179
1.2845,1.148
1.296,1.1782
1.3081,1.2083
1.3207,1.2385
1.334,1.2687
1.348,1.2988
1.3629,1.329
1.3788,1.3591
1.3633,1.3679
1.3331,1.3534
NaN,NaN
1.255,0.0023193
1.2587,0.03247
1.2625,0.062621
1.2663,0.092772
1.2702,0.12292
1.2742,0.15307
1.2782,0.18322
1.2822,0.21337
1.2864,0.24353
1.2906,0.27368
1.2948,0.30383
1.2992,0.33398
1.3036,0.36413
1.308,0.39428
1.3126,0.42443
1.3173,0.45458
1.322,0.48473
1.3268,0.51488
1.3317,0.54503
1.3368,0.57518
1.3419,0.60533
1.3471,0.63549
1.3524,0.66564
1.3579,0.69579
1.3635,0.72594
1.3692,0.75609
1.3751,0.78624
1.3811,0.81639
1.3873,0.84654
1.3936,0.87669
1.4002,0.90684
1.4069,0.93699
1.4138,0.96714
1.421,0.99729
1.4284,1.0274
1.436,1.0576
1.444,1.0877
1.4522,1.1179
1.4608,1.148
1.4697,1.1782
1.4791,1.2083
1.4889,1.2385
1.4993,1.2687
1.5102,1.2988
1.5218,1.329
1.5342,1.3591
1.5475,1.3893
1.5618,1.4194
1.5775,1.4496
1.5947,1.4797
1.6141,1.5099
1.6362,1.54
1.6622,1.5702
1.6921,1.5985
1.7222,1.6212
1.7524,1.6387
1.7826,1.652
1.8127,1.6618
1.8429,1.6688
1.873,1.6735
1.9032,1.6766
1.9333,1.6784
1.9635,1.6794
1.9936,1.6798
2.0238,1.68
2.0539,1.68
2.081,1.68
2.08,1.6787
2.08,1.6787
2.08,1.6787
2.08,1.6787
2.08,1.6787
2.08,1.6787
2.08,1.6787
2.08,1.6787
2.08,1.6787
2.08,1.6787
2.08,1.6787
2.08,1.6787
2.08,1.6787
2.08,1.6787
2.08,1.6787
2.08,1.6787
2.08,1.6787
2.08,1.6787
2.08,1.6787
2.08,1.6787
2.08,1.6787
2.08,1.6787
2.08,1.6787
2.08,1.6787
2.08,1.6787
2.08,1.6787
2.08,1.6787
2.08,1.6787
2.08,1.6787
2.08,1.6787
2.08,1.6787
2.08,1.6787
2.08,1.6787
2.08,1.6787
2.08,1.6787
2.08,1.6787
2.08,1.6787
2.08,1.6787
2.08,1.6787
2.08,1.6787
2.08,1.6787
2.08,1.6787
2.08,1.6787
2.08,1.6787
2.08,1.6787
2.08,1.6787
2.08,1.6787
2.08,1.6787
2.08,1.6787
2.08,1.6787
2.08,1.6787
2.08,1.6787
2.08,1.6787
2.08,1.6787
2.08,1.6787
2.08,1.6787
2.08,1.6787
2.08,1.6787
2.08,1.6787
2.08,1.6787
2.08,1.6787
2.08,1.6787
2.08,1.6787
2.08,1.6787
2.08,1.6787
2.08,1.6787
2.08,1.6787
2.08,1.6787
2.08,1.6787
2.08,1.6787
2.08,1.6787
2.08,1.6787
2.08,1.6787
2.08,1.6787
2.08,1.6787
2.08,1.6787
2.08,1.6787
2.08,1.6787
2.08,1.6787
2.08,1.6787
2.08,1.6787
2.08,1.6787
2.08,1.6787
2.08,1.6787
2.08,1.6787
2.08,1.6787
2.08,1.6787
2.08,1.6787
2.08,1.6787
2.08,1.6787
2.08,1.6787
2.08,1.6787
2.08,1.6787
2.08,1.6787
2.08,1.6787
2.08,1.6787
2.08,1.6787
2.08,1.6787
2.08,1.6787
2.08,1.6787
2.08,1.6787
2.08,1.6787
2.08,1.6787
2.08,1.6787
2.08,1.6787
2.08,1.6787
2.08,1.6787
2.08,1.6787
2.08,1.6787
2.08,1.6787
2.08,1.6787
2.08,1.6787
2.08,1.6787
2.08,1.6787
2.08,1.6787
2.08,1.6787
2.08,1.6787
2.08,1.6787
2.08,1.6787
2.08,1.6787
2.08,1.6787
2.08,1.6787
2.08,1.6787
2.08,1.6787
2.08,1.6787
2.08,1.6787
2.08,1.6787
2.08,1.6787
2.08,1.6787
2.08,1.6787
2.08,1.6787
2.08,1.6787
2.08,1.6787
2.08,1.6787
2.08,1.6787
2.08,1.6787
2.08,1.6787
2.08,1.6787
2.08,1.6787
2.08,1.6787
2.08,1.6787
2.08,1.6787
2.08,1.6787
2.08,1.6787
2.08,1.6787
2.08,1.6787
2.08,1.6787
2.08,1.6787
2.08,1.6787
2.08,1.6787
2.08,1.6787
2.08,1.6787
2.08,1.6787
2.08,1.6787
2.08,1.6787
2.08,1.6787
2.08,1.6787
2.08,1.6787
2.08,1.6787
2.08,1.6787
2.08,1.6787
2.08,1.6787
2.08,1.6787
2.08,1.6787
2.08,1.6787
2.08,1.6787
2.08,1.6787
2.08,1.6787
2.08,1.6787
2.08,1.6787
2.08,1.6787
2.08,1.6787
2.08,1.6787
2.08,1.6787
2.08,1.6787
2.08,1.6787
2.08,1.6787
2.08,1.6787
2.08,1.6787
2.08,1.6787
2.08,1.6787
2.08,1.6787
2.08,1.6787
2.08,1.6787
2.08,1.6787
2.08,1.6787
2.08,1.6787
2.08,1.6787
2.08,1.6787
2.08,1.6787
2.08,1.6787
2.08,1.6787
2.08,1.6787
2.08,1.6787
2.08,1.6787
2.08,1.6787
2.08,1.6787
2.08,1.6787
2.08,1.6787
2.08,1.6787
2.08,1.6787
2.08,1.6787
2.08,1.6787
2.08,1.6787
2.08,1.6787
2.08,1.6787
2.08,1.6787
2.08,1.6787
2.08,1.6787
2.08,1.6787
2.08,1.6787
2.08,1.6787
2.08,1.6787
2.08,1.6787
2.08,1.6787
2.08,1.6787
2.08,1.6787
2.08,1.6787
2.08,1.6787
2.08,1.6787
2.08,1.6787
2.08,1.6787
2.08,1.6787
2.08,1.6787
2.08,1.6787
2.08,1.6787
2.08,1.6787
2.08,1.6787
2.08,1.6787
2.08,1.6787
2.08,1.6787
2.08,1.6787
2.08,1.6787
2.08,1.6787
2.08,1.6787
2.08,1.6787
2.08,1.6787
2.08,1.6787
2.08,1.6787
2.08,1.6787
2.08,1.6787
2.08,1.6787
2.08,1.6787
2.08,1.6787
2.08,1.6787
2.08,1.6787
2.08,1.6787
2.08,1.6787
2.08,1.6787
2.08,1.6787
2.08,1.6787
2.08,1.6787
2.08,1.6787
2.08,1.6787
2.08,1.6787
2.08,1.6787
2.08,1.6787
2.08,1.6787
2.08,1.6787
2.08,1.6787
2.08,1.6787
2.08,1.6787
2.08,1.6787
2.08,1.6787
2.08,1.6787
2.08,1.6787
2.08,1.6787
2.08,1.6787
2.08,1.6787
2.08,1.6787
2.08,1.6787
2.08,1.6787
2.08,1.6787
2.08,1.6787
2.08,1.6787
2.08,1.6787
2.08,1.6787
2.08,1.6787
2.08,1.6787
2.08,1.6787
2.08,1.6787
2.08,1.6787
2.08,1.6787
2.08,1.6787
2.08,1.6787
2.08,1.6787
2.08,1.6787
2.08,1.6787
2.08,1.6787
2.08,1.6787
2.08,1.6787
2.08,1.6787
2.08,1.6787
2.08,1.6787
2.08,1.6787
2.08,1.6787
2.08,1.6787
2.08,1.6787
2.08,1.6787
2.08,1.6787
2.08,1.6787
2.08,1.6787
2.08,1.6787
2.08,1.6787
2.08,1.6787
2.08,1.6787
2.08,1.6787
2.08,1.6787
2.08,1.6787
2.08,1.6787
2.08,1.6787
2.08,1.6787
2.08,1.6787
2.08,1.6787
2.08,1.6787
2.08,1.6787
2.08,1.6787
2.08,1.6787
2.08,1.6787
2.08,1.6787
2.08,1.6787
2.08,1.6787
2.08,1.6787
2.08,1.6787
2.08,1.6787
2.08,1.6787
2.08,1.6787
2.08,1.6787
2.08,1.6787
2.08,1.6787
2.08,1.6787
2.08,1.6787
2.08,1.6787
2.08,1.6787
2.08,1.6787
2.08,1.6787
2.08,1.6787
NaN,NaN
1.4898,0.0023193
1.4925,0.03247
1.4952,0.062621
1.4979,0.092772
1.5007,0.12292
1.5035,0.15307
1.5064,0.18322
1.5093,0.21337
1.5123,0.24353
1.5153,0.27368
1.5183,0.30383
1.5214,0.33398
1.5246,0.36413
1.5278,0.39428
1.531,0.42443
1.5344,0.45458
1.5377,0.48473
1.5412,0.51488
1.5447,0.54503
1.5483,0.57518
1.552,0.60533
1.5557,0.63549
1.5595,0.66564
1.5634,0.69579
1.5674,0.72594
1.5715,0.75609
1.5757,0.78624
1.58,0.81639
1.5845,0.84654
1.589,0.87669
1.5937,0.90684
1.5985,0.93699
1.6034,0.96714
1.6086,0.99729
1.6138,1.0274
1.6193,1.0576
1.625,1.0877
1.6309,1.1179
1.637,1.148
1.6434,1.1782
1.6501,1.2083
1.6572,1.2385
1.6646,1.2687
1.6724,1.2988
1.6807,1.329
1.6895,1.3591
1.699,1.3893
1.7093,1.4194
1.7205,1.4496
1.7329,1.4797
1.7467,1.5099
1.7625,1.54
1.7811,1.5702
NaN,NaN
1.7246,0.0023193
1.7262,0.03247
1.7279,0.062621
1.7295,0.092772
1.7312,0.12292
1.7329,0.15307
1.7346,0.18322
1.7364,0.21337
1.7381,0.24353
1.74,0.27368
1.7418,0.30383
1.7437,0.33398
1.7456,0.36413
1.7475,0.39428
1.7495,0.42443
1.7515,0.45458
1.7535,0.48473
1.7556,0.51488
1.7577,0.54503
1.7599,0.57518
1.7621,0.60533
1.7643,0.63549
1.7666,0.66564
1.769,0.69579
1.7714,0.72594
1.7738,0.75609
1.7764,0.78624
1.779,0.81639
1.7816,0.84654
1.7844,0.87669
1.7872,0.90684
1.7901,0.93699
1.793,0.96714
1.7961,0.99729
1.7993,1.0274
1.8026,1.0576
1.806,1.0877
1.8096,1.1179
1.8133,1.148
1.8171,1.1782
1.8212,1.2083
1.8254,1.2385
1.8299,1.2687
1.8346,1.2988
1.8396,1.329
1.8449,1.3591
1.8506,1.3893
1.8568,1.4194
1.8635,1.4496
1.871,1.4797
1.8793,1.5099
1.8888,1.54
1.9,1.5702
1.9138,1.6003
1.9323,1.6305
NaN,NaN
1.9595,0.0023193
1.96,0.03247
1.9606,0.062621
1.9611,0.092772
1.9617,0.12292
1.9623,0.15307
1.9628,0.18322
1.9634,0.21337
1.964,0.24353
1.9647,0.27368
1.9653,0.30383
1.9659,0.33398
1.9666,0.36413
1.9672,0.39428
1.9679,0.42443
1.9686,0.45458
1.9692,0.48473
1.97,0.51488
1.9707,0.54503
1.9714,0.57518
1.9722,0.60533
1.9729,0.63549
1.9737,0.66564
1.9745,0.69579
1.9753,0.72594
1.9761,0.75609
1.977,0.78624
1.9779,0.81639
1.9788,0.84654
1.9797,0.87669
1.9807,0.90684
1.9817,0.93699
1.9827,0.96714
1.9837,0.99729
1.9848,1.0274
1.9859,1.0576
1.9871,1.0877
1.9883,1.1179
1.9895,1.148
1.9908,1.1782
1.9922,1.2083
1.9936,1.2385
1.9952,1.2687
1.9967,1.2988
1.9984,1.329
2.0003,1.3591
2.0022,1.3893
2.0043,1.4194
2.0066,1.4496
2.0091,1.4797
2.0119,1.5099
2.0152,1.54
2.0189,1.5702
2.0236,1.6003
2.0299,1.6305
NaN,NaN
2.1943,0.0023193
2.1938,0.03247
2.1932,0.062621
2.1927,0.092772
2.1922,0.12292
2.1916,0.15307
2.1911,0.18322
2.1905,0.21337
2.1899,0.24353
2.1894,0.27368
2.1888,0.30383
2.1882,0.33398
2.1876,0.36413
2.1869,0.39428
2.1863,0.42443
2.1857,0.45458
2.185,0.48473
2.1843,0.51488
2.1836,0.54503
2.183,0.57518
2.1822,0.60533
2.1815,0.63549
2.1808,0.66564
2.18,0.69579
2.1792,0.72594
2.1785,0.75609
2.1776,0.78624
2.1768,0.81639
2.176,0.84654
2.1751,0.87669
2.1742,0.90684
2.1732,0.93699
2.1723,0.96714
2.1713,0.99729
2.1703,1.0274
2.1692,1.0576
2.1681,1.0877
2.167,1.1179
2.1658,1.148
2.1645,1.1782
2.1632,1.2083
2.1619,1.2385
2.1604,1.2687
2.1589,1.2988
2.1573,1.329
2.1556,1.3591
2.1538,1.3893
2.1518,1.4194
2.1496,1.4496
2.1472,1.4797
2.1445,1.5099
2.1415,1.54
2.1379,1.5702
2.1334,1.6003
2.1275,1.6305
2.1177,1.6606
NaN,NaN
2.4291,0.0023193
2.4275,0.03247
2.4259,0.062621
2.4243,0.092772
2.4227,0.12292
2.421,0.15307
2.4193,0.18322
2.4176,0.21337
2.4158,0.24353
2.4141,0.27368
2.4122,0.30383
2.4104,0.33398
2.4085,0.36413
2.4067,0.39428
2.4047,0.42443
2.4028,0.45458
2.4008,0.48473
2.3987,0.51488
2.3966,0.54503
2.3945,0.57518
2.3923,0.60533
2.3901,0.63549
2.3879,0.66564
2.3856,0.69579
2.3832,0.72594
2.3808,0.75609
2.3783,0.78624
2.3757,0.81639
2.3731,0.84654
2.3704,0.87669
2.3677,0.90684
2.3648,0.93699
2.3619,0.96714
2.3589,0.99729
2.3557,1.0274
2.3525,1.0576
2.3491,1.0877
2.3457,1.1179
2.342,1.148
2.3382,1.1782
2.3343,1.2083
2.3301,1.2385
2.3257,1.2687
2.3211,1.2988
2.3162,1.329
2.311,1.3591
2.3053,1.3893
2.2993,1.4194
2.2926,1.4496
2.2853,1.4797
2.2772,1.5099
2.2678,1.54
2.2568,1.5702
2.2433,1.6003
2.2251,1.6305
2.1977,1.6589
NaN,NaN
2.6639,0.0023193
2.6613,0.03247
2.6586,0.062621
2.6559,0.092772
2.6532,0.12292
2.6504,0.15307
2.6475,0.18322
2.6446,0.21337
2.6417,0.24353
2.6388,0.27368
2.6357,0.30383
2.6327,0.33398
2.6295,0.36413
2.6264,0.39428
2.6231,0.42443
2.6199,0.45458
2.6165,0.48473
2.6131,0.51488
2.6096,0.54503
2.6061,0.57518
2.6024,0.60533
2.5987,0.63549
2.5949,0.66564
2.5911,0.69579
2.5871,0.72594
2.5831,0.75609
2.5789,0.78624
2.5747,0.81639
2.5703,0.84654
2.5658,0.87669
2.5612,0.90684
2.5564,0.93699
2.5515,0.96714
2.5464,0.99729
2.5412,1.0274
2.5358,1.0576
2.5302,1.0877
2.5243,1.1179
2.5183,1.148
2.5119,1.1782
2.5053,1.2083
2.4983,1.2385
2.491,1.2687
2.4833,1.2988
2.4751,1.329
2.4663,1.3591
2.4569,1.3893
2.4468,1.4194
2.4357,1.4496
2.4235,1.4797
2.4098,1.5099
2.3941,1.54
2.3757,1.5702
2.3531,1.6003
2.3242,1.6293
2.294,1.6502
2.2639,1.6639
NaN,NaN
2.8988,0.0023193
2.8951,0.03247
2.8913,0.062621
2.8875,0.092772
2.8836,0.12292
2.8797,0.15307
2.8758,0.18322
2.8717,0.21337
2.8676,0.24353
2.8635,0.27368
2.8592,0.30383
2.8549,0.33398
2.8505,0.36413
2.8461,0.39428
2.8416,0.42443
2.837,0.45458
2.8323,0.48473
2.8275,0.51488
2.8226,0.54503
2.8176,0.57518
2.8125,0.60533
2.8073,0.63549
2.802,0.66564
2.7966,0.69579
2.7911,0.72594
2.7854,0.75609
2.7796,0.78624
2.7736,0.81639
2.7675,0.84654
2.7612,0.87669
2.7547,0.90684
2.748,0.93699
2.7411,0.96714
2.734,0.99729
2.7267,1.0274
2.7191,1.0576
2.7112,1.0877
2.703,1.1179
2.6945,1.148
2.6856,1.1782
2.6763,1.2083
2.6666,1.2385
2.6563,1.2687
2.6455,1.2988
2.6339,1.329
2.6217,1.3591
2.6085,1.3893
2.5942,1.4194
2.5787,1.4496
2.5616,1.4797
2.5424,1.5099
2.5205,1.54
2.4947,1.5702
2.4648,1.5987
2.4346,1.6215
NaN,NaN
0.0023193,0.34034
0.03247,0.34184
0.062621,0.34337
0.092772,0.34494
0.12292,0.34656
0.15307,0.34822
0.18322,0.34994
0.21337,0.3517
0.24353,0.35353
0.27368,0.35541
0.30383,0.35736
0.33398,0.35939
NaN,NaN
0.0023193,0.57883
0.03247,0.57834
0.062621,0.57783
0.092772,0.57732
0.12292,0.57679
0.15307,0.57624
0.18322,0.57568
0.21337,0.57511
0.24353,0.57451
0.27368,0.57389
0.30383,0.57325
0.33398,0.57259
0.36413,0.5719
0.39428,0.57118
0.42443,0.57043
0.45458,0.56965
0.48473,0.56883
0.51488,0.56796
NaN,NaN
0.0023193,0.81731
0.03247,0.81484
0.062621,0.8123
0.092772,0.80969
0.12292,0.80702
0.15307,0.80427
0.18322,0.80143
0.21337,0.79851
0.24353,0.79549
0.27368,0.79237
0.30383,0.78914
0.33398,0.78579
0.36413,0.78231
0.39428,0.77868
0.42443,0.77489
0.45458,0.77093
0.48473,0.76677
0.51488,0.76238
0.54503,0.75775
0.57518,0.75283
0.60533,0.74757
0.63549,0.74192
0.66564,0.7358
0.69579,0.72912
NaN,NaN
0.0023193,1.0558
0.03247,1.0513
0.062621,1.0468
0.092772,1.0421
0.12292,1.0372
0.15307,1.0323
0.18322,1.0272
0.21337,1.0219
0.24353,1.0165
0.27368,1.0109
0.30383,1.005
0.33398,0.99899
0.36413,0.99271
0.39428,0.98617
0.42443,0.97935
0.45458,0.97221
0.48473,0.96471
0.51488,0.95681
0.54503,0.94845
0.57518,0.93958
0.60533,0.93011
0.63549,0.91993
0.66564,0.90891
0.69579,0.89686
0.72594,0.88353
0.75609,0.86855
0.78624,0.85135
0.81639,0.83095
NaN,NaN
0.0029915,1.3974
0.033142,1.3901
0.063293,1.3826
0.093444,1.3749
0.12359,1.367
0.15375,1.3588
0.1839,1.3504
0.21405,1.3418
0.2442,1.3329
0.27435,1.3236
0.3045,1.3141
0.33465,1.3042
0.3648,1.2938
0.39495,1.2831
0.4251,1.2719
0.45525,1.2602
0.4854,1.2478
0.51555,1.2349
0.54571,1.2211
0.57586,1.2065
0.60601,1.1909
0.63616,1.1742
0.66631,1.156
0.69646,1.1362
0.72661,1.1142
0.75676,1.0895
0.78688,1.0611
0.81411,1.0309
0.83707,1.0008
0.85608,0.97062
0.87162,0.94047
NaN,NaN
2.9995,0.5862
2.9931,0.61635
2.9866,0.6465
2.9799,0.67665
2.973,0.7068
2.966,0.73695
2.9589,0.7671
2.9515,0.79726
2.944,0.82741
2.9362,0.85756
2.9282,0.88771
2.9201,0.91786
2.9116,0.94801
2.9029,0.97816
2.8939,1.0083
2.8846,1.0385
2.875,1.0686
2.865,1.0988
2.8546,1.1289
2.8438,1.1591
2.8325,1.1892
2.8207,1.2194
2.8083,1.2495
2.7952,1.2797
2.7814,1.3098
2.7667,1.34
2.7509,1.3701
2.734,1.4003
2.7157,1.4304
2.6956,1.4606
2.6733,1.4907
2.6482,1.5209
2.6194,1.5509
2.5892,1.5775
2.5591,1.5998
NaN,NaN
0.0023997,1.7879
0.03255,1.7774
0.062701,1.7665
0.092852,1.7554
0.123,1.744
0.15315,1.7322
0.1833,1.7201
0.21345,1.7077
0.24361,1.6948
0.27376,1.6814
0.30391,1.6676
0.33406,1.6533
0.36421,1.6384
0.39436,1.6229
0.42451,1.6067
0.45466,1.5898
0.48481,1.572
0.51496,1.5533
0.54511,1.5335
0.57526,1.5124
0.60541,1.4899
0.63557,1.4657
0.66572,1.4396
0.69587,1.4109
0.72463,1.3808
0.75053,1.3506
0.77377,1.3205
0.79453,1.2903
0.81303,1.2602
0.82947,1.23
0.84394,1.1999
0.8566,1.1697
0.86761,1.1396
0.87712,1.1094
0.88527,1.0793
0.8922,1.0491
0.89804,1.019
0.90291,0.98883
0.90691,0.95868
NaN,NaN
2.9978,2.9889
2.9692,2.9605
2.9407,2.9321
2.9123,2.9035
2.8839,2.8748
2.8555,2.8461
2.8271,2.8175
2.7987,2.7891
2.7701,2.7607
2.7414,2.7323
2.7129,2.7039
2.6844,2.6755
2.6561,2.647
2.6278,2.6183
2.5995,2.5897
2.5712,2.5612
2.5429,2.5329
2.5143,2.5046
2.4857,2.4763
2.4573,2.448
2.429,2.4197
2.4008,2.3911
2.3727,2.3626
2.3446,2.3341
2.3164,2.3059
2.2881,2.2777
2.2596,2.2496
2.2313,2.2215
2.2033,2.1933
2.1753,2.165
2.1475,2.1366
2.1196,2.1084
2.0918,2.0805
2.0635,2.0527
2.0354,2.0249
2.0078,1.9971
1.9805,1.9691
1.9533,1.9411
1.9261,1.9137
1.8982,1.8866
1.871,1.8597
1.8445,1.8323
1.8185,1.805
1.7922,1.7789
1.7653,1.7535
1.7363,1.7351
1.7062,1.7236
1.676,1.7119
1.6459,1.6998
1.6157,1.6874
1.5856,1.6745
1.5554,1.6612
1.5253,1.6474
1.4951,1.6331
1.465,1.6182
1.4348,1.6026
1.4047,1.5864
1.3745,1.5694
1.3444,1.5515
1.3142,1.5327
1.2841,1.5127
1.2539,1.4914
1.2238,1.4687
1.1936,1.4442
1.1635,1.4175
1.1334,1.3883
1.1053,1.3582
1.0801,1.328
1.0576,1.2979
1.0375,1.2677
1.0196,1.2376
1.0039,1.2074
0.99004,1.1773
0.97801,1.1471
0.9676,1.117
0.95865,1.0868
0.95103,1.0567
0.9446,1.0265
NaN,NaN
2.9982,1.3751
2.9746,1.4052
2.9489,1.4354
2.9208,1.4655
2.8906,1.4946
2.8605,1.5207
2.8303,1.544
2.8002,1.5646
2.77,1.5828
2.7399,1.5988
2.7097,1.6127
2.6796,1.6247
2.6494,1.6351
2.6193,1.6439
2.5891,1.6513
2.559,1.6576
2.5288,1.6627
2.4987,1.6669
2.4685,1.6703
2.4384,1.673
2.4082,1.6751
2.3781,1.6767
NaN,NaN
0.0025512,2.0687
0.032702,2.0558
0.062853,2.0426
0.093003,2.029
0.12315,2.0151
0.1533,2.0007
0.18346,1.9859
0.21361,1.9707
0.24376,1.9549
0.27391,1.9386
0.30406,1.9218
0.33421,1.9043
0.36436,1.8861
0.39451,1.8672
0.42466,1.8474
0.45481,1.8267
0.48496,1.8049
0.51511,1.782
0.54526,1.7578
0.57542,1.7321
0.60557,1.7047
0.63568,1.6753
0.66427,1.6452
0.69065,1.615
0.71494,1.5849
0.73724,1.5547
0.75767,1.5246
0.77634,1.4944
0.79335,1.4643
0.8088,1.4341
0.8228,1.404
0.83543,1.3738
0.84678,1.3437
0.85695,1.3135
NaN,NaN
0.0029893,2.5681
0.03314,2.5511
0.063291,2.5336
0.093442,2.5156
0.12359,2.4971
0.15374,2.4782
0.18389,2.4586
0.21404,2.4384
0.2442,2.4176
0.27435,2.396
0.3045,2.3737
0.33465,2.3506
0.3648,2.3265
0.39495,2.3014
0.4251,2.2752
0.45525,2.2478
0.4854,2.2191
0.51527,2.1891
0.5437,2.1589
0.5706,2.1288
0.59603,2.0986
0.62005,2.0685
0.6427,2.0383
0.66405,2.0082
0.68414,1.978
0.70303,1.9479
0.72075,1.9177
0.73737,1.8876
0.75293,1.8574
0.76747,1.8273
0.78104,1.7971
0.79368,1.767
0.80544,1.7368
0.81639,1.7066
0.82655,1.6765
0.83594,1.6463
0.8446,1.6162
0.85257,1.586
0.8599,1.5559
0.86661,1.5257
0.87274,1.4956
0.87833,1.4654
0.88341,1.4353
0.88801,1.4051
0.89216,1.375
0.89589,1.3448
0.89924,1.3147
0.90222,1.2845
0.90487,1.2544
0.90722,1.2242
0.90927,1.1941
0.91107,1.1639
0.91264,1.1338
NaN,NaN
2.9402,2.9824
2.9101,2.9731
2.8799,2.9638
2.8498,2.9543
2.8196,2.9448
2.7895,2.9351
2.7593,2.9253
2.7292,2.9154
2.699,2.9053
2.6689,2.8951
2.6387,2.8848
2.6086,2.8744
2.5784,2.8638
2.5483,2.8531
2.5181,2.8422
2.488,2.8312
2.4578,2.82
2.4277,2.8086
2.3975,2.7971
2.3674,2.7854
2.3372,2.7735
2.3071,2.7614
2.2769,2.7491
2.2468,2.7366
2.2166,2.7239
2.1865,2.711
2.1563,2.6978
2.1262,2.6844
2.096,2.6707
2.0659,2.6568
2.0357,2.6426
2.0056,2.6281
1.9754,2.6133
1.9453,2.5982
1.9151,2.5827
1.885,2.5669
1.8548,2.5507
1.8247,2.5341
1.7945,2.5171
1.7644,2.4997
1.7342,2.4817
1.7041,2.4633
1.6739,2.4443
1.6438,2.4248
1.6136,2.4046
1.5835,2.3838
1.5533,2.3622
1.5232,2.3399
1.493,2.3167
1.4629,2.2925
1.4327,2.2674
1.4026,2.241
1.3724,2.2135
1.3423,2.1845
1.3126,2.1544
1.2844,2.1242
1.2578,2.0941
1.2327,2.0639
1.209,2.0338
1.1867,2.0036
1.1657,1.9735
1.146,1.9433
1.1275,1.9132
1.1101,1.883
1.0939,1.8529
1.0787,1.8227
1.0645,1.7926
1.0513,1.7624
1.0391,1.7323
1.0276,1.7021
1.017,1.672
1.0073,1.6418
0.99823,1.6117
0.98992,1.5815
0.98229,1.5514
0.97531,1.5212
0.96893,1.4911
0.96311,1.4609
0.95783,1.4308
0.95306,1.4006
0.94875,1.3705
0.94487,1.3403
0.9414,1.3102
NaN,NaN
2.1165,2.1677
2.0863,2.1572
2.0562,2.1465
2.026,2.1356
1.9959,2.1245
1.9657,2.1131
1.9356,2.1015
1.9054,2.0896
1.8753,2.0775
1.8451,2.065
1.815,2.0523
1.7848,2.0392
1.7547,2.0258
1.7245,2.012
1.6944,1.9978
1.6642,1.9832
1.6341,1.9681
1.6039,1.9526
1.5738,1.9365
1.5436,1.9199
1.5135,1.9026
1.4833,1.8847
1.4532,1.866
1.423,1.8466
1.3928,1.8262
1.3627,1.8048
1.3325,1.7823
1.3024,1.7586
1.2722,1.7334
1.2421,1.7066
1.2119,1.6778
1.1827,1.6477
1.1556,1.6175
1.1307,1.5874
1.1079,1.5572
1.0869,1.5271
1.0678,1.4969
1.0503,1.4668
1.0345,1.4366
1.0201,1.4065
1.0071,1.3763
NaN,NaN
2.9977,1.7658
2.9675,1.7551
2.9374,1.7454
2.9072,1.7367
2.8771,1.7289
2.8469,1.7219
2.8168,1.7157
2.7866,1.7102
2.7565,1.7053
2.7263,1.7011
2.6962,1.6974
2.666,1.6942
NaN,NaN
2.5156,2.4108
2.511,2.3806
2.5063,2.3505
2.5014,2.3203
2.4964,2.2902
2.4911,2.26
2.4857,2.2299
2.48,2.1997
2.4741,2.1696
2.4678,2.1394
2.4613,2.1093
2.4544,2.0791
2.4471,2.049
2.4394,2.0188
2.4311,1.9887
2.4222,1.9585
2.4125,1.9284
2.402,1.8982
2.3902,1.8681
2.377,1.8379
2.3618,1.8078
2.3435,1.7776
2.3204,1.7475
2.2909,1.7197
NaN,NaN
2.8948,2.8223
2.8893,2.7922
2.8838,2.762
2.8781,2.7319
2.8723,2.7017
2.8664,2.6716
2.8604,2.6414
2.8542,2.6113
2.8478,2.5811
2.8413,2.551
2.8346,2.5208
2.8278,2.4907
2.8207,2.4605
2.8134,2.4304
2.806,2.4002
2.7982,2.3701
2.7902,2.3399
2.782,2.3098
2.7734,2.2796
2.7645,2.2495
2.7553,2.2193
2.7456,2.1892
2.7355,2.159
2.7249,2.1289
2.7138,2.0987
2.7021,2.0686
2.6896,2.0384
2.6763,2.0083
2.6621,1.9781
2.6468,1.948
2.6302,1.9178
2.6119,1.8877
2.5915,1.8575
2.5683,1.8274
2.5413,1.7972
2.5112,1.7694
2.481,1.7468
2.4509,1.7287
2.4207,1.7146
NaN,NaN
2.9991,2.159
2.9843,2.1289
2.9687,2.0987
2.9522,2.0686
2.9348,2.0384
2.9162,2.0083
2.8962,1.9781
2.8748,1.948
2.8514,1.9178
2.8258,1.8877
2.7972,1.8575
2.7671,1.8294
2.7369,1.8048
2.7068,1.7833
2.6766,1.7648
2.6465,1.7488
2.6163,1.7353
2.5862,1.7238
2.556,1.7142
NaN,NaN
0.0023193,2.2482
0.03247,2.2338
0.062621,2.2191
0.092772,2.2039
0.12292,2.1884
0.15307,2.1724
0.18322,2.1559
0.21337,2.1389
0.24353,2.1214
0.27368,2.1033
0.30383,2.0845
0.33398,2.065
0.36413,2.0447
0.39428,2.0237
0.42443,2.0016
0.45458,1.9786
0.48473,1.9544
0.51488,1.9289
0.54503,1.902
0.57518,1.8734
0.60486,1.8433
0.63266,1.8132
0.65858,1.783
0.6827,1.7529
0.70512,1.7227
0.7259,1.6926
0.74515,1.6624
NaN,NaN
0.38009,2.9973
0.40588,2.9672
0.43073,2.937
0.45467,2.9069
0.47771,2.8767
0.4999,2.8466
0.52123,2.8164
0.54175,2.7863
0.56146,2.7561
0.58039,2.726
0.59856,2.6958
0.61599,2.6657
0.63271,2.6355
0.64872,2.6054
0.66406,2.5752
0.67873,2.5451
0.69277,2.5149
0.70618,2.4848
0.71899,2.4546
0.73122,2.4245
0.74288,2.3943
0.75399,2.3642
0.76457,2.334
0.77464,2.3039
0.78421,2.2737
0.7933,2.2436
0.80192,2.2134
0.81011,2.1833
0.81787,2.1531
0.82522,2.123
0.83216,2.0928
0.83871,2.0627
0.84489,2.0325
0.85071,2.0024
0.85619,1.9722
0.86133,1.9421
0.86616,1.9119
0.87068,1.8818
0.87491,1.8516
0.87887,1.8215
0.88255,1.7913
0.88599,1.7612
0.88918,1.731
0.89214,1.7009
0.89489,1.6707
0.89742,1.6405
0.89976,1.6104
0.90191,1.5802
0.90389,1.5501
0.9057,1.5199
0.90735,1.4898
NaN,NaN
1.4895,2.9973
1.4623,2.9672
1.4361,2.937
1.4108,2.9069
1.3865,2.8767
1.3631,2.8466
1.3406,2.8164
1.319,2.7863
1.2982,2.7561
1.2782,2.726
1.2591,2.6958
1.2407,2.6657
1.223,2.6355
1.2061,2.6054
1.19,2.5752
1.1745,2.5451
1.1597,2.5149
1.1455,2.4848
1.132,2.4546
1.1191,2.4245
1.1068,2.3943
1.0951,2.3642
1.0839,2.334
1.0733,2.3039
1.0632,2.2737
1.0536,2.2436
1.0445,2.2134
1.0359,2.1833
1.0277,2.1531
1.02,2.123
1.0127,2.0928
1.0057,2.0627
0.99922,2.0325
0.99308,2.0024
0.98731,1.9722
0.98188,1.9421
0.97679,1.9119
0.97202,1.8818
0.96756,1.8516
0.96339,1.8215
0.9595,1.7913
0.95588,1.7612
0.95251,1.731
0.94938,1.7009
0.94649,1.6707
NaN,NaN
2.4107,2.4675
2.3805,2.4575
2.3504,2.4475
2.3202,2.4372
2.2901,2.4268
2.2599,2.4162
2.2298,2.4055
2.1996,2.3945
2.1695,2.3834
2.1393,2.372
2.1092,2.3605
2.079,2.3487
2.0489,2.3367
2.0187,2.3244
1.9886,2.3119
1.9584,2.2991
1.9283,2.286
1.8981,2.2727
1.868,2.259
1.8378,2.245
1.8077,2.2306
1.7775,2.2159
1.7474,2.2008
1.7172,2.1853
1.6871,2.1693
1.6569,2.1529
1.6267,2.1359
1.5966,2.1184
1.5664,2.1003
1.5363,2.0816
1.5061,2.0621
1.476,2.0419
1.4458,2.0209
1.4157,1.9989
1.3855,1.9759
1.3554,1.9518
1.3252,1.9264
1.2951,1.8995
1.2649,1.8709
1.2352,1.8409
1.2074,1.8107
1.1814,1.7806
1.1572,1.7504
1.1348,1.7203
1.114,1.6901
1.0947,1.66
1.0769,1.6298
1.0605,1.5997
NaN,NaN
0.0024353,2.9197
0.032586,2.8998
0.062737,2.8793
0.092888,2.8582
0.12304,2.8366
0.15319,2.8144
0.18334,2.7915
0.21349,2.7678
0.24364,2.7434
0.27379,2.7182
0.30394,2.6921
0.33409,2.665
0.36424,2.6368
0.3944,2.6076
0.42412,2.5774
0.45258,2.5473
0.47981,2.5171
0.50582,2.487
0.53067,2.4568
0.55438,2.4267
0.57699,2.3965
0.59853,2.3664
0.61904,2.3362
0.63856,2.3061
0.65711,2.2759
0.67473,2.2458
0.69145,2.2156
0.7073,2.1855
0.72231,2.1553
0.73651,2.1252
0.74993,2.095
0.7626,2.0649
0.77455,2.0347
0.7858,2.0046
0.79639,1.9744
0.80634,1.9443
0.81568,1.9141
NaN,NaN
0.71601,2.9976
0.72575,2.9674
0.73514,2.9373
0.74419,2.9071
0.75289,2.877
0.76127,2.8468
0.76933,2.8167
0.77708,2.7865
0.78453,2.7564
0.79168,2.7262
0.79855,2.6961
0.80513,2.6659
0.81146,2.6358
0.81752,2.6056
0.82332,2.5755
0.82888,2.5453
0.83419,2.5152
0.83927,2.485
0.84411,2.4549
0.84874,2.4247
0.85315,2.3945
0.85735,2.3644
0.86136,2.3342
0.86516,2.3041
0.86878,2.2739
0.87222,2.2438
0.87548,2.2136
0.87857,2.1835
NaN,NaN
1.1352,2.9976
1.1249,2.9674
1.115,2.9373
1.1054,2.9071
1.0963,2.877
1.0874,2.8468
1.0789,2.8167
1.0707,2.7865
1.0629,2.7564
1.0553,2.7262
1.0481,2.6961
1.0412,2.6659
1.0345,2.6358
1.0281,2.6056
1.022,2.5755
1.0161,2.5453
1.0105,2.5152
1.0052,2.485
1,2.4549
0.99516,2.4247
0.99051,2.3945
0.98608,2.3644
0.98186,2.3342
0.97784,2.3041
0.97402,2.2739
0.9704,2.2438
0.96696,2.2136
0.9637,2.1835
0.96061,2.1533
0.95769,2.1232
0.95493,2.093
0.95233,2.0629
NaN,NaN
1.9749,2.9983
1.9447,2.9804
1.9146,2.9621
1.8844,2.9433
1.8543,2.9242
1.8241,2.9045
1.794,2.8844
1.7638,2.8637
1.7337,2.8425
1.7035,2.8206
1.6734,2.7981
1.6432,2.775
1.6131,2.7511
1.5829,2.7264
1.5528,2.7008
1.5226,2.6744
1.4925,2.6469
1.4623,2.6183
1.4322,2.5886
1.4029,2.5585
1.375,2.5283
1.3482,2.4982
1.3227,2.468
1.2983,2.4378
1.275,2.4077
1.2529,2.3775
1.2317,2.3474
1.2117,2.3172
1.1925,2.2871
1.1744,2.2569
1.1572,2.2268
1.1408,2.1966
1.1253,2.1665
1.1107,2.1363
1.0968,2.1062
1.0837,2.076
1.0714,2.0459
1.0598,2.0157
NaN,NaN
2.4576,2.9993
2.4275,2.9871
2.3973,2.9746
2.3672,2.962
2.337,2.9492
2.3069,2.9362
2.2767,2.9229
2.2466,2.9094
2.2164,2.8957
2.1863,2.8818
2.1561,2.8676
2.126,2.8532
2.0958,2.8385
2.0657,2.8235
2.0355,2.8082
2.0054,2.7926
1.9752,2.7766
1.9451,2.7603
1.9149,2.7437
1.8848,2.7267
1.8546,2.7092
1.8245,2.6914
1.7943,2.673
1.7642,2.6542
1.734,2.6349
1.7039,2.6151
1.6737,2.5947
1.6436,2.5736
1.6134,2.5519
1.5833,2.5295
1.5531,2.5062
1.523,2.4822
1.4928,2.4572
1.4627,2.4312
1.4325,2.4041
1.4024,2.3758
1.3722,2.3462
1.3431,2.316
1.3153,2.2859
1.289,2.2557
1.264,2.2256
1.2402,2.1954
1.2178,2.1653
1.1965,2.1351
NaN,NaN
0.21995,0.12241
0.23684,0.23174
0.13242,0.1952
NaN,NaN
0.92703,0.81347
0.92555,0.9241
0.82864,0.87073
NaN,NaN
1.0979,0.12816
1.0583,0.23147
0.98582,0.14791
NaN,NaN
1.6703,1.5147
1.7147,1.616
1.6044,1.6076
NaN,NaN
1.6547,0.93303
1.6155,1.0365
1.5426,0.95322
NaN,NaN
1.7887,0.1334
1.7374,0.23147
1.675,0.14012
NaN,NaN
2.4789,0.14005
2.4165,0.23147
2.3652,0.13346
NaN,NaN
2.4317,0.83433
2.3661,0.92342
2.3184,0.82363
NaN,NaN
2.4451,1.5902
2.3377,1.6169
2.3647,1.5096
NaN,NaN
0.12798,0.97953
0.23147,1.0187
0.14823,1.0916
NaN,NaN
0.29742,1.6104
0.40793,1.6157
0.35121,1.7107
NaN,NaN
2.3334,2.4186
2.319,2.3089
2.4225,2.3478
NaN,NaN
0.27817,2.3253
0.38741,2.3078
0.35144,2.4124
NaN,NaN
1.0194,1.8383
1.0379,1.7293
1.1255,1.7969
NaN,NaN
1.6632,2.507
1.6166,2.4067
1.7271,2.4128
NaN,NaN
1.0521,2.4166
1.0749,2.3084
1.1597,2.3795
NaN,NaN
